"[U:1:75287881]"	"https://avatars.steamstatic.com/01a11df79d7dd6fb390c008a5657103efd717e1d_full.jpg"	"2026-09-05T21:27:34.469338+00:00"
"[U:1:827460236]"	"https://avatars.steamstatic.com/582f93d6f2338bec7a40b5201471115c1906bc79_full.jpg"	"2026-09-05T21:27:34.469338+00:00"
"[U:1:1061701332]"	"https://avatars.steamstatic.com/ffe408b228bb384e9e5e8045cfc114fd45f4016c_full.jpg"	"2026-09-05T21:27:34.469338+00:00"
"[U:1:9020808]"	"https://avatars.steamstatic.com/1ee582430d6610cac465d2f145d751752083d53d_full.jpg"	"2026-09-05T21:27:34.469338+00:00"
"[U:1:1041136941]"	"https://avatars.steamstatic.com/c22bc723d0ef6dfde5bf5be3d54755f4c417a70c_full.jpg"	"2026-09-05T21:27:34.469338+00:00"
"[U:1:19650679]"	"https://avatars.steamstatic.com/2d9d8629d4a52ecb990dbe551fae20aabb23c45b_full.jpg"	"2026-09-05T21:27:34.469338+00:00"
"[U:1:1533809475]"	"https://avatars.steamstatic.com/c30d90a87e4c7df111bcf205902b3bb58b5c313f_full.jpg"	"2026-09-05T21:27:34.469338+00:00"
"[U:1:1848310940]"	"https://avatars.steamstatic.com/abd13489da5d0590243f4cc00a3bba795e0b1326_full.jpg"	"2026-09-05T21:27:34.469338+00:00"
"[U:1:1256483774]"	"https://avatars.steamstatic.com/9195f71f242b1b661897f601d90ff0416373b740_full.jpg"	"2026-09-05T21:27:34.469338+00:00"
"[U:1:413924460]"	"https://avatars.steamstatic.com/8f9af17b44b0a91ec6373c29ffd2b31243ffc00a_full.jpg"	"2026-09-05T21:27:34.469338+00:00"
"[U:1:108034205]"	"https://avatars.steamstatic.com/cb7354b27212e52913ba6fd1e80ef8d08ad93f02_full.jpg"	"2026-09-05T21:27:34.469338+00:00"
"[U:1:253119711]"	"https://avatars.steamstatic.com/39a2b4982c9e557484aaa40d77684593ab718906_full.jpg"	"2026-09-05T21:27:34.469338+00:00"
"[U:1:85644148]"	"https://avatars.steamstatic.com/8fb750aabffe2c12e2ccb51a4052ff88c8b0a7b8_full.jpg"	"2026-09-05T21:27:34.469338+00:00"
"[U:1:123868297]"	"https://avatars.steamstatic.com/099d98b6db8c62971c020ad1a148879d4d5ea4b8_full.jpg"	"2026-09-05T21:27:34.469338+00:00"
"[U:1:158736628]"	"https://avatars.steamstatic.com/3627cac207fe6a6ab154ba817f244131cb22bbb8_full.jpg"	"2026-09-05T21:27:34.469338+00:00"
"[U:1:74697428]"	"https://avatars.steamstatic.com/ec48cb48218a84e568a9b995a412e4532a640c81_full.jpg"	"2026-09-05T21:27:34.469338+00:00"
"[U:1:1133905533]"	"https://avatars.steamstatic.com/b575ebe4e0c0ca8487f90c669c924c9fa051a414_full.jpg"	"2026-09-05T21:27:34.469338+00:00"
"[U:1:1066339387]"	"https://avatars.steamstatic.com/1d7819eb1ad14103d3da9a01204f17d19434e02a_full.jpg"	"2026-09-05T21:27:34.469338+00:00"
"[U:1:362951422]"	"https://avatars.steamstatic.com/cb01a687651690b2ccd9abac2ece17b63d398316_full.jpg"	"2026-09-05T21:27:34.469338+00:00"
"[U:1:874185116]"	"https://avatars.steamstatic.com/0bdd4247519e5f768843466dc53d5081cb811116_full.jpg"	"2026-09-05T21:27:34.469338+00:00"
"[U:1:78467590]"	"https://avatars.steamstatic.com/c04c56ec952d59eb18977cec277c034ca57cebd5_full.jpg"	"2026-09-05T21:27:34.469338+00:00"
"[U:1:880483529]"	"https://avatars.steamstatic.com/6a0fd441dbcaa86572b538a21e81c125968de326_full.jpg"	"2026-09-05T21:27:34.469338+00:00"
"[U:1:1506551318]"	"https://avatars.steamstatic.com/c102c76de459e0510874132622aa4e95f12b3671_full.jpg"	"2026-09-05T21:27:34.469338+00:00"
"[U:1:27919377]"	"https://avatars.steamstatic.com/85467dfea6c30cd2faf04360684f4456d1d3b7d6_full.jpg"	"2026-09-05T21:27:34.469338+00:00"
"[U:1:6708324]"	"https://avatars.steamstatic.com/a28c5891e30c5ddf64acc0a41d8313a8bfed7e1f_full.jpg"	"2026-09-05T21:27:34.469338+00:00"
"[U:1:15590735]"	"https://avatars.steamstatic.com/d2b627a4aa05ad5c7a915d6c67cac7fc274f350e_full.jpg"	"2026-09-05T21:27:34.469338+00:00"
"[U:1:1172817078]"	"https://avatars.steamstatic.com/3f56d86c61cc4940ae0ea726adc1665feecf0ce9_full.jpg"	"2026-09-05T21:27:34.469338+00:00"
"[U:1:72151879]"	"https://avatars.steamstatic.com/fef49e7fa7e1997310d705b2a6158ff8dc1cdfeb_full.jpg"	"2026-09-05T21:27:34.469338+00:00"
"[U:1:1014303981]"	"https://avatars.steamstatic.com/5ea6c6568eb7c4f8468c1f4d5da06e1653d90057_full.jpg"	"2026-09-05T21:27:34.469338+00:00"
"[U:1:261932936]"	"https://avatars.steamstatic.com/5d8c1ff56d4fdc682020913259d1d11481bebdd8_full.jpg"	"2026-09-05T21:27:34.469338+00:00"
"[U:1:310804714]"	"https://avatars.steamstatic.com/65d4136d9e12fed5082b17363d9758c95f3a4855_full.jpg"	"2026-09-05T21:27:34.469338+00:00"
"[U:1:1689977249]"	"https://avatars.steamstatic.com/d941178ef72bb4f4ac6056d89c8dab3a64713f0a_full.jpg"	"2026-09-05T21:27:34.469338+00:00"
"[U:1:39215239]"	"https://avatars.steamstatic.com/7a0225ec686cdf5a6bac2b39e7ffc09bf752882f_full.jpg"	"2026-09-05T21:27:34.469338+00:00"
"[U:1:160717156]"	"https://avatars.steamstatic.com/6a3b523f81f05d1bd9686b6fae4ee6525e724d31_full.jpg"	"2026-09-05T21:27:34.469338+00:00"
"[U:1:12749247]"	"https://avatars.steamstatic.com/0226999d9eca97afeb04d81a543049f00e83277a_full.jpg"	"2026-09-05T21:27:34.469338+00:00"
"[U:1:1257659379]"	"https://avatars.steamstatic.com/ae3b475531d3d31151b5b0c6484cbf6af466e874_full.jpg"	"2026-09-05T21:27:34.469338+00:00"
"[U:1:393643632]"	"https://avatars.steamstatic.com/03f853dc9758502dc9caca01ee6e11c857e50405_full.jpg"	"2026-09-05T21:27:34.469338+00:00"
"[U:1:32806778]"	"https://avatars.steamstatic.com/565da40e8e718a857fd0013755b2eea8e40f4a4b_full.jpg"	"2026-09-05T21:27:34.469338+00:00"
"[U:1:63332641]"	"https://avatars.steamstatic.com/2ca5205d45ff1720d7e9fc79dfdd3defb0434025_full.jpg"	"2026-09-05T21:27:34.469338+00:00"
"[U:1:1142887255]"	"https://avatars.steamstatic.com/808456fccd2793d7274494f0e145eeb4a47b9955_full.jpg"	"2026-09-05T21:27:34.469338+00:00"
"[U:1:1603567691]"	"https://avatars.steamstatic.com/098c149b74b6979565298898fd2d65077f21c8bb_full.jpg"	"2026-09-05T21:27:34.469338+00:00"
"[U:1:1046562390]"	"https://avatars.steamstatic.com/d411eab6fb2ebce729b4d1654f797c9917b9806d_full.jpg"	"2026-09-05T21:27:34.469338+00:00"
"[U:1:197741749]"	"https://avatars.steamstatic.com/77f171b6098c96093235f5ef2c98491d516fadb0_full.jpg"	"2026-09-05T21:27:34.469338+00:00"
"[U:1:888389789]"	"https://avatars.steamstatic.com/fef49e7fa7e1997310d705b2a6158ff8dc1cdfeb_full.jpg"	"2026-09-05T21:27:34.469338+00:00"
"[U:1:87914646]"	"https://avatars.steamstatic.com/0e96fd1da4c91017a7c1de980d6361b139e6831d_full.jpg"	"2026-09-05T21:27:34.469338+00:00"
"[U:1:473079693]"	"https://avatars.steamstatic.com/cc57ccacfbe147d9fbb88da39d0df5ad4e5efda3_full.jpg"	"2026-09-05T21:27:34.469338+00:00"
"[U:1:800463271]"	"https://avatars.steamstatic.com/f2b7bb38ce2f5055efcd4f0294051263792523f5_full.jpg"	"2026-09-05T21:27:34.469338+00:00"
"[U:1:898017104]"	"https://avatars.steamstatic.com/a521352ec938d97a89f4b9655f75924d3cea6344_full.jpg"	"2026-09-05T21:27:34.469338+00:00"
"[U:1:114432875]"	"https://avatars.steamstatic.com/f3343c1648fbb8b8048a76b8b6c66a8f34134bc3_full.jpg"	"2026-09-05T21:27:34.469338+00:00"
"[U:1:123890918]"	"https://avatars.steamstatic.com/2f1e0027fbe71180d9d6914e1c7d2512538b9a0d_full.jpg"	"2026-09-05T21:27:34.469338+00:00"
"[U:1:30217809]"	"https://avatars.steamstatic.com/44900c5a0ab28136cf4b82a41f99610271699773_full.jpg"	"2026-09-05T21:27:34.469338+00:00"
"[U:1:1916318609]"	"https://avatars.steamstatic.com/bd0204e0f56bdfd75205ddaa3832612d4df93501_full.jpg"	"2026-09-05T21:27:34.469338+00:00"
"[U:1:102466507]"	"https://avatars.steamstatic.com/f5cb2da4038d760d3156c7b8b7bd22c5627083ec_full.jpg"	"2026-09-05T21:27:34.469338+00:00"
"[U:1:1056895831]"	"https://avatars.steamstatic.com/e1bb71224661d39c741bc621fe3d4ccb3a353b5c_full.jpg"	"2026-09-05T21:27:34.469338+00:00"
"[U:1:285025170]"	"https://avatars.steamstatic.com/90e2d499534346945eea2fc27b1780954a1447d0_full.jpg"	"2026-09-05T21:27:34.469338+00:00"
"[U:1:90622245]"	"https://avatars.steamstatic.com/7cec7f5a72cbb90b8e33892f98b710ce9409bf12_full.jpg"	"2026-09-05T21:27:34.469338+00:00"
"[U:1:173447111]"	"https://avatars.steamstatic.com/f6d5c079b44df527c4c42a1cc7d42d83ed9cd8bb_full.jpg"	"2026-09-05T21:27:34.469338+00:00"
"[U:1:1511176553]"	"https://avatars.steamstatic.com/7c3bdb92e3a42504138fba866c07f2e63a88e81d_full.jpg"	"2026-09-05T21:27:34.469338+00:00"
"[U:1:32434086]"	"https://avatars.steamstatic.com/fef49e7fa7e1997310d705b2a6158ff8dc1cdfeb_full.jpg"	"2026-09-05T21:27:34.469338+00:00"
"[U:1:1508316715]"	"https://avatars.steamstatic.com/1e4fc60f8a723095b911c9267e39407fdeaf3133_full.jpg"	"2026-09-05T21:27:34.469338+00:00"
"[U:1:14814913]"	"https://avatars.steamstatic.com/8707319fd87ef78f9c3166d44d5a928d72230415_full.jpg"	"2026-09-05T21:27:34.469338+00:00"
"[U:1:51252679]"	"https://avatars.steamstatic.com/32b559e0018fd8cae62f4f3e6e26de2db9195531_full.jpg"	"2026-09-05T21:27:34.469338+00:00"
"[U:1:181972397]"	"https://avatars.steamstatic.com/849c3eef30dfdc61d8f553dccf99eaef2ea21a69_full.jpg"	"2026-09-05T21:27:34.469338+00:00"
"[U:1:1159359481]"	"https://avatars.steamstatic.com/905e79443be93e55772b518e8f81fde1d9b3fcb0_full.jpg"	"2026-09-05T21:27:34.469338+00:00"
"[U:1:1827198914]"	"https://avatars.steamstatic.com/9130744dcfd7cc3f3fc4cfff50145aff87355b11_full.jpg"	"2026-09-05T21:27:34.469338+00:00"
"[U:1:1258338325]"	"https://avatars.steamstatic.com/06dac346474a62dd7e4915690c4151be7ff0f69a_full.jpg"	"2026-09-05T21:27:34.469338+00:00"
"[U:1:1072584187]"	"https://avatars.steamstatic.com/d473fddc38f6d7914b2ca7bef51a91ce49db8afd_full.jpg"	"2026-09-05T21:27:34.469338+00:00"
"[U:1:219551170]"	"https://avatars.steamstatic.com/0b33ec18ba7dc814a5e0306549f848dd1928e31f_full.jpg"	"2026-09-05T21:27:34.469338+00:00"
"[U:1:1629234122]"	"https://avatars.steamstatic.com/75d0b82ef8703aa16a54ba652f593523b4e9e949_full.jpg"	"2026-09-05T21:27:34.469338+00:00"
"[U:1:127200493]"	"https://avatars.steamstatic.com/fef49e7fa7e1997310d705b2a6158ff8dc1cdfeb_full.jpg"	"2026-09-05T21:27:34.469338+00:00"
"[U:1:13539906]"	"https://avatars.steamstatic.com/8d7e4b703cdd0b740777834677a77ff167f048d9_full.jpg"	"2026-09-05T21:27:34.469338+00:00"
"[U:1:395617437]"	"https://avatars.steamstatic.com/ccad5eca3d5d6173f960b3e4f110166f0cb111f6_full.jpg"	"2026-09-05T21:27:34.469338+00:00"
"[U:1:240857342]"	"https://avatars.steamstatic.com/8d779822fb10e8a94bc70eb58f2ba05fd4616024_full.jpg"	"2026-09-05T21:27:34.469338+00:00"
"[U:1:838815853]"	"https://avatars.steamstatic.com/9ac24eb3fc429097ed1e3d0a232a52f38dd553b8_full.jpg"	"2026-09-05T21:27:34.469338+00:00"
"[U:1:1237389340]"	"https://avatars.steamstatic.com/6ddf9a51f81e5c4e5c3b707ca0fbc4ea3918d092_full.jpg"	"2026-09-05T21:27:34.469338+00:00"
"[U:1:170180194]"	"https://avatars.steamstatic.com/f54136630a0871f95e9ed7dc3ec01aad94bc146b_full.jpg"	"2026-09-05T21:27:34.469338+00:00"
"[U:1:297130533]"	"https://avatars.steamstatic.com/e52d41c663400f819d7af387c4e77adb25f5fee9_full.jpg"	"2026-09-05T21:27:34.469338+00:00"
"[U:1:218194369]"	"https://avatars.steamstatic.com/b8380d9fc7c7a35b3f9253d83d817c70ef093807_full.jpg"	"2026-09-05T21:27:34.469338+00:00"
"[U:1:897120056]"	"https://avatars.steamstatic.com/ee402b6b7f93aa8908ea4889928b772b6c20cbb7_full.jpg"	"2026-09-05T21:27:34.469338+00:00"
"[U:1:159039167]"	"https://avatars.steamstatic.com/85ee384bec86399cc79728cbde046516fa704b23_full.jpg"	"2026-09-05T21:27:34.469338+00:00"
"[U:1:30678084]"	"https://avatars.steamstatic.com/1021ec3d52a7f82d73d7c499ec56cfa57390a6d4_full.jpg"	"2026-09-05T21:27:34.469338+00:00"
"[U:1:115905447]"	"https://avatars.steamstatic.com/5e29a3e28e0f98244a1cd616091e1fa45f9eaece_full.jpg"	"2026-09-05T21:27:34.469338+00:00"
"[U:1:160137060]"	"https://avatars.steamstatic.com/db87f8804ea4367581164f7bacc3a1c0e9bf93e9_full.jpg"	"2026-09-05T21:27:34.469338+00:00"
"[U:1:106883251]"	"https://avatars.steamstatic.com/08b148558265cbcaf07fe59daac159aa60a8ee0d_full.jpg"	"2026-09-05T21:27:34.469338+00:00"
"[U:1:385936070]"	"https://avatars.steamstatic.com/66abc977bcb9710c7ed90fee3b422a39f23d45b1_full.jpg"	"2026-09-05T21:27:34.469338+00:00"
"[U:1:1593756520]"	"https://avatars.steamstatic.com/dff01bd2b345620a73c6e1cb181179cddccba995_full.jpg"	"2026-09-05T21:27:34.469338+00:00"
"[U:1:201493708]"	"https://avatars.steamstatic.com/231a2c54eaa17a685432b79a68147b65549e3b50_full.jpg"	"2026-09-05T21:27:34.469338+00:00"
"[U:1:14697473]"	"https://avatars.steamstatic.com/fef49e7fa7e1997310d705b2a6158ff8dc1cdfeb_full.jpg"	"2026-09-05T21:27:34.469338+00:00"
"[U:1:1122718539]"	"https://avatars.steamstatic.com/df565ae2d08b0b4eeb942754b8f1fbfb749f841a_full.jpg"	"2026-09-05T21:27:34.469338+00:00"
"[U:1:302156381]"	"https://avatars.steamstatic.com/4d5f2ed0887b5033214260bffa45509049aa8ca5_full.jpg"	"2026-09-05T21:27:34.469338+00:00"
"[U:1:1612831268]"	"https://avatars.steamstatic.com/05f10dc521cc9f08bb48f0921deb676e1e3f3441_full.jpg"	"2026-09-05T21:27:34.469338+00:00"
"[U:1:1297704481]"	"https://avatars.steamstatic.com/ca6a75c5d00cd54c86e27cd4d8e2aa58537e5f45_full.jpg"	"2026-09-05T21:27:34.469338+00:00"
"[U:1:113033815]"	"https://avatars.steamstatic.com/4295101610c9a2b938d2980af38aef038fa52ed2_full.jpg"	"2026-09-05T21:27:34.469338+00:00"
"[U:1:80143520]"	"https://avatars.steamstatic.com/b7171e74ad7dcbade3e036e358a2058aa88bb998_full.jpg"	"2026-09-05T21:27:34.469338+00:00"
"[U:1:13030786]"	"https://avatars.steamstatic.com/b9fd72c3203455b5cafa9740d26f3e98f3bd9e22_full.jpg"	"2026-09-05T21:27:34.469338+00:00"
"[U:1:1131843526]"	"https://avatars.steamstatic.com/4e89f1357b9ef527b43a5fabdfa6a90da1525ea0_full.jpg"	"2026-09-05T21:27:34.469338+00:00"
"[U:1:1281758307]"	"https://avatars.steamstatic.com/bc6073845dd23f3b9a46b7b2b2ef81f006ebd8d7_full.jpg"	"2026-09-05T21:27:34.469338+00:00"
"[U:1:34494527]"	"https://avatars.steamstatic.com/460f9c2f2c89ec23e1c2f7614bd48922fe8bb290_full.jpg"	"2026-09-05T21:27:34.469338+00:00"
"[U:1:406865829]"	"https://avatars.steamstatic.com/ddf33ed920c5f74849bf1f4137fc803b3d27a0ab_full.jpg"	"2026-09-05T21:27:34.469338+00:00"
"[U:1:38457846]"	"https://avatars.steamstatic.com/3dd6f94e7c9830f8e522b42d621661588a6ff081_full.jpg"	"2026-09-05T21:27:34.469338+00:00"
"[U:1:83847990]"	"https://avatars.steamstatic.com/d8ebede431682097c76492df1c2209b552c8f61b_full.jpg"	"2026-09-05T21:27:34.469338+00:00"
"[U:1:285303548]"	"https://avatars.steamstatic.com/03dd26f1d3867632196a58d93e53f9bccb499cb7_full.jpg"	"2026-09-05T21:27:34.469338+00:00"
"[U:1:964236729]"	"https://avatars.steamstatic.com/59772719b6e649cf498f15c130ac32a44a6efdd4_full.jpg"	"2026-09-05T21:27:34.469338+00:00"
"[U:1:136998341]"	"https://avatars.steamstatic.com/0f64fb2cb5fbe0815000ce09cc84a18a29e7b45e_full.jpg"	"2026-09-05T21:27:34.469338+00:00"
"[U:1:242007126]"	"https://avatars.steamstatic.com/44c5680ad83e7322c0da47e3dc1e248686149ca5_full.jpg"	"2026-09-05T21:27:34.469338+00:00"
"[U:1:258008180]"	"https://avatars.steamstatic.com/2e345b059591e1cf9abd2973850fc1bacc2250e8_full.jpg"	"2026-09-05T21:27:34.469338+00:00"
"[U:1:152314912]"	"https://avatars.steamstatic.com/ba195fcaf30a38efa06ca83bccaacb3c90170d05_full.jpg"	"2026-09-05T21:27:34.469338+00:00"
"[U:1:74313055]"	"https://avatars.steamstatic.com/24555cb596fe0fc99c0a6f3b81ad9dbfc1affcf4_full.jpg"	"2026-09-05T21:27:34.469338+00:00"
"[U:1:69086124]"	"https://avatars.steamstatic.com/d5be48a881c40fbd53ac14628ef09876ee2775b1_full.jpg"	"2026-09-05T21:27:34.469338+00:00"
"[U:1:759736902]"	"https://avatars.steamstatic.com/d8915fa20d45d48e62194214db57044256a8d334_full.jpg"	"2026-09-05T21:27:34.469338+00:00"
"[U:1:1267597677]"	"https://avatars.steamstatic.com/a9a253fd7efbae5e36a6f8582059aa439fa2bd6d_full.jpg"	"2026-09-05T21:27:34.469338+00:00"
"[U:1:886002361]"	"https://avatars.steamstatic.com/9996869838fc051e40bd26225c50d1a9f353797c_full.jpg"	"2026-09-05T21:27:34.469338+00:00"
"[U:1:1588071614]"	"https://avatars.steamstatic.com/38d95898f5d0bf05c49414144eef7fe62dd1ab93_full.jpg"	"2026-09-05T21:27:34.469338+00:00"
"[U:1:908287723]"	"https://avatars.steamstatic.com/f028bd5f3bb4d7d51f074ae27508548ad5273e2e_full.jpg"	"2026-09-05T21:27:34.469338+00:00"
"[U:1:402208515]"	"https://avatars.steamstatic.com/f2692a273dcc0e42b0dce179686fe65dc4525704_full.jpg"	"2026-09-05T21:27:34.469338+00:00"
"[U:1:1646558315]"	"https://avatars.steamstatic.com/2e1609aed5875fa6fe4c91b94919420f3ea11516_full.jpg"	"2026-09-05T21:27:34.469338+00:00"
"[U:1:160293815]"	"https://avatars.steamstatic.com/6ec45c0b084cb00ea05ce78126edf63a2b189ab1_full.jpg"	"2026-09-05T21:27:34.469338+00:00"
"[U:1:1876526333]"	"https://avatars.steamstatic.com/bdaefa5773c9d7b91b36258e347dce65b44c9758_full.jpg"	"2026-09-05T21:27:34.469338+00:00"
"[U:1:76839562]"	"https://avatars.steamstatic.com/cb0a6ba09b195c1df8e95958b144ef2937fa019a_full.jpg"	"2026-09-05T21:27:34.469338+00:00"
"[U:1:1816821736]"	"https://avatars.steamstatic.com/33528f8f87074bd8229e07fcc73952ad26fbc525_full.jpg"	"2026-09-05T21:27:34.469338+00:00"
"[U:1:441786317]"	"https://avatars.steamstatic.com/f94f7480347c335f3411e02eaf5b147f0d0efad9_full.jpg"	"2026-09-05T21:27:34.469338+00:00"
"[U:1:259951447]"	"https://avatars.steamstatic.com/50bd62a11e7c8aff401402d6a2872ed3e5c74142_full.jpg"	"2026-09-05T21:27:34.469338+00:00"
"[U:1:93035783]"	"https://avatars.steamstatic.com/eeef33413f1fcbb3c3a9c5153665a0e6c9369d7f_full.jpg"	"2026-09-05T21:27:34.469338+00:00"
"[U:1:1631464307]"	"https://avatars.steamstatic.com/cc8ada8dbb91f0dc0d4a13b4b00994ed529dbf48_full.jpg"	"2026-09-05T21:27:34.469338+00:00"
"[U:1:108643776]"	"https://avatars.steamstatic.com/c172316b81bd4d282bd909c01ca07ff8002f2f10_full.jpg"	"2026-09-05T21:27:34.469338+00:00"
"[U:1:998456249]"	"https://avatars.steamstatic.com/806bd2802f54f37ed62946b076153b2118c545bb_full.jpg"	"2026-09-05T21:27:34.469338+00:00"
"[U:1:120903469]"	"https://avatars.steamstatic.com/7de2921c8ba9bbf6e2e7d4ff1c10d6e2895c9d78_full.jpg"	"2026-09-05T21:27:34.469338+00:00"
"[U:1:1409528525]"	"https://avatars.steamstatic.com/fef49e7fa7e1997310d705b2a6158ff8dc1cdfeb_full.jpg"	"2026-09-05T21:27:34.469338+00:00"
"[U:1:32255764]"	"https://avatars.steamstatic.com/ff72daa915e0a7cb31c64cbe847870f47ad91706_full.jpg"	"2026-09-05T21:27:34.469338+00:00"
"[U:1:129541472]"	"https://avatars.steamstatic.com/243ce993b818d559642876eefe788b3fdfe1cb63_full.jpg"	"2026-09-05T21:27:34.469338+00:00"
"[U:1:76689960]"	"https://avatars.steamstatic.com/ae0b3a819a0d8a3eba330af4318742cae4710dab_full.jpg"	"2026-09-05T21:27:34.469338+00:00"
"[U:1:35347333]"	"https://avatars.steamstatic.com/acc89e9f82d6081e348e89cdd440b3bcf3fa3502_full.jpg"	"2026-09-05T21:27:34.469338+00:00"
"[U:1:376772012]"	"https://avatars.steamstatic.com/917d4ce3dcb63e1dda9ebb2f0290a75279be47e0_full.jpg"	"2026-09-05T21:27:34.469338+00:00"
"[U:1:184736083]"	"https://avatars.steamstatic.com/1437c87120685d1056d1d93a0b1190a91870f27c_full.jpg"	"2026-09-05T21:27:34.469338+00:00"
"[U:1:926561315]"	"https://avatars.steamstatic.com/9cc5c77d13af4362f4442f6e826456a55432bff8_full.jpg"	"2026-09-05T21:27:34.469338+00:00"
"[U:1:216713235]"	"https://avatars.steamstatic.com/abf1b3ee39ce3cd5ba3adaa70481b508d47b6fb5_full.jpg"	"2026-09-05T21:27:34.469338+00:00"
"[U:1:1138942543]"	"https://avatars.steamstatic.com/360236e555049f204b12d3a8685a3b9b9764ebfe_full.jpg"	"2026-09-05T21:27:34.469338+00:00"
"[U:1:51507284]"	"https://avatars.steamstatic.com/4f98718fd79d0306635e6147ddb71416a7030ea4_full.jpg"	"2026-09-05T21:27:34.469338+00:00"
"[U:1:379851704]"	"https://avatars.steamstatic.com/588d433f43fc949b7b906fc7c1c187cd5a92e1cf_full.jpg"	"2026-09-05T21:27:34.469338+00:00"
"[U:1:477477500]"	"https://avatars.steamstatic.com/dbcc592e407f736bde04a609fe5cd49c0f03a7b1_full.jpg"	"2026-09-05T21:27:34.469338+00:00"
"[U:1:949374335]"	"https://avatars.steamstatic.com/6258430b0e8a74011ceed5b57469b851fec00bd6_full.jpg"	"2026-09-05T21:27:34.469338+00:00"
"[U:1:154601928]"	"https://avatars.steamstatic.com/6f6e3209b114fcb9c99cd38d278664912e57e8e5_full.jpg"	"2026-09-05T21:27:34.469338+00:00"
"[U:1:1214307927]"	"https://avatars.steamstatic.com/fef49e7fa7e1997310d705b2a6158ff8dc1cdfeb_full.jpg"	"2026-09-05T21:27:34.469338+00:00"
"[U:1:293536279]"	"https://avatars.steamstatic.com/bcb9f8bee83d131d87442c9daf5198c63d6a4a4b_full.jpg"	"2026-09-05T21:27:34.469338+00:00"
"[U:1:136061882]"	"https://avatars.steamstatic.com/72e0df623fa04b3ab35aea2f3ea33f6e4edf0137_full.jpg"	"2026-09-05T21:27:34.469338+00:00"
"[U:1:205581533]"	"https://avatars.steamstatic.com/d189956dd0463becab3c885208e352f18a9a2529_full.jpg"	"2026-09-05T21:27:34.469338+00:00"
"[U:1:191801905]"	"https://avatars.steamstatic.com/aca215965c441281d79266f1a034be0188ece10d_full.jpg"	"2026-09-05T21:27:34.469338+00:00"
"[U:1:81178345]"	"https://avatars.steamstatic.com/6144c5e710a69ec7316ea9bed5c304a26ab9a513_full.jpg"	"2026-09-05T21:27:34.469338+00:00"
"[U:1:1335743]"	"https://avatars.steamstatic.com/080e119ebaf042c5b5288738e34653819c89388d_full.jpg"	"2026-09-05T21:27:34.469338+00:00"
"[U:1:37066021]"	"https://avatars.steamstatic.com/4ab31527dfd87f7f23032381cf8d4ee50d215261_full.jpg"	"2026-09-05T21:27:34.469338+00:00"
"[U:1:1851717952]"	"https://avatars.steamstatic.com/ce3890de9ab660567d9f8831f9405c1b897c5b19_full.jpg"	"2026-09-05T21:27:34.469338+00:00"
"[U:1:107983784]"	"https://avatars.steamstatic.com/e9da16e280e2f59f7e758d6fff92f0526fd242a3_full.jpg"	"2026-09-05T21:27:34.469338+00:00"
"[U:1:34263246]"	"https://avatars.steamstatic.com/a69a4041b858573ec83f32fb4c5b3e9a1a2a606c_full.jpg"	"2026-09-05T21:27:34.469338+00:00"
"[U:1:45245847]"	"https://avatars.steamstatic.com/f84a44b53b3da6606e7932c9164e76f291e9fae5_full.jpg"	"2026-09-05T21:27:34.469338+00:00"
"[U:1:1302534901]"	"https://avatars.steamstatic.com/577f9edc866163ad49c14e72267cc08ac2859a09_full.jpg"	"2026-09-05T21:27:34.469338+00:00"
"[U:1:160733189]"	"https://avatars.steamstatic.com/a627d3c0e9fe310d6ce9538c3594376522acbb00_full.jpg"	"2026-09-05T21:27:34.469338+00:00"
"[U:1:107351905]"	"https://avatars.steamstatic.com/9f49385d5d4125df2f5227afc0dd57f64505d2df_full.jpg"	"2026-09-05T21:27:34.469338+00:00"
"[U:1:1299654311]"	"https://avatars.steamstatic.com/0cde26ec8e2accd56726129b0fc1071ee41587b2_full.jpg"	"2026-09-05T21:27:34.469338+00:00"
"[U:1:188766896]"	"https://avatars.steamstatic.com/b0efd4cab6f2119e59730b4c1be69e261f3747cd_full.jpg"	"2026-09-05T21:27:34.469338+00:00"
"[U:1:1045454592]"	"https://avatars.steamstatic.com/17c48508743af5ac5dee1de2fb8b9a5039a0e73f_full.jpg"	"2026-09-05T21:27:34.469338+00:00"
"[U:1:103918617]"	"https://avatars.steamstatic.com/fef49e7fa7e1997310d705b2a6158ff8dc1cdfeb_full.jpg"	"2026-09-05T21:27:34.469338+00:00"
"[U:1:1094377444]"	"https://avatars.steamstatic.com/2b22edef7615cb037d9bdbfc5deb45146fc391ce_full.jpg"	"2026-09-05T21:27:34.469338+00:00"
"[U:1:131504504]"	"https://avatars.steamstatic.com/f3c5fe61f327361f59676ebecc11c727f602885f_full.jpg"	"2026-09-05T21:27:34.469338+00:00"
"[U:1:292198608]"	"https://avatars.steamstatic.com/5b9b272c4b379152fbf5fbcb40a549086381f649_full.jpg"	"2026-09-05T21:27:34.469338+00:00"
"[U:1:1119492464]"	"https://avatars.steamstatic.com/dc66906b3f1dee6d26463afb2fc8bcadb6078d03_full.jpg"	"2026-09-05T21:27:34.469338+00:00"
"[U:1:393332119]"	"https://avatars.steamstatic.com/202d735899fa54d2ab11f084cf0010d00d6b83a8_full.jpg"	"2026-09-05T21:27:34.469338+00:00"
"[U:1:1444620365]"	"https://avatars.steamstatic.com/f88e503ed83ee2dce47e06f25d27583f8e214dc9_full.jpg"	"2026-09-05T21:27:34.469338+00:00"
"[U:1:58701791]"	"https://avatars.steamstatic.com/def3801429db183c269c7e513ca474227a915a05_full.jpg"	"2026-09-05T21:27:34.469338+00:00"
"[U:1:358667169]"	"https://avatars.steamstatic.com/a6c453769e979168dba4699fc5f8226410963bf1_full.jpg"	"2026-09-05T21:27:34.469338+00:00"
"[U:1:140216272]"	"https://avatars.steamstatic.com/8c0561a50e58f052f696fc9d08823ec4229bdf0e_full.jpg"	"2026-09-05T21:27:34.469338+00:00"
"[U:1:82110081]"	"https://avatars.steamstatic.com/6110aa72f56dfb8dfb7b6caabc540404f89a611b_full.jpg"	"2026-09-05T21:27:34.469338+00:00"
"[U:1:1055547717]"	"https://avatars.steamstatic.com/c752cd075eee6f5fcc097c47494dbcb3f1762c1f_full.jpg"	"2026-09-05T21:27:34.469338+00:00"
"[U:1:1106879354]"	"https://avatars.steamstatic.com/0a8569633ceb618efde32a5ae86b2c2c151e4491_full.jpg"	"2026-09-05T21:27:34.469338+00:00"
"[U:1:334187620]"	"https://avatars.steamstatic.com/6ed6f34a90d31a0c4fb68e5c4f5792411be30385_full.jpg"	"2026-09-05T21:27:34.469338+00:00"
"[U:1:18392322]"	"https://avatars.steamstatic.com/0227a240393e6d62f539ee7b306dd048b0830eeb_full.jpg"	"2026-09-05T21:27:34.469338+00:00"
"[U:1:136250001]"	"https://avatars.steamstatic.com/d138a752910171d6a9d195333053aeaf7ee41b9d_full.jpg"	"2026-09-05T21:27:34.469338+00:00"
"[U:1:11158188]"	"https://avatars.steamstatic.com/1c8caf8971c57777c963a2ca18917a1d2af31235_full.jpg"	"2026-09-05T21:27:34.469338+00:00"
"[U:1:399071799]"	"https://avatars.steamstatic.com/5f0c98f02cf78cd53a0a2c653c3890616241bd49_full.jpg"	"2026-09-05T21:27:34.469338+00:00"
"[U:1:47108830]"	"https://avatars.steamstatic.com/b7b66f82d29b9f49d370b48fb08396632395fac8_full.jpg"	"2026-09-05T21:27:34.469338+00:00"
"[U:1:360583562]"	"https://avatars.steamstatic.com/3159fa9cb45872d01d1f16bc5cc71434a6ae5ad2_full.jpg"	"2026-09-05T21:27:34.469338+00:00"
"[U:1:26213964]"	"https://avatars.steamstatic.com/4a740426ce9452519a554eebba7ece8753770aad_full.jpg"	"2026-09-05T21:27:34.469338+00:00"
"[U:1:394171317]"	"https://avatars.steamstatic.com/a6328b26c085e2552460801795b6960efc62615e_full.jpg"	"2026-09-05T21:27:34.469338+00:00"
"[U:1:177737771]"	"https://avatars.steamstatic.com/553af065d46f7bb461a7af7420b33d29a4b0e2f5_full.jpg"	"2026-09-05T21:27:34.469338+00:00"
"[U:1:385034237]"	"https://avatars.steamstatic.com/75de3f3464ce507146a1c14db64458439b7b90ea_full.jpg"	"2026-09-05T21:27:34.469338+00:00"
"[U:1:1419159881]"	"https://avatars.steamstatic.com/ce33fdfa6a267c8c8bb7abd967660f6bdc2eb559_full.jpg"	"2026-09-05T21:27:34.469338+00:00"
"[U:1:66960437]"	"https://avatars.steamstatic.com/659007f5e43146783b6d3cb4893ee1fcb495721b_full.jpg"	"2026-09-05T21:27:34.469338+00:00"
"[U:1:129696766]"	"https://avatars.steamstatic.com/b81ede988815104ea38c2c10753f4909944c4157_full.jpg"	"2026-09-05T21:27:34.469338+00:00"
"[U:1:86772174]"	"https://avatars.steamstatic.com/256497010366367fca607746bb4e545a65fef522_full.jpg"	"2026-09-05T21:27:34.469338+00:00"
"[U:1:121138800]"	"https://avatars.steamstatic.com/58eb0aa584eaf9d94ad513d443a3ee4e9a80fca5_full.jpg"	"2026-09-05T21:27:34.469338+00:00"
"[U:1:799824587]"	"https://avatars.steamstatic.com/3e3ac1dfdd6d263fe0b9fe43f9d3bbdf8d63e488_full.jpg"	"2026-09-05T21:27:34.469338+00:00"
"[U:1:125956749]"	"https://avatars.steamstatic.com/2fb34b406f02916bb589c761a9789b37fe513751_full.jpg"	"2026-09-05T21:27:34.469338+00:00"
"[U:1:187403963]"	"https://avatars.steamstatic.com/d7f58ce31a6e5dc0be5ec01d9346a7c0a92c0bb2_full.jpg"	"2026-09-05T21:27:34.469338+00:00"
"[U:1:76944924]"	"https://avatars.steamstatic.com/4261fe3c97387810e0f6549dfd35fa51f365b6cd_full.jpg"	"2026-09-05T21:27:34.469338+00:00"
"[U:1:1754644584]"	"https://avatars.steamstatic.com/3163eb50a1fc1b207a65e356a0f4f8fabe010b75_full.jpg"	"2026-09-05T21:27:34.469338+00:00"
"[U:1:211946537]"	"https://avatars.steamstatic.com/6330c0531c83e7262767b52a29728f6801bcc289_full.jpg"	"2026-09-05T21:27:34.469338+00:00"
"[U:1:83640242]"	"https://avatars.steamstatic.com/dfe634f84174561997eeeda99c95bc83c5b82f95_full.jpg"	"2026-09-05T21:27:34.469338+00:00"
"[U:1:60663181]"	"https://avatars.steamstatic.com/ae3b475531d3d31151b5b0c6484cbf6af466e874_full.jpg"	"2026-09-05T21:27:34.469338+00:00"
"[U:1:795984311]"	"https://avatars.steamstatic.com/3b5ddb3d22b95be23e3979946f077f63fc689e07_full.jpg"	"2026-09-05T21:27:34.469338+00:00"
"[U:1:355368763]"	"https://avatars.steamstatic.com/2daedc2f33c88fa799929cb6eed5430456adaaf6_full.jpg"	"2026-09-05T21:27:34.469338+00:00"
"[U:1:934609076]"	"https://avatars.steamstatic.com/9ff880665cd3929c7ef09fcccdf2306b90b48be8_full.jpg"	"2026-09-05T21:27:34.469338+00:00"
"[U:1:1224513067]"	"https://avatars.steamstatic.com/458fe679116dc6a28f6ce8a735afa093948215cd_full.jpg"	"2026-09-05T21:27:34.469338+00:00"
"[U:1:235158409]"	"https://avatars.steamstatic.com/198b7bf9f90b6541417e3da45ea0f6b7e8b53faa_full.jpg"	"2026-09-05T21:27:34.469338+00:00"
"[U:1:1928378743]"	"https://avatars.steamstatic.com/d842127eac5f54f7c0e6d7ad5e2140124caa4031_full.jpg"	"2026-09-05T21:27:34.469338+00:00"
"[U:1:170521153]"	"https://avatars.steamstatic.com/780108b98777d0b1c9b79620df19ce7f3db7300d_full.jpg"	"2026-09-05T21:27:34.469338+00:00"
"[U:1:229566562]"	"https://avatars.steamstatic.com/5d3447821614827d6805b17963f3f0a0e9fad5e8_full.jpg"	"2026-09-05T21:27:34.469338+00:00"
"[U:1:1622706087]"	"https://avatars.steamstatic.com/c3da380f30a540d91adfd1212fb32f0131f26a53_full.jpg"	"2026-09-05T21:27:34.469338+00:00"
"[U:1:184486240]"	"https://avatars.steamstatic.com/88fb3214b7ce75d833c3bc6d5ba6bc901e61b7d0_full.jpg"	"2026-09-05T21:27:34.469338+00:00"
"[U:1:10976846]"	"https://avatars.steamstatic.com/1d85ad5d9a0d03718ae91e78fef739764c4bcaf1_full.jpg"	"2026-09-05T21:27:34.469338+00:00"
"[U:1:127021441]"	"https://avatars.steamstatic.com/8a414a1b0b5d181f08e594075d51a48fea6a47d2_full.jpg"	"2026-09-05T21:27:34.469338+00:00"
"[U:1:108782048]"	"https://avatars.steamstatic.com/57a578aefcc44b013d4dba8d8576f7b91a243e03_full.jpg"	"2026-09-05T21:27:34.469338+00:00"
"[U:1:325614907]"	"https://avatars.steamstatic.com/b3877044cdfff2ddb4288f670e0656064d9f1b2d_full.jpg"	"2026-09-05T21:27:34.469338+00:00"
"[U:1:90126089]"	"https://avatars.steamstatic.com/13c6428336e9c3dbb6b0a656d2332829d2daa1f1_full.jpg"	"2026-09-05T21:27:34.469338+00:00"
"[U:1:844286010]"	"https://avatars.steamstatic.com/5e36a2e95ad602d71cce82eedfd7cbe2b9718d11_full.jpg"	"2026-09-05T21:27:34.469338+00:00"
"[U:1:1422395466]"	"https://avatars.steamstatic.com/9c2e193a07b79e3dd75696b93345a663cd12599e_full.jpg"	"2026-09-05T21:27:34.469338+00:00"
"[U:1:32540625]"	"https://avatars.steamstatic.com/5962b44c83654ea63a7a0f24dad928c396ea7fd3_full.jpg"	"2026-09-05T21:27:34.469338+00:00"
"[U:1:1302327051]"	"https://avatars.steamstatic.com/4a246b7d30920f6d8df63db947e36a086d606ae7_full.jpg"	"2026-09-05T21:27:34.469338+00:00"
"[U:1:889003819]"	"https://avatars.steamstatic.com/396379900d56ac8beedcd87a23a93eefe5bd15b9_full.jpg"	"2026-09-05T21:27:34.469338+00:00"
"[U:1:7705464]"	"https://avatars.steamstatic.com/f5451fa9ba0fe8a87276e5a396d7a881701d5875_full.jpg"	"2026-09-05T21:27:34.469338+00:00"
"[U:1:311650102]"	"https://avatars.steamstatic.com/7d1d63f57e3088b59a31285c3d6c9b1c6f9aef32_full.jpg"	"2026-09-05T21:27:34.469338+00:00"
"[U:1:991127840]"	"https://avatars.steamstatic.com/32a0be0940c152c5f7e4810426fb9ed6e5d2809f_full.jpg"	"2026-09-05T21:27:34.469338+00:00"
"[U:1:1507589816]"	"https://avatars.steamstatic.com/4a923ec43ecbfe2e6400e57da2272db5a60433ad_full.jpg"	"2026-09-05T21:27:34.469338+00:00"
"[U:1:83367556]"	"https://avatars.steamstatic.com/a22a7184c9266f3b8bdd5b47e94bb8b8a094748e_full.jpg"	"2026-09-05T21:27:34.469338+00:00"
"[U:1:1298870030]"	"https://avatars.steamstatic.com/94257822d172c8ecd4a0b9d884f5f23a72a7e99c_full.jpg"	"2026-09-05T21:27:34.469338+00:00"
"[U:1:92898373]"	"https://avatars.steamstatic.com/3710f85833457749f57dc8457df0bb7b477842b6_full.jpg"	"2026-09-05T21:27:34.469338+00:00"
"[U:1:1565712689]"	"https://avatars.steamstatic.com/3a5dc4a9623229325acda4a25a55e94bff3fb812_full.jpg"	"2026-09-05T21:27:34.469338+00:00"
"[U:1:252718681]"	"https://avatars.steamstatic.com/9d0358fed048d5b5e6e5b7f23f3eaf4e8f27cd25_full.jpg"	"2026-09-05T21:27:34.469338+00:00"
"[U:1:424210454]"	"https://avatars.steamstatic.com/846b24a3fdf07c662c2c8fba6d31d0c2f3c94d63_full.jpg"	"2026-09-05T21:27:34.469338+00:00"
"[U:1:260429015]"	"https://avatars.steamstatic.com/1d3a1e9f0f9ea844b80f36d1da3a2607b7125962_full.jpg"	"2026-09-05T21:27:34.469338+00:00"
"[U:1:805722850]"	"https://avatars.steamstatic.com/c4ee43b3b824e54ed9145642f405583252607b1d_full.jpg"	"2026-09-05T21:27:34.469338+00:00"
"[U:1:894846097]"	"https://avatars.steamstatic.com/238fa63830aad7275db6568cf8fdb44bdabb5a22_full.jpg"	"2026-09-05T21:27:34.469338+00:00"
"[U:1:451340838]"	"https://avatars.steamstatic.com/d2eb66630bbf5533f8f034ddbace1a04d0cbcb5a_full.jpg"	"2026-09-05T21:27:34.469338+00:00"
"[U:1:67564856]"	"https://avatars.steamstatic.com/232507db4195554886a12442e0a5f2c4071ad146_full.jpg"	"2026-09-05T21:27:34.469338+00:00"
"[U:1:68248471]"	"https://avatars.steamstatic.com/efbfe0b282b205f235e98a04fea89cbb09dc3def_full.jpg"	"2026-09-05T21:27:34.469338+00:00"
"[U:1:1108453073]"	"https://avatars.steamstatic.com/39c36f6ba727946aee9e16e4eee71e2b4079de6b_full.jpg"	"2026-09-05T21:27:34.469338+00:00"
"[U:1:1455125403]"	"https://avatars.steamstatic.com/c3c903bc1ef05db96c911d2468f88896ede1a640_full.jpg"	"2026-09-05T21:27:34.469338+00:00"
"[U:1:80898349]"	"https://avatars.steamstatic.com/5243a9e61eeb718e67f7dd390ad02af348b9d898_full.jpg"	"2026-09-05T21:27:34.469338+00:00"
"[U:1:92510841]"	"https://avatars.steamstatic.com/f469d16383263116ed91c1128a8d4c686ccda854_full.jpg"	"2026-09-05T21:27:34.469338+00:00"
"[U:1:1238560274]"	"https://avatars.steamstatic.com/320dd4cb75253feaa9bfb2bc2b7dc1c7c0e564ee_full.jpg"	"2026-09-05T21:27:34.469338+00:00"
"[U:1:141500273]"	"https://avatars.steamstatic.com/d31c170a40d5b4bdcdb568a1f98f2f3d202ca5d3_full.jpg"	"2026-09-05T21:27:34.469338+00:00"
"[U:1:85920958]"	"https://avatars.steamstatic.com/a97066342fe34b8c79dca2e42d302926533934f8_full.jpg"	"2026-09-05T21:27:34.469338+00:00"
"[U:1:1640774000]"	"https://avatars.steamstatic.com/2082c239d38deb8926fa11d08ef8133749304041_full.jpg"	"2026-09-05T21:27:34.469338+00:00"
"[U:1:1087523360]"	"https://avatars.steamstatic.com/884776484a9a100f676bc76e3cd1f5aa66e2c38e_full.jpg"	"2026-09-05T21:27:34.469338+00:00"
"[U:1:1123921085]"	"https://avatars.steamstatic.com/b355d9fd536880a6fcb358cf3c21f2e23f6710e4_full.jpg"	"2026-09-05T21:27:34.469338+00:00"
"[U:1:49126452]"	"https://avatars.steamstatic.com/38470fc72035c7640a9daca8ccecb0715f8c11a7_full.jpg"	"2026-09-05T21:27:34.469338+00:00"
"[U:1:226621515]"	"https://avatars.steamstatic.com/500948794b266eb369afcd1e999fcd1fa9056f61_full.jpg"	"2026-09-05T21:27:34.469338+00:00"
"[U:1:872827359]"	"https://avatars.steamstatic.com/5e0af35ffcbfcb0e29ffb803fcdfcca9e64011b8_full.jpg"	"2026-09-05T21:27:34.469338+00:00"
"[U:1:1127846163]"	"https://avatars.steamstatic.com/50f233f4d4d801e5412b62d634213ad499ce89a0_full.jpg"	"2026-09-05T21:27:34.469338+00:00"
"[U:1:99635769]"	"https://avatars.steamstatic.com/5cea4aff60b13d8c315fb259efcee62c3e3a53ac_full.jpg"	"2026-09-05T21:27:34.469338+00:00"
"[U:1:81508833]"	"https://avatars.steamstatic.com/e3aeec996b41691ed523d5266d3c819c969b6fc8_full.jpg"	"2026-09-05T21:27:34.469338+00:00"
"[U:1:1829964824]"	"https://avatars.steamstatic.com/5b11d62e1c14d50a55348de848fcd6eeacbd0f0a_full.jpg"	"2026-09-05T21:27:34.469338+00:00"
"[U:1:1854831717]"	"https://avatars.steamstatic.com/4b02df8db99da352e3e3607786c38a6a46c63e12_full.jpg"	"2026-09-05T21:27:34.469338+00:00"
"[U:1:1023396669]"	"https://avatars.steamstatic.com/61ab70962972708287fbe01bbf30a073e02557fb_full.jpg"	"2026-09-05T21:27:34.469338+00:00"
"[U:1:31673858]"	"https://avatars.steamstatic.com/237169a1e44f7dcb6da2f54e9ade451a1b3cafa6_full.jpg"	"2026-09-05T21:27:34.469338+00:00"
"[U:1:93787555]"	"https://avatars.steamstatic.com/862489fdcafce681d1cf6c8597aeb827b924a5ad_full.jpg"	"2026-09-05T21:27:34.469338+00:00"
"[U:1:170714159]"	"https://avatars.steamstatic.com/9514654755655d03a6a3f8ab604679d29ba42ec7_full.jpg"	"2026-09-05T21:27:34.469338+00:00"
"[U:1:92517770]"	"https://avatars.steamstatic.com/2f68349ee76c8beb6fff949522532266c418ef92_full.jpg"	"2026-09-05T21:27:34.469338+00:00"
"[U:1:36204815]"	"https://avatars.steamstatic.com/e6d55ec70c17b75bd0ccc9edaa2a83ecb433082d_full.jpg"	"2026-09-05T21:27:34.469338+00:00"
"[U:1:94341938]"	"https://avatars.steamstatic.com/f17d9ea5e3f1b4a3dfb5f7900608b4b5a2d3cc97_full.jpg"	"2026-09-05T21:27:34.469338+00:00"
"[U:1:1540674797]"	"https://avatars.steamstatic.com/d57b5d6d22715d64a96fbc640e6259378da832cc_full.jpg"	"2026-09-05T21:27:34.469338+00:00"
"[U:1:9165109]"	"https://avatars.steamstatic.com/56337a6379666884ba96b05cd3f8f8af083cf198_full.jpg"	"2026-09-05T21:27:34.469338+00:00"
"[U:1:30477059]"	"https://avatars.steamstatic.com/c65349103eef848f49f1b1f62e938d711b5f8992_full.jpg"	"2026-09-05T21:27:34.469338+00:00"
"[U:1:1060754161]"	"https://avatars.steamstatic.com/5fa7e89f1f8526f056846b536d65a940d5b66ede_full.jpg"	"2026-09-05T21:27:34.469338+00:00"
"[U:1:1607893738]"	"https://avatars.steamstatic.com/3709c6cc1e650f51bc7c8bc4cf873da82a736a22_full.jpg"	"2026-09-05T21:27:34.469338+00:00"
"[U:1:326935447]"	"https://avatars.steamstatic.com/0a19cf9691716e974e557fb9e0b46aa866a5a924_full.jpg"	"2026-09-05T21:27:34.469338+00:00"
"[U:1:1522032964]"	"https://avatars.steamstatic.com/ab4846149a27235af40005b990cbae84f4deb14d_full.jpg"	"2026-09-05T21:27:34.469338+00:00"
"[U:1:1878957334]"	"https://avatars.steamstatic.com/2679a7040a20fe4edeec774a490aa55f27ef173e_full.jpg"	"2026-09-05T21:27:34.469338+00:00"
"[U:1:71727078]"	"https://avatars.steamstatic.com/4d748d7985c59d4142b1d65f584f5ae5001444cc_full.jpg"	"2026-09-05T21:27:34.469338+00:00"
"[U:1:132074836]"	"https://avatars.steamstatic.com/3e2010ae9583fbb8cf241f3b3cf17dcc319505c0_full.jpg"	"2026-09-05T21:27:34.469338+00:00"
"[U:1:110258582]"	"https://avatars.steamstatic.com/3347685d5b0ffdf9fb2eacdabdcfe12d672d3294_full.jpg"	"2026-09-05T21:27:34.469338+00:00"
"[U:1:447807438]"	"https://avatars.steamstatic.com/2cf4052d04536ccec560f5a3b71820091f357165_full.jpg"	"2026-09-05T21:27:34.469338+00:00"
"[U:1:1044000298]"	"https://avatars.steamstatic.com/1aa3e6f79ce7d44222b85eb094e9cd87ef99c280_full.jpg"	"2026-09-05T21:27:34.469338+00:00"
"[U:1:85812214]"	"https://avatars.steamstatic.com/2f9ed5bce6461105c5bb64d2a47c2b358bee9423_full.jpg"	"2026-09-05T21:27:34.469338+00:00"
"[U:1:1143727819]"	"https://avatars.steamstatic.com/9a5864b42b0ba291fb1c2191774464a5fe8c7122_full.jpg"	"2026-09-05T21:27:34.469338+00:00"
"[U:1:168173534]"	"https://avatars.steamstatic.com/f42b3ace5b6fa25d9f64b4bad8fb745d29f972c1_full.jpg"	"2026-09-05T21:27:34.469338+00:00"
"[U:1:43998663]"	"https://avatars.steamstatic.com/4cf8dbac577a9ae613dfd172f03a4b27e15da6c0_full.jpg"	"2026-09-05T21:27:34.469338+00:00"
"[U:1:40373045]"	"https://avatars.steamstatic.com/37dcef749084b6a3c5c0f14ace5bcd96ede72b58_full.jpg"	"2026-09-05T21:27:34.469338+00:00"
"[U:1:141924547]"	"https://avatars.steamstatic.com/07bcacbfedc29c22233278b2f10fe27e639690c4_full.jpg"	"2026-09-05T21:27:34.469338+00:00"
"[U:1:257849953]"	"https://avatars.steamstatic.com/42e1baad8bd5f27458a58d2c80115bb1e43dccb8_full.jpg"	"2026-09-05T21:27:34.469338+00:00"
"[U:1:186133581]"	"https://avatars.steamstatic.com/023a3e5a7ca21886e56e2f135d4e0381292af5ff_full.jpg"	"2026-09-05T21:27:34.469338+00:00"
"[U:1:1125523510]"	"https://avatars.steamstatic.com/2c162af663e3774b3152e198047f153a3b6a41d3_full.jpg"	"2026-09-05T21:27:34.469338+00:00"
"[U:1:1046804027]"	"https://avatars.steamstatic.com/62b40357c3cf2b9db0dcf975e75eb4718ba4127e_full.jpg"	"2026-09-05T21:27:34.469338+00:00"
"[U:1:1007792924]"	"https://avatars.steamstatic.com/08d7c68d45f8eef42be51aa32988bfdc070a9f41_full.jpg"	"2026-09-05T21:27:34.469338+00:00"
"[U:1:3815008]"	"https://avatars.steamstatic.com/16ee899340ffef4e6c77332038994cf6a2414991_full.jpg"	"2026-09-05T21:27:34.469338+00:00"
"[U:1:108316528]"	"https://avatars.steamstatic.com/8ad8884e6d8b4e922a801ff6e004143bfe545137_full.jpg"	"2026-09-05T21:27:34.469338+00:00"
"[U:1:150461499]"	"https://avatars.steamstatic.com/29b3229935a13730525e080006059f2e72be62e6_full.jpg"	"2026-09-05T21:27:34.469338+00:00"
"[U:1:792899318]"	"https://avatars.steamstatic.com/61ab70962972708287fbe01bbf30a073e02557fb_full.jpg"	"2026-09-05T21:27:34.469338+00:00"
"[U:1:211448661]"	"https://avatars.steamstatic.com/fa2c5d9abb3442c41a3ea66a58df96fe1728ea37_full.jpg"	"2026-09-05T21:27:34.469338+00:00"
"[U:1:105741776]"	"https://avatars.steamstatic.com/06f22e3bb1efdc41833dfbc4bb45825f81e748b3_full.jpg"	"2026-09-05T21:27:34.469338+00:00"
"[U:1:850726622]"	"https://avatars.steamstatic.com/f88f8a205c20503463a5b038dde7e84f9becf118_full.jpg"	"2026-09-05T21:27:34.469338+00:00"
"[U:1:1628521290]"	"https://avatars.steamstatic.com/12da9791a3d5de320829c8702cc870a91b19aa17_full.jpg"	"2026-09-05T21:27:34.469338+00:00"
"[U:1:99587961]"	"https://avatars.steamstatic.com/c498fba00e5831b8ae09d0b04db30a4f3afec394_full.jpg"	"2026-09-05T21:27:34.469338+00:00"
"[U:1:119368972]"	"https://avatars.steamstatic.com/1eb716544cdcde331113def62b8a6004d2cc2c09_full.jpg"	"2026-09-05T21:27:34.469338+00:00"
"[U:1:373971590]"	"https://avatars.steamstatic.com/bc8450c6a7a5e2bc5241cc16db018c92f334eb29_full.jpg"	"2026-09-05T21:27:34.469338+00:00"
"[U:1:1612587203]"	"https://avatars.steamstatic.com/dc87f23625da163c2a628d68c9b7c3e925212f2b_full.jpg"	"2026-09-05T21:27:34.469338+00:00"
"[U:1:116015710]"	"https://avatars.steamstatic.com/14f5e5185419ff2b6f21f611363c06301231e615_full.jpg"	"2026-09-05T21:27:34.469338+00:00"
"[U:1:1585281557]"	"https://avatars.steamstatic.com/f27da56c3081783bc06c28efdc1efd6ab3bf688c_full.jpg"	"2026-09-05T21:27:34.469338+00:00"
"[U:1:817743644]"	"https://avatars.steamstatic.com/f9bdd7e76d7c54593eaad5fafbd90f488983e66e_full.jpg"	"2026-09-05T21:27:34.469338+00:00"
"[U:1:1550873452]"	"https://avatars.steamstatic.com/098bc45ce3bb140d63514de0882fb80678e8841e_full.jpg"	"2026-09-05T21:27:34.469338+00:00"
"[U:1:981340903]"	"https://avatars.steamstatic.com/b1768802eca4eab2637980d81fe1feda477d21f6_full.jpg"	"2026-09-05T21:27:34.469338+00:00"
"[U:1:771964734]"	"https://avatars.steamstatic.com/b0adbba2e254d9153880a0b2b7e4fd0710869386_full.jpg"	"2026-09-05T21:27:34.469338+00:00"
"[U:1:1165298097]"	"https://avatars.steamstatic.com/200a608ae26ed308b0e2a4559d39f8c08e0eba84_full.jpg"	"2026-09-05T21:27:34.469338+00:00"
"[U:1:1036234142]"	"https://avatars.steamstatic.com/83ae629929dfaa0a51b2c223ba91261dd9dfce10_full.jpg"	"2026-09-05T21:27:34.469338+00:00"
"[U:1:109349115]"	"https://avatars.steamstatic.com/ead6f1e7721733f0773063961fd441a4fb247ab7_full.jpg"	"2026-09-05T21:27:34.469338+00:00"
"[U:1:186345210]"	"https://avatars.steamstatic.com/e503e106501e58a6fded066f35663c648a282ac9_full.jpg"	"2026-09-05T21:27:34.469338+00:00"
"[U:1:89956586]"	"https://avatars.steamstatic.com/0766bad045b17c78a111c8a40c3812559fefaa62_full.jpg"	"2026-09-05T21:27:34.469338+00:00"
"[U:1:53797684]"	"https://avatars.steamstatic.com/cd9b5d3f935f0b95b2f95ee4451817c88ec56195_full.jpg"	"2026-09-05T21:27:34.469338+00:00"
"[U:1:95257203]"	"https://avatars.steamstatic.com/91fd71d429f6cb1b2245603c293301987d171292_full.jpg"	"2026-09-05T21:27:34.469338+00:00"
"[U:1:8954692]"	"https://avatars.steamstatic.com/170c472ad0a2def46185a8a771e56557b341b458_full.jpg"	"2026-09-05T21:27:34.469338+00:00"
"[U:1:137748009]"	"https://avatars.steamstatic.com/0452129099b115028a70f84292df0439638b7df1_full.jpg"	"2026-09-05T21:27:34.469338+00:00"
"[U:1:1009461727]"	"https://avatars.steamstatic.com/643762fca4a842fae562c3866fc81a6db8e10cd8_full.jpg"	"2026-09-05T21:27:34.469338+00:00"
"[U:1:83683401]"	"https://avatars.steamstatic.com/565197e0f7105af89acff0f582e995acbe1baa14_full.jpg"	"2026-09-05T21:27:34.469338+00:00"
"[U:1:62551040]"	"https://avatars.steamstatic.com/7389f7deb4b190a4b9e504c85e2ae3848af83666_full.jpg"	"2026-09-05T21:27:34.469338+00:00"
"[U:1:62495010]"	"https://avatars.steamstatic.com/b94e557cfa221ba5014ee5bd1e9dc1e569f91abf_full.jpg"	"2026-09-05T21:27:34.469338+00:00"
"[U:1:38354117]"	"https://avatars.steamstatic.com/ecb9a99cfe85d8713dfd7907fe0b2708905401de_full.jpg"	"2026-09-05T21:27:34.469338+00:00"
"[U:1:396893689]"	"https://avatars.steamstatic.com/fc091ba8b0d19c9f5406526ce4866534d9311700_full.jpg"	"2026-09-05T21:27:34.469338+00:00"
"[U:1:83717914]"	"https://avatars.steamstatic.com/c24f734fa62b19cf26aecd4f98491cff155bab1b_full.jpg"	"2026-09-05T21:27:34.469338+00:00"
"[U:1:170044989]"	"https://avatars.steamstatic.com/d2d440fd94e18928776046b179816b9f214479dd_full.jpg"	"2026-09-05T21:27:34.469338+00:00"
"[U:1:348331441]"	"https://avatars.steamstatic.com/ea9e2ff6a77173852182b61d51e6e43835fecce4_full.jpg"	"2026-09-05T21:27:34.469338+00:00"
"[U:1:141175590]"	"https://avatars.steamstatic.com/7018cb9c67f9569eb81f9cadcc6450471b681218_full.jpg"	"2026-09-05T21:27:34.469338+00:00"
"[U:1:1505089395]"	"https://avatars.steamstatic.com/86a96f4411c17e3db8759ef2e45d8095403dbcfd_full.jpg"	"2026-09-05T21:27:34.469338+00:00"
"[U:1:202883133]"	"https://avatars.steamstatic.com/794795955b08c287a8b36823986d6078edd14187_full.jpg"	"2026-09-05T21:27:34.469338+00:00"
"[U:1:14677354]"	"https://avatars.steamstatic.com/fce4c64f9e32220d3ee673f32dc94e15d69e48f9_full.jpg"	"2026-09-05T21:27:34.469338+00:00"
"[U:1:1098475126]"	"https://avatars.steamstatic.com/39c74d2a78e0da3bee879c15e7715cef1ccc9eaa_full.jpg"	"2026-09-05T21:27:34.469338+00:00"
"[U:1:234929943]"	"https://avatars.steamstatic.com/51aaec5dbab8bcf1027b0f0ac3d738babcda3106_full.jpg"	"2026-09-05T21:27:34.469338+00:00"
"[U:1:1786122522]"	"https://avatars.steamstatic.com/214b57d7bb79589f5264192618be12ecd86a31f4_full.jpg"	"2026-09-05T21:27:34.469338+00:00"
"[U:1:1116782799]"	"https://avatars.steamstatic.com/a558ad6921fffb4370f2269e0dbd0d86391dee30_full.jpg"	"2026-09-05T21:27:34.469338+00:00"
"[U:1:1119850951]"	"https://avatars.steamstatic.com/581338d3df3882c3c0aeb43f7e0516fed3b9a017_full.jpg"	"2026-09-05T21:27:34.469338+00:00"
"[U:1:220663927]"	"https://avatars.steamstatic.com/79d86e0d0a481462d1eb2f950a2b237f22754ae9_full.jpg"	"2026-09-05T21:27:34.469338+00:00"
"[U:1:921156563]"	"https://avatars.steamstatic.com/de29aaa5877b774865ff28ff6b58dd6d7f5c87c6_full.jpg"	"2026-09-05T21:27:34.469338+00:00"
"[U:1:40521097]"	"https://avatars.steamstatic.com/4f518f608005856dbb1b5f5b612a4a7723ed8530_full.jpg"	"2026-09-05T21:27:34.469338+00:00"
"[U:1:904691548]"	"https://avatars.steamstatic.com/b4c10da65d75dc33fb8de7db77d960fa8d540eeb_full.jpg"	"2026-09-05T21:27:34.469338+00:00"
"[U:1:1051477775]"	"https://avatars.steamstatic.com/38cbcd9eb604fd3cf73bce341da2b8b94d12a5a0_full.jpg"	"2026-09-05T21:27:34.469338+00:00"
"[U:1:348667010]"	"https://avatars.steamstatic.com/210c8f1fd7309ebac5953f628f5b11735dada804_full.jpg"	"2026-09-05T21:27:34.469338+00:00"
"[U:1:1444844899]"	"https://avatars.steamstatic.com/fc0593aa52445b0c03138f6f4874aa5e0ffb33d9_full.jpg"	"2026-09-05T21:27:34.469338+00:00"
"[U:1:189411843]"	"https://avatars.steamstatic.com/cd1afe8c88aa05ad72dbd5647d7f54db59b5f2e1_full.jpg"	"2026-09-05T21:27:34.469338+00:00"
"[U:1:158041013]"	"https://avatars.steamstatic.com/abe7d9c5658b9b4ac9b599afe48e96319c80ce89_full.jpg"	"2026-09-05T21:27:34.469338+00:00"
"[U:1:455668646]"	"https://avatars.steamstatic.com/f25bd3200388ea0e0602fd577c3ec493c1d80d77_full.jpg"	"2026-09-05T21:27:34.469338+00:00"
"[U:1:217044613]"	"https://avatars.steamstatic.com/50fb430d42cfe217653a8bd34b9b37909cfddaaa_full.jpg"	"2026-09-05T21:27:34.469338+00:00"
"[U:1:4132267]"	"https://avatars.steamstatic.com/56881c89b7667b5a2435a5fa992891d280d2ed46_full.jpg"	"2026-09-05T21:27:34.469338+00:00"
"[U:1:10845322]"	"https://avatars.steamstatic.com/583e1d50457e24cf6ad7493c1f86fb9b901dc802_full.jpg"	"2026-09-05T21:27:34.469338+00:00"
"[U:1:1582927837]"	"https://avatars.steamstatic.com/0f6fd0aa0370a8184176f99a1905b6ef08fbebde_full.jpg"	"2026-09-05T21:27:34.469338+00:00"
"[U:1:74796031]"	"https://avatars.steamstatic.com/966d3383130bf0353d633502db5e0bd9dcecf0ac_full.jpg"	"2026-09-05T21:27:34.469338+00:00"
"[U:1:994362]"	"https://avatars.steamstatic.com/36941386ef4da02a8d6cf0e48dfd753816177486_full.jpg"	"2026-09-05T21:27:34.469338+00:00"
"[U:1:454578750]"	"https://avatars.steamstatic.com/9579f75f9bf1f7180247383a2342472299046f0e_full.jpg"	"2026-09-05T21:27:34.469338+00:00"
"[U:1:1907917064]"	"https://avatars.steamstatic.com/8c9b61103e667f0166286f4d6b38ada32a271ed3_full.jpg"	"2026-09-05T21:27:34.469338+00:00"
"[U:1:1156526360]"	"https://avatars.steamstatic.com/334c0204589aebf017f764b86b416fdbb96299f1_full.jpg"	"2026-09-05T21:27:34.469338+00:00"
"[U:1:186883816]"	"https://avatars.steamstatic.com/150901e67a1e40874c4aad3fc941db2b3ada8cec_full.jpg"	"2026-09-05T21:27:34.469338+00:00"
"[U:1:1440763713]"	"https://avatars.steamstatic.com/ec48cb48218a84e568a9b995a412e4532a640c81_full.jpg"	"2026-09-05T21:27:34.469338+00:00"
"[U:1:95145254]"	"https://avatars.steamstatic.com/d1a4964c910581828265a82c5ed5d744f8982ce2_full.jpg"	"2026-09-05T21:27:34.469338+00:00"
"[U:1:1219197459]"	"https://avatars.steamstatic.com/6119df3a6466afff297300b1e626270a4989f518_full.jpg"	"2026-09-05T21:27:34.469338+00:00"
"[U:1:779301315]"	"https://avatars.steamstatic.com/dac1627389fa47fb42400b58819af71d1f1f4637_full.jpg"	"2026-09-05T21:27:34.469338+00:00"
"[U:1:1600922065]"	"https://avatars.steamstatic.com/aea1722072261fe75e8f2846e44071e200f3b4af_full.jpg"	"2026-09-05T21:27:34.469338+00:00"
"[U:1:317744710]"	"https://avatars.steamstatic.com/996277215be96a2e3a249fcc54b2320a5ef1fd7e_full.jpg"	"2026-09-05T21:27:34.469338+00:00"
"[U:1:241260743]"	"https://avatars.steamstatic.com/434cf67dfa46e075028c74f2a9efcf32c2f7fd19_full.jpg"	"2026-09-05T21:27:34.469338+00:00"
"[U:1:86405508]"	"https://avatars.steamstatic.com/f8c46055bc22ef789c49c4c6ddeae59dce958d18_full.jpg"	"2026-09-05T21:27:34.469338+00:00"
"[U:1:292930207]"	"https://avatars.steamstatic.com/b18da5f81d70db920ee17ad25429ec1ac45bd208_full.jpg"	"2026-09-05T21:27:34.469338+00:00"
"[U:1:1164642792]"	"https://avatars.steamstatic.com/f200077a4533d3a76ac72eb43f81bc91053489a0_full.jpg"	"2026-09-05T21:27:34.469338+00:00"
"[U:1:95357465]"	"https://avatars.steamstatic.com/5c51ca468a1d37f32931d310ea391b87c294d082_full.jpg"	"2026-09-05T21:27:34.469338+00:00"
"[U:1:1411428633]"	"https://avatars.steamstatic.com/5d50bd3fbb5543ebf60af4abbab258afe7a692c6_full.jpg"	"2026-09-05T21:27:34.469338+00:00"
"[U:1:1422678436]"	"https://avatars.steamstatic.com/1c4eee241b123c8d8dbda41ace87adc5f5d34854_full.jpg"	"2026-09-05T21:27:34.469338+00:00"
"[U:1:104224573]"	"https://avatars.steamstatic.com/bd626bc6d76d8e713daecf8ebda598e12e6ed7ea_full.jpg"	"2026-09-05T21:27:34.469338+00:00"
"[U:1:158355640]"	"https://avatars.steamstatic.com/c2b6065795ec16385ba1d2117eea3627bc841ae6_full.jpg"	"2026-09-05T21:27:34.469338+00:00"
"[U:1:395934190]"	"https://avatars.steamstatic.com/cc3546b96d1d06254f6d7fb4afedfbc5cd5a2b69_full.jpg"	"2026-09-05T21:27:34.469338+00:00"
"[U:1:1526338910]"	"https://avatars.steamstatic.com/fef49e7fa7e1997310d705b2a6158ff8dc1cdfeb_full.jpg"	"2026-09-05T21:27:34.469338+00:00"
"[U:1:1368783882]"	"https://avatars.steamstatic.com/ec13b8c6db8bacd9335e33e3b8ddd9b68a973563_full.jpg"	"2026-09-05T21:27:34.469338+00:00"
"[U:1:98039699]"	"https://avatars.steamstatic.com/e49df9e19ca580ebd13d8d6b69c43a6c9bad8ac0_full.jpg"	"2026-09-05T21:27:34.469338+00:00"
"[U:1:1014912834]"	"https://avatars.steamstatic.com/4d67979cce8e8fbdbd7cbed0ba2bf9db707ba285_full.jpg"	"2026-09-05T21:27:34.469338+00:00"
"[U:1:1537258902]"	"https://avatars.steamstatic.com/cdda536481fc3f2a542bc3094e29953c1ba3446b_full.jpg"	"2026-09-05T21:27:34.469338+00:00"
"[U:1:1851638423]"	"https://avatars.steamstatic.com/f14a1a89f9ddddf64d0e1de53d255e15b3c4f53d_full.jpg"	"2026-09-05T21:27:34.469338+00:00"
"[U:1:1108867488]"	"https://avatars.steamstatic.com/1a5ced4a68df5794f085511df90201cd4693c99c_full.jpg"	"2026-09-05T21:27:34.469338+00:00"
"[U:1:181182039]"	"https://avatars.steamstatic.com/1ea0b540c2734eb437b043895f7013b56ed3059e_full.jpg"	"2026-09-05T21:27:34.469338+00:00"
"[U:1:108407154]"	"https://avatars.steamstatic.com/b7e41218cac1f4a66db89c0e79597f49bb98c163_full.jpg"	"2026-09-05T21:27:34.469338+00:00"
"[U:1:1617706]"	"https://avatars.steamstatic.com/3fd7be1b55e04fca3ac6bde0b856e206a55d198f_full.jpg"	"2026-09-05T21:27:34.469338+00:00"
"[U:1:1286121367]"	"https://avatars.steamstatic.com/a59d787644a86d46139132a5b9966eded66678ba_full.jpg"	"2026-09-05T21:27:34.469338+00:00"
"[U:1:1775800621]"	"https://avatars.steamstatic.com/0e5d3ed5251e027722106f2328f0e7bb0ae04c36_full.jpg"	"2026-09-05T21:27:34.469338+00:00"
"[U:1:252014936]"	"https://avatars.steamstatic.com/a8df11c71d07500127a444d764ed0930ba417bbe_full.jpg"	"2026-09-05T21:27:34.469338+00:00"
"[U:1:83705337]"	"https://avatars.steamstatic.com/a1c61cc483cee3de1c93b2937ceae93844f31a88_full.jpg"	"2026-09-05T21:27:34.469338+00:00"
"[U:1:472494615]"	"https://avatars.steamstatic.com/0c39a2279edbe13f82537b1768383d98461c6836_full.jpg"	"2026-09-05T21:27:34.469338+00:00"
"[U:1:258230152]"	"https://avatars.steamstatic.com/f4469690cab04a2393b094cbba4c3606192ae7ee_full.jpg"	"2026-09-05T21:27:34.469338+00:00"
"[U:1:294451214]"	"https://avatars.steamstatic.com/340c599bd57746f607ff071c0550ae52b3051e82_full.jpg"	"2026-09-05T21:27:34.469338+00:00"
"[U:1:379321579]"	"https://avatars.steamstatic.com/0da164115595824c5619be4fc0dd59694da640e3_full.jpg"	"2026-09-05T21:27:34.469338+00:00"
"[U:1:1547323209]"	"https://avatars.steamstatic.com/ff2a075bbaaf75c4b35f0bb0d840186f57106a8a_full.jpg"	"2026-09-05T21:27:34.469338+00:00"
"[U:1:105825322]"	"https://avatars.steamstatic.com/6bd5ae4136c73a98c8845ce0935ebdacd8b3506e_full.jpg"	"2026-09-05T21:27:34.469338+00:00"
"[U:1:163043392]"	"https://avatars.steamstatic.com/3b709c5796cf0fc05cf457b42023f694c45a5274_full.jpg"	"2026-09-05T21:27:34.469338+00:00"
"[U:1:383525449]"	"https://avatars.steamstatic.com/9ab854c23ad39c58c4a0dcb78a9104a2cd9691d4_full.jpg"	"2026-09-05T21:27:34.469338+00:00"
"[U:1:1405548853]"	"https://avatars.steamstatic.com/1e21d077eb29df036d5b859597df0f08ace2489f_full.jpg"	"2026-09-05T21:27:34.469338+00:00"
"[U:1:1475351552]"	"https://avatars.steamstatic.com/5aedef2780989831b12e3e39005cf202319a5664_full.jpg"	"2026-09-05T21:27:34.469338+00:00"
"[U:1:121638130]"	"https://avatars.steamstatic.com/d648911de1f87ec908da636b720018a23dc35be8_full.jpg"	"2026-09-05T21:27:34.469338+00:00"
"[U:1:1018043372]"	"https://avatars.steamstatic.com/3f8192e591c328782092e099d12047b7945b101d_full.jpg"	"2026-09-05T21:27:34.469338+00:00"
"[U:1:1088201755]"	"https://avatars.steamstatic.com/ad942d8cb23ba15c1d26638264ce14dc3c3ed6ed_full.jpg"	"2026-09-05T21:27:34.469338+00:00"
"[U:1:86386744]"	"https://avatars.steamstatic.com/7cfde45e19f852319d46eee6348f5bc6ac450e00_full.jpg"	"2026-09-05T21:27:34.469338+00:00"
"[U:1:87413052]"	"https://avatars.steamstatic.com/e5561f029d9c90ecf6e32fef1fa7b9b9e4b89a2d_full.jpg"	"2026-09-05T21:27:34.469338+00:00"
"[U:1:403317762]"	"https://avatars.steamstatic.com/a521352ec938d97a89f4b9655f75924d3cea6344_full.jpg"	"2026-09-05T21:27:34.469338+00:00"
"[U:1:109593595]"	"https://avatars.steamstatic.com/554ad26008ac6a0cee6aff25fa93b08d5edf0818_full.jpg"	"2026-09-05T21:27:34.469338+00:00"
"[U:1:73680523]"	"https://avatars.steamstatic.com/4f4e1a176f3addc253e0a4983d4d1f12c92cd112_full.jpg"	"2026-09-05T21:27:34.469338+00:00"
"[U:1:1226809493]"	"https://avatars.steamstatic.com/fe14b238cb0479493c48d7fc51822ca2d390a29e_full.jpg"	"2026-09-05T21:27:34.469338+00:00"
"[U:1:13726977]"	"https://avatars.steamstatic.com/f573910825845723ba3cf042b94dd69f028401b4_full.jpg"	"2026-09-05T21:27:34.469338+00:00"
"[U:1:127050295]"	"https://avatars.steamstatic.com/9cc5c77d13af4362f4442f6e826456a55432bff8_full.jpg"	"2026-09-05T21:27:34.469338+00:00"
"[U:1:312694507]"	"https://avatars.steamstatic.com/4609403081555a9b2fbb4f21625b6e4e83ffc480_full.jpg"	"2026-09-05T21:27:34.469338+00:00"
"[U:1:296975334]"	"https://avatars.steamstatic.com/2e487816bddea986028cd080754dfd6956356367_full.jpg"	"2026-09-05T21:27:34.469338+00:00"
"[U:1:70061664]"	"https://avatars.steamstatic.com/deb11220fbd9dfde5b902f655a224ce0caf10f4c_full.jpg"	"2026-09-05T21:27:34.469338+00:00"
"[U:1:1159905736]"	"https://avatars.steamstatic.com/991705451a02f493932e3263aa814788b3d52b06_full.jpg"	"2026-09-05T21:27:34.469338+00:00"
"[U:1:410419727]"	"https://avatars.steamstatic.com/56034cd001ed16940464960b7a891594003d60e1_full.jpg"	"2026-09-05T21:27:34.469338+00:00"
"[U:1:783003280]"	"https://avatars.steamstatic.com/ec48cb48218a84e568a9b995a412e4532a640c81_full.jpg"	"2026-09-05T21:27:34.469338+00:00"
"[U:1:183151382]"	"https://avatars.steamstatic.com/ef68008f73ca6f9817aa3d6fe023fd898ca098ee_full.jpg"	"2026-09-05T21:27:34.469338+00:00"
"[U:1:328008269]"	"https://avatars.steamstatic.com/4cdb7981ef46d38d8c8bd926aef54f553b486966_full.jpg"	"2026-09-05T21:27:34.469338+00:00"
"[U:1:75036075]"	"https://avatars.steamstatic.com/2c1d6d03146e084f994b545549b8e4992c957be8_full.jpg"	"2026-09-05T21:27:34.469338+00:00"
"[U:1:1831494685]"	"https://avatars.steamstatic.com/faf82a1194147f2266fa87fad07278e8205d5ff1_full.jpg"	"2026-09-05T21:27:34.469338+00:00"
"[U:1:171907668]"	"https://avatars.steamstatic.com/894c1b620fedf0f4ac5d1f93f4c95b7be72722be_full.jpg"	"2026-09-05T21:27:34.469338+00:00"
"[U:1:1427775498]"	"https://avatars.steamstatic.com/2f37b367e0665d1d52cb69892bc591da7e265597_full.jpg"	"2026-09-05T21:27:34.469338+00:00"
"[U:1:114800371]"	"https://avatars.steamstatic.com/9442b682dc50fdf08acec78369c779a6957c64b6_full.jpg"	"2026-09-05T21:27:34.469338+00:00"
"[U:1:95812971]"	"https://avatars.steamstatic.com/6c8e4cef5002156bafdefcdceb11667cbd8c0242_full.jpg"	"2026-09-05T21:27:34.469338+00:00"
"[U:1:1131997322]"	"https://avatars.steamstatic.com/c612cfc5ce0cb264916a8743aa62e52145a07a6e_full.jpg"	"2026-09-05T21:27:34.469338+00:00"
"[U:1:108822267]"	"https://avatars.steamstatic.com/f9e5529da1b064e3130b634d8ff51c14edc9c81d_full.jpg"	"2026-09-05T21:27:34.469338+00:00"
"[U:1:97580647]"	"https://avatars.steamstatic.com/fef49e7fa7e1997310d705b2a6158ff8dc1cdfeb_full.jpg"	"2026-09-05T21:27:34.469338+00:00"
"[U:1:1698881843]"	"https://avatars.steamstatic.com/9d98bbe711c9130b0edb5f81a2e4e148459e8158_full.jpg"	"2026-09-05T21:27:34.469338+00:00"
"[U:1:1919882614]"	"https://avatars.steamstatic.com/c718b0c234a3f5ff5fc8f0b99c3f64f0de4ccefe_full.jpg"	"2026-09-05T21:27:34.469338+00:00"
"[U:1:1109803997]"	"https://avatars.steamstatic.com/1fac14a9847a47b3d645c7dc017c8980e316879d_full.jpg"	"2026-09-05T21:27:34.469338+00:00"
"[U:1:159194890]"	"https://avatars.steamstatic.com/8a618e008cdcebee90da8a855506ccbcd095c2e3_full.jpg"	"2026-09-05T21:27:34.469338+00:00"
"[U:1:101576214]"	"https://avatars.steamstatic.com/cfe203abd7878b248872cb79a966f144201d8871_full.jpg"	"2026-09-05T21:27:34.469338+00:00"
"[U:1:324556650]"	"https://avatars.steamstatic.com/844021086e7ea5c55dd4597575a3e0dd911531bd_full.jpg"	"2026-09-05T21:27:34.469338+00:00"
"[U:1:1161318481]"	"https://avatars.steamstatic.com/8e48c9d5dae085dd2a440d638bf18cd5b8cf788a_full.jpg"	"2026-09-05T21:27:34.469338+00:00"
"[U:1:406893542]"	"https://avatars.steamstatic.com/d540d514a0f112b969258dea072a5fec8e43ba34_full.jpg"	"2026-09-05T21:27:34.469338+00:00"
"[U:1:1163418627]"	"https://avatars.steamstatic.com/0403e90310958fdc151d019b4501489bca641dd3_full.jpg"	"2026-09-05T21:27:34.469338+00:00"
"[U:1:387199980]"	"https://avatars.steamstatic.com/c718b0c234a3f5ff5fc8f0b99c3f64f0de4ccefe_full.jpg"	"2026-09-05T21:27:34.469338+00:00"
"[U:1:242953824]"	"https://avatars.steamstatic.com/e77272f45185704b831d0d38183c132f4ae89827_full.jpg"	"2026-09-05T21:27:34.469338+00:00"
"[U:1:119157263]"	"https://avatars.steamstatic.com/b318b525e6555fab63982471c918d30f29a92caf_full.jpg"	"2026-09-05T21:27:34.469338+00:00"
"[U:1:917337085]"	"https://avatars.steamstatic.com/db23ccc21787d1030e4ccfe84981e1fce99239a3_full.jpg"	"2026-09-05T21:27:34.469338+00:00"
"[U:1:1598910049]"	"https://avatars.steamstatic.com/fe0f4257a51f7196d898d3dbac8c0c7a0303ee0a_full.jpg"	"2026-09-05T21:27:34.469338+00:00"
"[U:1:1288761081]"	"https://avatars.steamstatic.com/6149262a6c08c779106614afeab04fd7d0e3cd09_full.jpg"	"2026-09-05T21:27:34.469338+00:00"
"[U:1:1178995971]"	"https://avatars.steamstatic.com/a74320b17234b2c6bfce2c35f24037755ceb7282_full.jpg"	"2026-09-05T21:27:34.469338+00:00"
"[U:1:1138320335]"	"https://avatars.steamstatic.com/3ecc2154b8ad1feb91488af204413dda0c0d190f_full.jpg"	"2026-09-05T21:27:34.469338+00:00"
"[U:1:431678145]"	"https://avatars.steamstatic.com/41dde376300c8141503cf2375726d53912d1e1b4_full.jpg"	"2026-09-05T21:27:34.469338+00:00"
"[U:1:1118875217]"	"https://avatars.steamstatic.com/43db9bb776e2b5d8f6ba1b4537a2a86dbd7c8ea6_full.jpg"	"2026-09-05T21:27:34.469338+00:00"
"[U:1:40904569]"	"https://avatars.steamstatic.com/f53b202c815138463227c1f5fe8406e80b90c05b_full.jpg"	"2026-09-05T21:27:34.469338+00:00"
"[U:1:195823724]"	"https://avatars.steamstatic.com/af4a00111e29aaf3f4dab1c574a304b6cb4016aa_full.jpg"	"2026-09-05T21:27:34.469338+00:00"
"[U:1:116412087]"	"https://avatars.steamstatic.com/383bdd7a6513c0c2a82f161726947c199c0c8297_full.jpg"	"2026-09-05T21:27:34.469338+00:00"
"[U:1:765624804]"	"https://avatars.steamstatic.com/f14a1a89f9ddddf64d0e1de53d255e15b3c4f53d_full.jpg"	"2026-09-05T21:27:34.469338+00:00"
"[U:1:99458223]"	"https://avatars.steamstatic.com/02b6629e232ee7b1e0e1d4c56134a4d05cf09d30_full.jpg"	"2026-09-05T21:27:34.469338+00:00"
"[U:1:124369686]"	"https://avatars.steamstatic.com/acc400e584fd0af664c2b30024b95cd21ed8cdb8_full.jpg"	"2026-09-05T21:27:34.469338+00:00"
"[U:1:181934499]"	"https://avatars.steamstatic.com/f40ccb32d0434c1667fe357541b0b43ae09ccf07_full.jpg"	"2026-09-05T21:27:34.469338+00:00"
"[U:1:901957874]"	"https://avatars.steamstatic.com/62b40357c3cf2b9db0dcf975e75eb4718ba4127e_full.jpg"	"2026-09-05T21:27:34.469338+00:00"
"[U:1:1071428674]"	"https://avatars.steamstatic.com/485970a4562b2808b9d1d5f088b59e1e36e9b284_full.jpg"	"2026-09-05T21:27:34.469338+00:00"
"[U:1:1819751131]"	"https://avatars.steamstatic.com/07860c2626552e1bfa856594c317b49b9d53a81e_full.jpg"	"2026-09-05T21:27:34.469338+00:00"
"[U:1:1121317809]"	"https://avatars.steamstatic.com/47852511bf5a5a517a298a20f14f64c7d4592aca_full.jpg"	"2026-09-05T21:27:34.469338+00:00"
"[U:1:1651488026]"	"https://avatars.steamstatic.com/fef49e7fa7e1997310d705b2a6158ff8dc1cdfeb_full.jpg"	"2026-09-05T21:27:34.469338+00:00"
"[U:1:1542861697]"	"https://avatars.steamstatic.com/bd4501def0ce053548c5fb6cb01819756092f1b0_full.jpg"	"2026-09-05T21:27:34.469338+00:00"
"[U:1:167290131]"	"https://avatars.steamstatic.com/3beefa445a87be269fe4b61e255c97f870956140_full.jpg"	"2026-09-05T21:27:34.469338+00:00"
"[U:1:359533371]"	"https://avatars.steamstatic.com/1017cfb657da8e50798b4c8b666aae4a0b445b38_full.jpg"	"2026-09-05T21:27:34.469338+00:00"
"[U:1:1168810213]"	"https://avatars.steamstatic.com/ab4e4c55bbc48cc4cb1d6a8556160a6ab103af7d_full.jpg"	"2026-09-05T21:27:34.469338+00:00"
"[U:1:719829150]"	"https://avatars.steamstatic.com/78fe034a21c518f2cbbf51dac9f0af89e530f219_full.jpg"	"2026-09-05T21:27:34.469338+00:00"
"[U:1:1051398285]"	"https://avatars.steamstatic.com/e1a23101cac611d1517ef60ceefd6f385ee7b791_full.jpg"	"2026-09-05T21:27:34.469338+00:00"
"[U:1:64714295]"	"https://avatars.steamstatic.com/d3c328b0ca0272505751781b7641e0416dd08c9b_full.jpg"	"2026-09-05T21:27:34.469338+00:00"
"[U:1:138968937]"	"https://avatars.steamstatic.com/1b562cab670cdf795dccacb664f20e1af7211fa5_full.jpg"	"2026-09-05T21:27:34.469338+00:00"
"[U:1:109958665]"	"https://avatars.steamstatic.com/be01ed9b2598ebc5075ab939a8e2cae607b9c882_full.jpg"	"2026-09-05T21:27:34.469338+00:00"
"[U:1:441708723]"	"https://avatars.steamstatic.com/dd0dce836d62914cbfaa7822921cfbb813b0d4eb_full.jpg"	"2026-09-05T21:27:34.469338+00:00"
"[U:1:785756890]"	"https://avatars.steamstatic.com/01f1df9310b538c25c74ef85711fd10cd576dc4b_full.jpg"	"2026-09-05T21:27:34.469338+00:00"
"[U:1:187803412]"	"https://avatars.steamstatic.com/6d9ce7883318142bdb070da5f2c83356f6f6f53b_full.jpg"	"2026-09-05T21:27:34.469338+00:00"
"[U:1:1051442693]"	"https://avatars.steamstatic.com/5b59957ae9deac920d8f98e883a2eddad419b5fa_full.jpg"	"2026-09-05T21:27:34.469338+00:00"
"[U:1:883463311]"	"https://avatars.steamstatic.com/49b8fc0f64109308009c25636336670ba7d6066e_full.jpg"	"2026-09-05T21:27:34.469338+00:00"
"[U:1:1004506526]"	"https://avatars.steamstatic.com/0dcc7d2c78978c4c277d81adc12d97bf5e2a626c_full.jpg"	"2026-09-05T21:27:34.469338+00:00"
"[U:1:103948272]"	"https://avatars.steamstatic.com/40e66b38cb5de4ef9ed58d8c4cbc226fb58e8b1a_full.jpg"	"2026-09-05T21:27:34.469338+00:00"
"[U:1:68274880]"	"https://avatars.steamstatic.com/b6e0ad9b921423fc4a9939be57c92a03f7b678bc_full.jpg"	"2026-09-05T21:27:34.469338+00:00"
"[U:1:64705819]"	"https://avatars.steamstatic.com/9b73ed7e46e41c2d42f48266fd5c9a3aa83fec45_full.jpg"	"2026-09-05T21:27:34.469338+00:00"
"[U:1:103415574]"	"https://avatars.steamstatic.com/5fea668694c95ff82c2d9cc2b2afdb06a9d2bbb4_full.jpg"	"2026-09-05T21:27:34.469338+00:00"
"[U:1:865242026]"	"https://avatars.steamstatic.com/e4074b96d548bc00ad5d4e3742cc63ec063a14d0_full.jpg"	"2026-09-05T21:27:34.469338+00:00"
"[U:1:3574421]"	"https://avatars.steamstatic.com/b409e7c46652a60ab2df5f5e0879c58e70b4f5c1_full.jpg"	"2026-09-05T21:27:34.469338+00:00"
"[U:1:61923169]"	"https://avatars.steamstatic.com/673fd611c97c887054d6fea1951fccc6df998368_full.jpg"	"2026-09-05T21:27:34.469338+00:00"
"[U:1:1258384645]"	"https://avatars.steamstatic.com/4f1315a6384379fef49d8577546027438c6c6e61_full.jpg"	"2026-09-05T21:27:34.469338+00:00"
"[U:1:1824826505]"	"https://avatars.steamstatic.com/5c51ca468a1d37f32931d310ea391b87c294d082_full.jpg"	"2026-09-05T21:27:34.469338+00:00"
"[U:1:1170641852]"	"https://avatars.steamstatic.com/411a97af5c6a2ebf355ff3b077dad2d03809e8fb_full.jpg"	"2026-09-05T21:27:34.469338+00:00"
"[U:1:83751163]"	"https://avatars.steamstatic.com/dd2b85c94e7983359e863a5039c624ddd8cee6ab_full.jpg"	"2026-09-05T21:27:34.469338+00:00"
"[U:1:38802604]"	"https://avatars.steamstatic.com/95d8f1c00bbdc43e289e494f3dad027a6f930ac4_full.jpg"	"2026-09-05T21:27:34.469338+00:00"
"[U:1:46789262]"	"https://avatars.steamstatic.com/8f7f5ff8ccbd4cc42a9e078cf7977221c7c9af5c_full.jpg"	"2026-09-05T21:27:34.469338+00:00"
"[U:1:783327170]"	"https://avatars.steamstatic.com/36778a3c6aa856283dcf06c7b426b24f7688f5ed_full.jpg"	"2026-09-05T21:27:34.469338+00:00"
"[U:1:324394636]"	"https://avatars.steamstatic.com/12f199bb49e5f89eb33bece1a17383c0e0eef190_full.jpg"	"2026-09-05T21:27:34.469338+00:00"
"[U:1:102969734]"	"https://avatars.steamstatic.com/ef51dec57de32232c30d48d99ea0fa6385cd5fd3_full.jpg"	"2026-09-05T21:27:34.469338+00:00"
"[U:1:1298405218]"	"https://avatars.steamstatic.com/d5547d0fc4719b83259309a2ea18f32778145e28_full.jpg"	"2026-09-05T21:27:34.469338+00:00"
"[U:1:893176778]"	"https://avatars.steamstatic.com/5f26df2b553b2fa286c38a9248db3cfc767020f3_full.jpg"	"2026-09-05T21:27:34.469338+00:00"
"[U:1:250668591]"	"https://avatars.steamstatic.com/5a5a7a55d03d310c5147139fc661e3b63aa4a8b5_full.jpg"	"2026-09-05T21:27:34.469338+00:00"
"[U:1:970258458]"	"https://avatars.steamstatic.com/a633771a878e2c1a4745c0b900a84d49f2b9c28f_full.jpg"	"2026-09-05T21:27:34.469338+00:00"
"[U:1:100804308]"	"https://avatars.steamstatic.com/6ec4542988ca1ed6fa88ab16c82d42a7da781a47_full.jpg"	"2026-09-05T21:27:34.469338+00:00"
"[U:1:85344926]"	"https://avatars.steamstatic.com/aa45ba7a84beda73b261541c9cecd5e6e93324ed_full.jpg"	"2026-09-05T21:27:34.469338+00:00"
"[U:1:1101678258]"	"https://avatars.steamstatic.com/ae3b475531d3d31151b5b0c6484cbf6af466e874_full.jpg"	"2026-09-05T21:27:34.469338+00:00"
"[U:1:81509109]"	"https://avatars.steamstatic.com/582f908957552507842565d3f09651b0e4eeab60_full.jpg"	"2026-09-05T21:27:34.469338+00:00"
"[U:1:209842550]"	"https://avatars.steamstatic.com/3abd90ed353835a806587d3fab2b4eb1a57f04b2_full.jpg"	"2026-09-05T21:27:34.469338+00:00"
"[U:1:207525998]"	"https://avatars.steamstatic.com/ee663c5ff22933053db7629a4759299f33e9f7ba_full.jpg"	"2026-09-05T21:27:34.469338+00:00"
"[U:1:1441177088]"	"https://avatars.steamstatic.com/a8c8687afdea3b5de736e12a528dc21bbbd8eabb_full.jpg"	"2026-09-05T21:27:34.469338+00:00"
"[U:1:173238820]"	"https://avatars.steamstatic.com/dd4c587619be67ef4a02467280743170056fbd9f_full.jpg"	"2026-09-05T21:27:34.469338+00:00"
"[U:1:127206357]"	"https://avatars.steamstatic.com/4bb03ffbe2a394ad50441a19b74042866cd803a8_full.jpg"	"2026-09-05T21:27:34.469338+00:00"
"[U:1:357943931]"	"https://avatars.steamstatic.com/8c59c544293adadb8c9c4fe1c5e341ff0fcecf78_full.jpg"	"2026-09-05T21:27:34.469338+00:00"
"[U:1:801421738]"	"https://avatars.steamstatic.com/0556083e5e2d665c7f0ff1bb63f1205454f2e3e6_full.jpg"	"2026-09-05T21:27:34.469338+00:00"
"[U:1:105224460]"	"https://avatars.steamstatic.com/40ee9c8ac3ef4931bdf87abac766ad8c8c8a15fb_full.jpg"	"2026-09-05T21:27:34.469338+00:00"
"[U:1:1129250063]"	"https://avatars.steamstatic.com/5fc866f4780bf85cf526b83d8f86186d9a0731c0_full.jpg"	"2026-09-05T21:27:34.469338+00:00"
"[U:1:1607024166]"	"https://avatars.steamstatic.com/5649279b851e70c6df1eb198ceee5e2f67532c9d_full.jpg"	"2026-09-05T21:27:34.469338+00:00"
"[U:1:144092111]"	"https://avatars.steamstatic.com/b0b1fa3c8dac990cf261c1eb2baf11dfc6b305fc_full.jpg"	"2026-09-05T21:27:34.469338+00:00"
"[U:1:279760838]"	"https://avatars.steamstatic.com/d48e57dc4672700340cfa24a7bd40409dee829f6_full.jpg"	"2026-09-05T21:27:34.469338+00:00"
"[U:1:1582546356]"	"https://avatars.steamstatic.com/6db2ac365ae4ee52c350ac4e9a34fdbf013c64ce_full.jpg"	"2026-09-05T21:27:34.469338+00:00"
"[U:1:195259187]"	"https://avatars.steamstatic.com/0b389cfb6aa7d51c6044e10c50c815d921ee0018_full.jpg"	"2026-09-05T21:27:34.469338+00:00"
"[U:1:1900960541]"	"https://avatars.steamstatic.com/86895e99023d794d0d549dc1509f0f5f922aa3d6_full.jpg"	"2026-09-05T21:27:34.469338+00:00"
"[U:1:123761424]"	"https://avatars.steamstatic.com/49b8fc0f64109308009c25636336670ba7d6066e_full.jpg"	"2026-09-05T21:27:34.469338+00:00"
"[U:1:1846885369]"	"https://avatars.steamstatic.com/e3061a8f7ec1858c42efceec89d76f2c2bcf6f06_full.jpg"	"2026-09-05T21:27:34.469338+00:00"
"[U:1:1077734671]"	"https://avatars.steamstatic.com/0939922db24c2445cbcf9f23f52453030ca432b8_full.jpg"	"2026-09-05T21:27:34.469338+00:00"
"[U:1:8852740]"	"https://avatars.steamstatic.com/b80e82242c07a755f58b44e8423f8b119ccda808_full.jpg"	"2026-09-05T21:27:34.469338+00:00"
"[U:1:159527016]"	"https://avatars.steamstatic.com/e5af4ded00e494d3a0c54a853939e6bb1e965bf8_full.jpg"	"2026-09-05T21:27:34.469338+00:00"
"[U:1:170724827]"	"https://avatars.steamstatic.com/9259650c7d85509f53b4ef19b5658a187a34c885_full.jpg"	"2026-09-05T21:27:34.469338+00:00"
"[U:1:81470546]"	"https://avatars.steamstatic.com/6783a0067e12ee3af4eb9c2ca9bccaeca03ed217_full.jpg"	"2026-09-05T21:27:34.469338+00:00"
"[U:1:482038678]"	"https://avatars.steamstatic.com/54604a9ca39dad23e6e3b768f19e9b12ca326c2f_full.jpg"	"2026-09-05T21:27:34.469338+00:00"
"[U:1:900339246]"	"https://avatars.steamstatic.com/f8cb65017454a34f60d8b8d9edd492077cec6309_full.jpg"	"2026-09-05T21:27:34.469338+00:00"
"[U:1:382183370]"	"https://avatars.steamstatic.com/eeeb6609ea41074d77b04b0190311cf35132ead8_full.jpg"	"2026-09-05T21:27:34.469338+00:00"
"[U:1:838973917]"	"https://avatars.steamstatic.com/d1efc39437b7c924fff88150d7d3554c3fb4006e_full.jpg"	"2026-09-05T21:27:34.469338+00:00"
"[U:1:1190947587]"	"https://avatars.steamstatic.com/733ff202d8f8fccfeef289c3b0079af75a46c29b_full.jpg"	"2026-09-05T21:27:34.469338+00:00"
"[U:1:75552134]"	"https://avatars.steamstatic.com/e7f00ae79fd2ef1a1848a45c0fbbc5f103f88059_full.jpg"	"2026-09-05T21:27:34.469338+00:00"
"[U:1:105607734]"	"https://avatars.steamstatic.com/5919cedfe68609309d00364252e047da676eacee_full.jpg"	"2026-09-05T21:27:34.469338+00:00"
"[U:1:194171767]"	"https://avatars.steamstatic.com/035980c3ad9704454118fb917e173ae331ee10f1_full.jpg"	"2026-09-05T21:27:34.469338+00:00"
"[U:1:245121232]"	"https://avatars.steamstatic.com/d54d9bd30cc6bdca88ed52092f01c4091c1317c5_full.jpg"	"2026-09-05T21:27:34.469338+00:00"
"[U:1:88731547]"	"https://avatars.steamstatic.com/d6e2d839193c933b7ec4fbc347441a94d572fc76_full.jpg"	"2026-09-05T21:27:34.469338+00:00"
"[U:1:178203876]"	"https://avatars.steamstatic.com/b0e0bdb39842f0e579d923a7ab1a559ab865ac9b_full.jpg"	"2026-09-05T21:27:34.469338+00:00"
"[U:1:190393418]"	"https://avatars.steamstatic.com/c7f27e2e467779a1e1b54ad8bdbdbb54bf71e4d3_full.jpg"	"2026-09-05T21:27:34.469338+00:00"
"[U:1:1037971328]"	"https://avatars.steamstatic.com/535d64e9d5c7ae384f884bcf803e5f9533274ef6_full.jpg"	"2026-09-05T21:27:34.469338+00:00"
"[U:1:39100589]"	"https://avatars.steamstatic.com/06746b188a14fdc6249da87993e21c4bf2342b61_full.jpg"	"2026-09-05T21:27:34.469338+00:00"
"[U:1:163572461]"	"https://avatars.steamstatic.com/645e0b2d4cd931e216ed387ac07d2133fff1b518_full.jpg"	"2026-09-05T21:27:34.469338+00:00"
"[U:1:1700896017]"	"https://avatars.steamstatic.com/e5840c865daf4b63dc6e724dfcd208d30a08ffb9_full.jpg"	"2026-09-05T21:27:34.469338+00:00"
"[U:1:1237371296]"	"https://avatars.steamstatic.com/c293c28982636383df5d1a086ad95c20011158ac_full.jpg"	"2026-09-05T21:27:34.469338+00:00"
"[U:1:210389777]"	"https://avatars.steamstatic.com/c8741c462929424027ac0c385cce5ff62ca17aa9_full.jpg"	"2026-09-05T21:27:34.469338+00:00"
"[U:1:1061525393]"	"https://avatars.steamstatic.com/ac6d7db2caf7c867b50fbbf0ad3adfac1e61d1e9_full.jpg"	"2026-09-05T21:27:34.469338+00:00"
"[U:1:486712035]"	"https://avatars.steamstatic.com/7e2ba14ea6003391d822869a4ed3bbc2527621c6_full.jpg"	"2026-09-05T21:27:34.469338+00:00"
"[U:1:1855664250]"	"https://avatars.steamstatic.com/25af5472be9fb6f80e8a5a1a64f28e8a34cf6727_full.jpg"	"2026-09-05T21:27:34.469338+00:00"
"[U:1:33714673]"	"https://avatars.steamstatic.com/43b8e2f64fc7c342d5cd5090afc3abf359661623_full.jpg"	"2026-09-05T21:27:34.469338+00:00"
"[U:1:1071126302]"	"https://avatars.steamstatic.com/b038e6c10ad8a748acfb93c68b365c0f1d33890e_full.jpg"	"2026-09-05T21:27:34.469338+00:00"
"[U:1:1224613914]"	"https://avatars.steamstatic.com/77f67e8a01bb628fd3c09ac79db5c63426b63425_full.jpg"	"2026-09-05T21:27:34.469338+00:00"
"[U:1:1042023010]"	"https://avatars.steamstatic.com/d90cb40b0d6b0a92b9e8647aae2a2281f4413235_full.jpg"	"2026-09-05T21:27:34.469338+00:00"
"[U:1:88620331]"	"https://avatars.steamstatic.com/56823331a72bf837bce48870a5e626f1a670d5c7_full.jpg"	"2026-09-05T21:27:34.469338+00:00"
"[U:1:163434527]"	"https://avatars.steamstatic.com/efb43180c0beedd1bec1e3dbf6800cc7e2c36e37_full.jpg"	"2026-09-05T21:27:34.469338+00:00"
"[U:1:165355896]"	"https://avatars.steamstatic.com/5d016fbdbc88b0acc92cc19226876bb431e79eea_full.jpg"	"2026-09-05T21:27:34.469338+00:00"
"[U:1:1638826736]"	"https://avatars.steamstatic.com/fef49e7fa7e1997310d705b2a6158ff8dc1cdfeb_full.jpg"	"2026-09-05T21:27:34.469338+00:00"
"[U:1:9972811]"	"https://avatars.steamstatic.com/f139717c25cae55ea00e22aee7ea88c73af1db73_full.jpg"	"2026-09-05T21:27:34.469338+00:00"
"[U:1:89766341]"	"https://avatars.steamstatic.com/c6480ecd6ad87742ff7010fb0b8ac7ed3be76091_full.jpg"	"2026-09-05T21:27:34.469338+00:00"
"[U:1:462571833]"	"https://avatars.steamstatic.com/6247ab60cd33963bb4245c640d43a8daf38874f2_full.jpg"	"2026-09-05T21:27:34.469338+00:00"
"[U:1:391212025]"	"https://avatars.steamstatic.com/f44d79ea2251c02c77f01f00c2bdc87ba1b1828e_full.jpg"	"2026-09-05T21:27:34.469338+00:00"
"[U:1:15945787]"	"https://avatars.steamstatic.com/9d05ca59e86a85ed8b45caf45e7785e927da5c1c_full.jpg"	"2026-09-05T21:27:34.469338+00:00"
"[U:1:1162411424]"	"https://avatars.steamstatic.com/3adfcddb900b81a9f3a0b9c60b31ce331433717a_full.jpg"	"2026-09-05T21:27:34.469338+00:00"
"[U:1:1399423840]"	"https://avatars.steamstatic.com/91badb0c0007beef2f4081283015acf3057daae4_full.jpg"	"2026-09-05T21:27:34.469338+00:00"
"[U:1:40525537]"	"https://avatars.steamstatic.com/be90940e709a9db2a4f979972e7f4799052d0f5d_full.jpg"	"2026-09-05T21:27:34.469338+00:00"
"[U:1:256826968]"	"https://avatars.steamstatic.com/fab32d5d7261d73e15dc105bc704823f92b15c38_full.jpg"	"2026-09-05T21:27:34.469338+00:00"
"[U:1:80462961]"	"https://avatars.steamstatic.com/de9f43fdc0a2393ddd3e960941e05c4d0f7d7c61_full.jpg"	"2026-09-05T21:27:34.469338+00:00"
"[U:1:1007270106]"	"https://avatars.steamstatic.com/fef49e7fa7e1997310d705b2a6158ff8dc1cdfeb_full.jpg"	"2026-09-05T21:27:34.469338+00:00"
"[U:1:1199558181]"	"https://avatars.steamstatic.com/42d173e0659029c120c2d37fc1b0137218433dc1_full.jpg"	"2026-09-05T21:27:34.469338+00:00"
"[U:1:32532554]"	"https://avatars.steamstatic.com/7f43f678d75f036d2d6f807d69ce839eee02ee23_full.jpg"	"2026-09-05T21:27:34.469338+00:00"
"[U:1:385965156]"	"https://avatars.steamstatic.com/6cb3f120e5ecce6e8c25e22213dccd06d9523916_full.jpg"	"2026-09-05T21:27:34.469338+00:00"
"[U:1:1308974329]"	"https://avatars.steamstatic.com/476e9652f649ae1028ca3f575fa5035e467ada70_full.jpg"	"2026-09-05T21:27:34.469338+00:00"
"[U:1:100609331]"	"https://avatars.steamstatic.com/46beb1bd84a37bc7e8cecdeefadffacfbfe7813e_full.jpg"	"2026-09-05T21:27:34.469338+00:00"
"[U:1:823663982]"	"https://avatars.steamstatic.com/daa36ba53fa7de726dc5dfc0f81dd5719193315c_full.jpg"	"2026-09-05T21:27:34.469338+00:00"
"[U:1:105821276]"	"https://avatars.steamstatic.com/2a52598255ef378f8e922b358dc6244741867bd8_full.jpg"	"2026-09-05T21:27:34.469338+00:00"
"[U:1:1264592662]"	"https://avatars.steamstatic.com/90a0cd245ee4f5daceb0b6fd176479cce3e2e68c_full.jpg"	"2026-09-05T21:27:34.469338+00:00"
"[U:1:911422642]"	"https://avatars.steamstatic.com/e537c5db72b04f2382bea4ead9565916aa8e3ae1_full.jpg"	"2026-09-05T21:27:34.469338+00:00"
"[U:1:69408974]"	"https://avatars.steamstatic.com/3524034b7688bc3bd108265439c0909e918fb412_full.jpg"	"2026-09-05T21:27:34.469338+00:00"
"[U:1:179906294]"	"https://avatars.steamstatic.com/9de5acce8a6875608bb394114db5e50933adcf89_full.jpg"	"2026-09-05T21:27:34.469338+00:00"
"[U:1:1041960874]"	"https://avatars.steamstatic.com/9b0fd4a118a42b17ffd9a585baec3ecc0fa7cce9_full.jpg"	"2026-09-05T21:27:34.469338+00:00"
"[U:1:185486271]"	"https://avatars.steamstatic.com/877a2a139e7fe27097cd8656dd22ef34d579c589_full.jpg"	"2026-09-05T21:27:34.469338+00:00"
"[U:1:33262219]"	"https://avatars.steamstatic.com/f08850bf8d5c66d9211681e8e717931d2e612a59_full.jpg"	"2026-09-05T21:27:34.469338+00:00"
"[U:1:121620231]"	"https://avatars.steamstatic.com/04caac608b03a527cd8d3a8722a87a3c63ee86e1_full.jpg"	"2026-09-05T21:27:34.469338+00:00"
"[U:1:322214527]"	"https://avatars.steamstatic.com/e8e349c3a970893573e9910d7ebefd36c959aa9c_full.jpg"	"2026-09-05T21:27:34.469338+00:00"
"[U:1:1347120738]"	"https://avatars.steamstatic.com/1682289fe9ec3905ac785d2fc7aa566855ec39e8_full.jpg"	"2026-09-05T21:27:34.469338+00:00"
"[U:1:38099524]"	"https://avatars.steamstatic.com/fef3d229279b9b7e045d859a8761ff525488674c_full.jpg"	"2026-09-05T21:27:34.469338+00:00"
"[U:1:795394381]"	"https://avatars.steamstatic.com/07728a4a670144d9e82056c1735ee514c8701fdb_full.jpg"	"2026-09-05T21:27:34.469338+00:00"
"[U:1:1235931163]"	"https://avatars.steamstatic.com/b17bc851caaede75bf8bcff86a313b397d1962fc_full.jpg"	"2026-09-05T21:27:34.469338+00:00"
"[U:1:1174164808]"	"https://avatars.steamstatic.com/ebe207c4955a0ce3effacb47991fa96f87e2ebb1_full.jpg"	"2026-09-05T21:27:34.469338+00:00"
"[U:1:68022621]"	"https://avatars.steamstatic.com/0b04d08cd5be3f69c9d3a435fb9a1774396eda18_full.jpg"	"2026-09-05T21:27:34.469338+00:00"
"[U:1:9124033]"	"https://avatars.steamstatic.com/fef49e7fa7e1997310d705b2a6158ff8dc1cdfeb_full.jpg"	"2026-09-05T21:27:34.469338+00:00"
"[U:1:102498028]"	"https://avatars.steamstatic.com/3e3b683dac37e7b311ac1b68356a2758c394a634_full.jpg"	"2026-09-05T21:27:34.469338+00:00"
"[U:1:247286009]"	"https://avatars.steamstatic.com/4c2805b29a5b2067fd5abbf3926298c0e5077905_full.jpg"	"2026-09-05T21:27:34.469338+00:00"
"[U:1:478586938]"	"https://avatars.steamstatic.com/94e7a3c7d67e624afffbcdace382248904af2397_full.jpg"	"2026-09-05T21:27:34.469338+00:00"
"[U:1:18027293]"	"https://avatars.steamstatic.com/198d94144d30b82aa1dda1160e0cf9fbb2ec314b_full.jpg"	"2026-09-05T21:27:34.469338+00:00"
"[U:1:38490311]"	"https://avatars.steamstatic.com/e0407b0bc2839995a4be1731ef0f367401033147_full.jpg"	"2026-09-05T21:27:34.469338+00:00"
"[U:1:128985113]"	"https://avatars.steamstatic.com/081685db085c07f73712d6c9dad0712bcf97f70b_full.jpg"	"2026-09-05T21:27:34.469338+00:00"
"[U:1:160850741]"	"https://avatars.steamstatic.com/4b1654d301f5077aaa8167a93fa1a063558434b8_full.jpg"	"2026-09-05T21:27:34.469338+00:00"
"[U:1:140335665]"	"https://avatars.steamstatic.com/b3a86950e81c29fb74a5ee1fd4c67bbab66b056b_full.jpg"	"2026-09-05T21:27:34.469338+00:00"
"[U:1:1589366285]"	"https://avatars.steamstatic.com/fab32d5d7261d73e15dc105bc704823f92b15c38_full.jpg"	"2026-09-05T21:27:34.469338+00:00"
"[U:1:174972034]"	"https://avatars.steamstatic.com/878dd2db1b409cc97e637399ee8d4df2d68eec6e_full.jpg"	"2026-09-05T21:27:34.469338+00:00"
"[U:1:759360539]"	"https://avatars.steamstatic.com/4547f6f7d7de4b435e4b481c202a3cad9784a6ba_full.jpg"	"2026-09-05T21:27:34.469338+00:00"
"[U:1:158318014]"	"https://avatars.steamstatic.com/411e6154ed0134a4fa914506123220a1b5fa3635_full.jpg"	"2026-09-05T21:27:34.469338+00:00"
"[U:1:1862241000]"	"https://avatars.steamstatic.com/98ac93ab4a72de920a11e946743e006041e28907_full.jpg"	"2026-09-05T21:27:34.469338+00:00"
"[U:1:839796417]"	"https://avatars.steamstatic.com/90f780011c2eefeae86650e12a2236f1140158cf_full.jpg"	"2026-09-05T21:27:34.469338+00:00"
"[U:1:87127043]"	"https://avatars.steamstatic.com/c4924ddfd0310b6f943de83f148dda4f619994ed_full.jpg"	"2026-09-05T21:27:34.469338+00:00"
"[U:1:164513892]"	"https://avatars.steamstatic.com/201bbf2b42cbf8f19be2978f3aaa97cd031acbf1_full.jpg"	"2026-09-05T21:27:34.469338+00:00"
"[U:1:893389687]"	"https://avatars.steamstatic.com/bd8990f36644fa556e3b3991597813bdc85389b6_full.jpg"	"2026-09-05T21:27:34.469338+00:00"
"[U:1:43813154]"	"https://avatars.steamstatic.com/3b2b397e145279433ac3a75160f2ff0a1d6676c0_full.jpg"	"2026-09-05T21:27:34.469338+00:00"
"[U:1:1079580850]"	"https://avatars.steamstatic.com/1c36f0f4ed00bcafe65d03c9c1d37d51bea6da70_full.jpg"	"2026-09-05T21:27:34.469338+00:00"
"[U:1:1632245116]"	"https://avatars.steamstatic.com/fef49e7fa7e1997310d705b2a6158ff8dc1cdfeb_full.jpg"	"2026-09-05T21:27:34.469338+00:00"
"[U:1:39171677]"	"https://avatars.steamstatic.com/503c266952bebe4bb1087ba8337f95604cb9ab53_full.jpg"	"2026-09-05T21:27:34.469338+00:00"
"[U:1:209651305]"	"https://avatars.steamstatic.com/27d21b38d7495c86befde3ea2b0ea8456e650604_full.jpg"	"2026-09-05T21:27:34.469338+00:00"
"[U:1:1127961661]"	"https://avatars.steamstatic.com/c36f3559279404e943f76a7aaeed3db6d3fd428f_full.jpg"	"2026-09-05T21:27:34.469338+00:00"
"[U:1:909057623]"	"https://avatars.steamstatic.com/a84d565753119bb77f67a16f23049f6478e06752_full.jpg"	"2026-09-05T21:27:34.469338+00:00"
"[U:1:129901632]"	"https://avatars.steamstatic.com/f09d3818279acd70e46cace094d1f798c7813d66_full.jpg"	"2026-09-05T21:27:34.469338+00:00"
"[U:1:248179845]"	"https://avatars.steamstatic.com/6d26818373a6c34a64cf4ab25df72bc31349abd6_full.jpg"	"2026-09-05T21:27:34.469338+00:00"
"[U:1:1911638866]"	"https://avatars.steamstatic.com/fef49e7fa7e1997310d705b2a6158ff8dc1cdfeb_full.jpg"	"2026-09-05T21:27:34.469338+00:00"
"[U:1:136734722]"	"https://avatars.steamstatic.com/6e856f0eb2cbf79f87fc19e1b231b372da9592e8_full.jpg"	"2026-09-05T21:27:34.469338+00:00"
"[U:1:1005494415]"	"https://avatars.steamstatic.com/84bc59634335e8681fedd5357edc83873de72456_full.jpg"	"2026-09-05T21:27:34.469338+00:00"
"[U:1:133528402]"	"https://avatars.steamstatic.com/7017932811d1d479b61e20564b5253264fd297ab_full.jpg"	"2026-09-05T21:27:34.469338+00:00"
"[U:1:1649554676]"	"https://avatars.steamstatic.com/09e2c0f4113249720a7382caf6058f49cca3a9b5_full.jpg"	"2026-09-05T21:27:34.469338+00:00"
"[U:1:400489099]"	"https://avatars.steamstatic.com/279acc9456eda3909c9bfd64a0bfee9be5e2c9c1_full.jpg"	"2026-09-05T21:27:34.469338+00:00"
"[U:1:123876123]"	"https://avatars.steamstatic.com/e53c9ffabef47668407253768cc08738b500eea3_full.jpg"	"2026-09-05T21:27:34.469338+00:00"
"[U:1:453870259]"	"https://avatars.steamstatic.com/b45bd75f72f73535b90fe8500699942cd1e45e6b_full.jpg"	"2026-09-05T21:27:34.469338+00:00"
"[U:1:1685952262]"	"https://avatars.steamstatic.com/ffa6dd13b062dc6209ed99852bf5f729c004ba42_full.jpg"	"2026-09-05T21:27:34.469338+00:00"
"[U:1:180875896]"	"https://avatars.steamstatic.com/6641e75b8730bc462b567a35cb525ffc85931fcb_full.jpg"	"2026-09-05T21:27:34.469338+00:00"
"[U:1:831192047]"	"https://avatars.steamstatic.com/c16306e301cdcaefb852d5311c1b28313523f3b8_full.jpg"	"2026-09-05T21:27:34.469338+00:00"
"[U:1:209700810]"	"https://avatars.steamstatic.com/07d554dda416b0d9ebdf3212719ca0977f1035b5_full.jpg"	"2026-09-05T21:27:34.469338+00:00"
"[U:1:33475766]"	"https://avatars.steamstatic.com/4e508921b2f539a692cd3203ae54f8f28249d7b7_full.jpg"	"2026-09-05T21:27:34.469338+00:00"
"[U:1:92720595]"	"https://avatars.steamstatic.com/fa1e9df88eb6d8ee62f1ec552a1bcd4f0902ae74_full.jpg"	"2026-09-05T21:27:34.469338+00:00"
"[U:1:942086878]"	"https://avatars.steamstatic.com/049c17be063397d25c0ddf9d6556e780ae5184c5_full.jpg"	"2026-09-05T21:27:34.469338+00:00"
"[U:1:67178915]"	"https://avatars.steamstatic.com/9ab854c23ad39c58c4a0dcb78a9104a2cd9691d4_full.jpg"	"2026-09-05T21:27:34.469338+00:00"
"[U:1:1918696836]"	"https://avatars.steamstatic.com/fef49e7fa7e1997310d705b2a6158ff8dc1cdfeb_full.jpg"	"2026-09-05T21:27:34.469338+00:00"
"[U:1:1905560517]"	"https://avatars.steamstatic.com/6593a7da9c7c377e7ea690014e03356a8173f1cb_full.jpg"	"2026-09-05T21:27:34.469338+00:00"
"[U:1:1704127495]"	"https://avatars.steamstatic.com/fab0660d1774ce6f081d04547b1d33dc9865dc29_full.jpg"	"2026-09-05T21:27:34.469338+00:00"
"[U:1:134295356]"	"https://avatars.steamstatic.com/13b005aefc2643ec7da7927b9e645287faa2204e_full.jpg"	"2026-09-05T21:27:34.469338+00:00"
"[U:1:1763895517]"	"https://avatars.steamstatic.com/3052e230f07e86ad96e0b594f34f9b3764352f6e_full.jpg"	"2026-09-05T21:27:34.469338+00:00"
"[U:1:52244751]"	"https://avatars.steamstatic.com/aad78543df6459540b6b93d8bfccc5c613939b22_full.jpg"	"2026-09-05T21:27:34.469338+00:00"
"[U:1:1158218315]"	"https://avatars.steamstatic.com/a3ef9b02627a273aea7945720dd81f8c8b483416_full.jpg"	"2026-09-05T21:27:34.469338+00:00"
"[U:1:83461138]"	"https://avatars.steamstatic.com/0ef1020051b375e59bccfc220d8fb0447207ad92_full.jpg"	"2026-09-05T21:27:34.469338+00:00"
"[U:1:488582897]"	"https://avatars.steamstatic.com/f9969964d2fb63095e0145efb527d3b58adfe0f2_full.jpg"	"2026-09-05T21:27:34.469338+00:00"
"[U:1:199073714]"	"https://avatars.steamstatic.com/a153bc8c4112fb6700de88f0affe4c47295bd7c6_full.jpg"	"2026-09-05T21:27:34.469338+00:00"
"[U:1:1577461912]"	"https://avatars.steamstatic.com/b057af286e16ff38e14180d0587c8972a4b86ab3_full.jpg"	"2026-09-05T21:27:34.469338+00:00"
"[U:1:285743316]"	"https://avatars.steamstatic.com/c3c8a4b518e4d1f5b8ef47eecf035c52b7a5b9c6_full.jpg"	"2026-09-05T21:27:34.469338+00:00"
"[U:1:116313545]"	"https://avatars.steamstatic.com/eb142e22102fae63c54332ae2e9b034fb6923583_full.jpg"	"2026-09-05T21:27:34.469338+00:00"
"[U:1:1142598990]"	"https://avatars.steamstatic.com/ee23c4645407599f035c5705dc0616813e3ba696_full.jpg"	"2026-09-05T21:27:34.469338+00:00"
"[U:1:1184395915]"	"https://avatars.steamstatic.com/8fa7357dd5231dfae2ac855f49a1150cfa27a16d_full.jpg"	"2026-09-05T21:27:34.469338+00:00"
"[U:1:179774796]"	"https://avatars.steamstatic.com/779eb88915109a961be6f83181efcada59266bb2_full.jpg"	"2026-09-05T21:27:34.469338+00:00"
"[U:1:242455096]"	"https://avatars.steamstatic.com/9da337fba8e8d5c85f8296f82ad33e3a4fcf0594_full.jpg"	"2026-09-05T21:27:34.469338+00:00"
"[U:1:1048783696]"	"https://avatars.steamstatic.com/56cd465a582bab03dbe6e5c4adfcd3a02e314438_full.jpg"	"2026-09-05T21:27:34.469338+00:00"
"[U:1:1325365148]"	"https://avatars.steamstatic.com/3572edb0ad54b1541cc626c7f99fbb4c00a69716_full.jpg"	"2026-09-05T21:27:34.469338+00:00"
"[U:1:58767546]"	"https://avatars.steamstatic.com/e72417967de97ae881205599478b60f1de6ac1c6_full.jpg"	"2026-09-05T21:27:34.469338+00:00"
"[U:1:1007484806]"	"https://avatars.steamstatic.com/0f0181d5ce4ea1e4ac97f2fc5871e176b1f9665c_full.jpg"	"2026-09-05T21:27:34.469338+00:00"
"[U:1:102048383]"	"https://avatars.steamstatic.com/c8685a30c98ae5a30bdabe845063487ac59884d8_full.jpg"	"2026-09-05T21:27:34.469338+00:00"
"[U:1:1256357501]"	"https://avatars.steamstatic.com/e9a2e9cd9d83bb92b25f56979b149244923cbf43_full.jpg"	"2026-09-05T21:27:34.469338+00:00"
"[U:1:100912245]"	"https://avatars.steamstatic.com/d099d91c4f7ad8cc7ab3fc1061c18d8dd12a9d6b_full.jpg"	"2026-09-05T21:27:34.469338+00:00"
"[U:1:80670280]"	"https://avatars.steamstatic.com/3b248fcac88362e85160d79b517aa5e5ba57cf14_full.jpg"	"2026-09-05T21:27:34.469338+00:00"
"[U:1:45000081]"	"https://avatars.steamstatic.com/c5da13940a3d4a9e6b84a5d7dc8527e57dcfe942_full.jpg"	"2026-09-05T21:27:34.469338+00:00"
"[U:1:271159056]"	"https://avatars.steamstatic.com/463557031297500fa366d852583af95ee794da38_full.jpg"	"2026-09-05T21:27:34.469338+00:00"
"[U:1:1515493695]"	"https://avatars.steamstatic.com/ec43e01690de1e2bf1e37a9fcfb2d8d8fd506f7c_full.jpg"	"2026-09-05T21:27:34.469338+00:00"
"[U:1:110455295]"	"https://avatars.steamstatic.com/f4d0bfe8421ecc7d46d770f20ad06237cafc215c_full.jpg"	"2026-09-05T21:27:34.469338+00:00"
"[U:1:146192540]"	"https://avatars.steamstatic.com/0f34e06591c1af61d4f0a1e773444c1027533a4e_full.jpg"	"2026-09-05T21:27:34.469338+00:00"
"[U:1:199481582]"	"https://avatars.steamstatic.com/929c74e23a7966ec0d1174e59ba56b795be00f30_full.jpg"	"2026-09-05T21:27:34.469338+00:00"
"[U:1:1255287994]"	"https://avatars.steamstatic.com/28ddcb8c12fd44eedada3dee95be63a474ac5c97_full.jpg"	"2026-09-05T21:27:34.469338+00:00"
"[U:1:1697140126]"	"https://avatars.steamstatic.com/287329892e816ebe90df5b919f9c97f82df1270d_full.jpg"	"2026-09-05T21:27:34.469338+00:00"
"[U:1:117626208]"	"https://avatars.steamstatic.com/0d626d8788f252d3560cb2fcc2e64c8ab409ee08_full.jpg"	"2026-09-05T21:27:34.469338+00:00"
"[U:1:835585542]"	"https://avatars.steamstatic.com/a9539311e2c04ea59523f3baa065f838005db548_full.jpg"	"2026-09-05T21:27:34.469338+00:00"
"[U:1:84729878]"	"https://avatars.steamstatic.com/7589ba859c4f70ec7963afe1eb0fe63f49394b3c_full.jpg"	"2026-09-05T21:27:34.469338+00:00"
"[U:1:75567507]"	"https://avatars.steamstatic.com/e1d2cabaca6d3cd0d1f306aa33ee783ab154a573_full.jpg"	"2026-09-05T21:27:34.469338+00:00"
"[U:1:1515843230]"	"https://avatars.steamstatic.com/083cfaaec1bbe06fb3528d5508ba10b918e829b7_full.jpg"	"2026-09-05T21:27:34.469338+00:00"
"[U:1:44594651]"	"https://avatars.steamstatic.com/bbbf574eaecc3580ab264b09fea41f2f4efde0cd_full.jpg"	"2026-09-05T21:27:34.469338+00:00"
"[U:1:133795126]"	"https://avatars.steamstatic.com/3a4960937a1dbd56a4d49383fa613dd68b3707f6_full.jpg"	"2026-09-05T21:27:34.469338+00:00"
"[U:1:417573399]"	"https://avatars.steamstatic.com/f09b8e45626dcb635367d1749baca029ded01dda_full.jpg"	"2026-09-05T21:27:34.469338+00:00"
"[U:1:97733808]"	"https://avatars.steamstatic.com/23ea41e76f38ab2e69d17621f817ce03cedbea96_full.jpg"	"2026-09-05T21:27:34.469338+00:00"
"[U:1:43793686]"	"https://avatars.steamstatic.com/d69129a76d26b6f21f1b762b175f7aeffdcb2947_full.jpg"	"2026-09-05T21:27:34.469338+00:00"
"[U:1:1203909423]"	"https://avatars.steamstatic.com/9ed36beb5d09f2eafba210f988322cf050f1eb08_full.jpg"	"2026-09-05T21:27:34.469338+00:00"
"[U:1:279654530]"	"https://avatars.steamstatic.com/3ee699e03a4fdbc90a16718a36ba5e24a3f64d59_full.jpg"	"2026-09-05T21:27:34.469338+00:00"
"[U:1:125597020]"	"https://avatars.steamstatic.com/ab0df82e9eba32a87dd5db1a3dc3340f416bcce1_full.jpg"	"2026-09-05T21:27:34.469338+00:00"
"[U:1:1443850719]"	"https://avatars.steamstatic.com/af42b901cfa3907b46e034c90755829e4462fd82_full.jpg"	"2026-09-05T21:27:34.469338+00:00"
"[U:1:105274278]"	"https://avatars.steamstatic.com/ac075c11fc0c924668a8158b377bbe03a5c6ca66_full.jpg"	"2026-09-05T21:27:34.469338+00:00"
"[U:1:173355469]"	"https://avatars.steamstatic.com/8a78a24d3ae3031caf2695bc4dede2d6eb7af7cf_full.jpg"	"2026-09-05T21:27:34.469338+00:00"
"[U:1:1921191540]"	"https://avatars.steamstatic.com/72cd7fe5c592979ba421ae242f7d69b44ee35561_full.jpg"	"2026-09-05T21:27:34.469338+00:00"
"[U:1:179536730]"	"https://avatars.steamstatic.com/7161005bfd621545939ffc6289fff76ae4c07ed1_full.jpg"	"2026-09-05T21:27:34.469338+00:00"
"[U:1:106420732]"	"https://avatars.steamstatic.com/7831c4e49f4f79e1f7875be8dcf692534a100c45_full.jpg"	"2026-09-05T21:27:34.469338+00:00"
"[U:1:41808141]"	"https://avatars.steamstatic.com/58ebb7fc4919903504cfdbbaf7e8a76a13638f79_full.jpg"	"2026-09-05T21:27:34.469338+00:00"
"[U:1:173023448]"	"https://avatars.steamstatic.com/17f5586feb9b5377c8add7c7ad909074e81be59f_full.jpg"	"2026-09-05T21:27:34.469338+00:00"
"[U:1:159403180]"	"https://avatars.steamstatic.com/22a9276f035c295d78dedf353bcdc96ae0d5114c_full.jpg"	"2026-09-05T21:27:34.469338+00:00"
"[U:1:934136032]"	"https://avatars.steamstatic.com/e70d2bc5c641449994ad7fba0e54ac0ed046c53c_full.jpg"	"2026-09-05T21:27:34.469338+00:00"
"[U:1:157695223]"	"https://avatars.steamstatic.com/43c2fa8ce62d16df8c3adcb65c94c4cb77ffa517_full.jpg"	"2026-09-05T21:27:34.469338+00:00"
"[U:1:907026640]"	"https://avatars.steamstatic.com/7d374bcb4b6525582232bb790cab11395b1808db_full.jpg"	"2026-09-05T21:27:34.469338+00:00"
"[U:1:131264964]"	"https://avatars.steamstatic.com/27aefad71e18e99b0fdba7e5047e44da7b05ef21_full.jpg"	"2026-09-05T21:27:34.469338+00:00"
"[U:1:80735557]"	"https://avatars.steamstatic.com/d552140e3dd848beeb33a0e7b1347ec6d0c7c017_full.jpg"	"2026-09-05T21:27:34.469338+00:00"
"[U:1:1838195729]"	"https://avatars.steamstatic.com/1138f7e55fa54f4f1261cba16ea2b01e44538989_full.jpg"	"2026-09-05T21:27:34.469338+00:00"
"[U:1:1042988405]"	"https://avatars.steamstatic.com/2cf99b16a277e17e5cbf762b5cc8a79eab4da38a_full.jpg"	"2026-09-05T21:27:34.469338+00:00"
"[U:1:1160332221]"	"https://avatars.steamstatic.com/94319628b6d379e9a2fd9551e1282247d904b2de_full.jpg"	"2026-09-05T21:27:34.469338+00:00"
"[U:1:139206301]"	"https://avatars.steamstatic.com/23747e7ce9acd00aeebf30336a168e59d3e5d5af_full.jpg"	"2026-09-05T21:27:34.469338+00:00"
"[U:1:136034586]"	"https://avatars.steamstatic.com/6ddae1f7416bdb30e4ed461a72400f3f90842574_full.jpg"	"2026-09-05T21:27:34.469338+00:00"
"[U:1:313525558]"	"https://avatars.steamstatic.com/cf8e3a29a2e63ab999b1cc8a6caeaca7d17d1aa0_full.jpg"	"2026-09-05T21:27:34.469338+00:00"
"[U:1:63114845]"	"https://avatars.steamstatic.com/2b05771b729cd4e37040ed3064528c4594cf91a1_full.jpg"	"2026-09-05T21:27:34.469338+00:00"
"[U:1:1136400609]"	"https://avatars.steamstatic.com/4efbb9ea375b4898e5ecce60a136e64a0274426e_full.jpg"	"2026-09-05T21:27:34.469338+00:00"
"[U:1:1069849161]"	"https://avatars.steamstatic.com/7fb94c589e861bb110697cd71f96f2e2e05e3551_full.jpg"	"2026-09-05T21:27:34.469338+00:00"
"[U:1:1137441598]"	"https://avatars.steamstatic.com/ad65bd9b70b383559d13380f5fee1d671e302ac7_full.jpg"	"2026-09-05T21:27:34.469338+00:00"
"[U:1:41929634]"	"https://avatars.steamstatic.com/b5c1705442e6712052005b12e190544e0335b270_full.jpg"	"2026-09-05T21:27:34.469338+00:00"
"[U:1:129770678]"	"https://avatars.steamstatic.com/f5779964fa870cad057ff80e21e5a4d450f31925_full.jpg"	"2026-09-05T21:27:34.469338+00:00"
"[U:1:273322196]"	"https://avatars.steamstatic.com/077f05f31f57a3846266b6bf9216d5edd03efac0_full.jpg"	"2026-09-05T21:27:34.469338+00:00"
"[U:1:1593986577]"	"https://avatars.steamstatic.com/7c576e5510d135c53a173436cf9a3d04c62fee87_full.jpg"	"2026-09-05T21:27:34.469338+00:00"
"[U:1:213655963]"	"https://avatars.steamstatic.com/8e23d0554436aa5881329a73f51e8112bb03765e_full.jpg"	"2026-09-05T21:27:34.469338+00:00"
"[U:1:142509262]"	"https://avatars.steamstatic.com/2062361596ed6227892b381c7ef4b363cc79a6ff_full.jpg"	"2026-09-05T21:27:34.469338+00:00"
"[U:1:334795842]"	"https://avatars.steamstatic.com/2be158ff3e387d5717d7fcbdf8db74a3e3aa587a_full.jpg"	"2026-09-05T21:27:34.469338+00:00"
"[U:1:92979424]"	"https://avatars.steamstatic.com/beb99f92e10a64433788ea11a5ea017eaa512782_full.jpg"	"2026-09-05T21:27:34.469338+00:00"
"[U:1:199077740]"	"https://avatars.steamstatic.com/addb9269f10ebf6c71b769fdfce6f4dbd6f8fea3_full.jpg"	"2026-09-05T21:27:34.469338+00:00"
"[U:1:1163038649]"	"https://avatars.steamstatic.com/eb2ada595cc44871137e47dcd2d40c4a367401a7_full.jpg"	"2026-09-05T21:27:34.469338+00:00"
"[U:1:347079681]"	"https://avatars.steamstatic.com/80abb51e436d0276986579a84d2052cefaa404fd_full.jpg"	"2026-09-05T21:27:34.469338+00:00"
"[U:1:839760705]"	"https://avatars.steamstatic.com/a2e7a925e681ad1c6f0d082f6f68ef8415004b20_full.jpg"	"2026-09-05T21:27:34.469338+00:00"
"[U:1:259902861]"	"https://avatars.steamstatic.com/e06b4b3612895339b31f9eb18479cda051cdab86_full.jpg"	"2026-09-05T21:27:34.469338+00:00"
"[U:1:169976733]"	"https://avatars.steamstatic.com/a44256fb962158843dea54bc35fbea2b1e63ffb9_full.jpg"	"2026-09-05T21:27:34.469338+00:00"
"[U:1:1483351202]"	"https://avatars.steamstatic.com/67a9a0b9e0800afcd822492b762d161e021584aa_full.jpg"	"2026-09-05T21:27:34.469338+00:00"
"[U:1:7254608]"	"https://avatars.steamstatic.com/80fb6162d9c39d62f265d8c51f023bcd9f962d62_full.jpg"	"2026-09-05T21:27:34.469338+00:00"
"[U:1:6767480]"	"https://avatars.steamstatic.com/4c7781f2e2b91a554c4ff9ed5f0c647816fa4ae1_full.jpg"	"2026-09-05T21:27:34.469338+00:00"
"[U:1:88953360]"	"https://avatars.steamstatic.com/ce5dbfedf5d269023d3e2697cdf5bbb9dd8d3f49_full.jpg"	"2026-09-05T21:27:34.469338+00:00"
"[U:1:241012143]"	"https://avatars.steamstatic.com/c1016272829dc7c0f0a17b93c3ee970eeb7666ab_full.jpg"	"2026-09-05T21:27:34.469338+00:00"
"[U:1:137915769]"	"https://avatars.steamstatic.com/41f5eb425df18c467ce10fe3ee38eda3e223243a_full.jpg"	"2026-09-05T21:27:34.469338+00:00"
"[U:1:1572344240]"	"https://avatars.steamstatic.com/ab8c729539ad1537f88888f8f9b476fd12e4ddb9_full.jpg"	"2026-09-05T21:27:34.469338+00:00"
"[U:1:230971386]"	"https://avatars.steamstatic.com/d869eda031f834bdcbe568caaf640e228c5be16a_full.jpg"	"2026-09-05T21:27:34.469338+00:00"
"[U:1:312154930]"	"https://avatars.steamstatic.com/fe1063493bb2295784f4eaca2123813dda6fd720_full.jpg"	"2026-09-05T21:27:34.469338+00:00"
"[U:1:1117201196]"	"https://avatars.steamstatic.com/e32cadb3d28b2c0975eb5d09b0aa4ac2182db6ba_full.jpg"	"2026-09-05T21:27:34.469338+00:00"
"[U:1:298368840]"	"https://avatars.steamstatic.com/971cbe136384f2d7064bc110f8d99c5bd672c597_full.jpg"	"2026-09-05T21:27:34.469338+00:00"
"[U:1:197724306]"	"https://avatars.steamstatic.com/18616843ccf3095c59719b15b14601e1e2b9f3ed_full.jpg"	"2026-09-05T21:27:34.469338+00:00"
"[U:1:1130499674]"	"https://avatars.steamstatic.com/e8ef2b11eee5e2b7b13c3a82cbbbb5e4efdb454a_full.jpg"	"2026-09-05T21:27:34.469338+00:00"
"[U:1:1159750782]"	"https://avatars.steamstatic.com/88f563ea85c37fadd78cda6e95b0b328ae933fba_full.jpg"	"2026-09-05T21:27:34.469338+00:00"
"[U:1:217238457]"	"https://avatars.steamstatic.com/12970441fc6dd8c7403f1b56977ebb3ec4a466af_full.jpg"	"2026-09-05T21:27:34.469338+00:00"
"[U:1:61878168]"	"https://avatars.steamstatic.com/fef49e7fa7e1997310d705b2a6158ff8dc1cdfeb_full.jpg"	"2026-09-05T21:27:34.469338+00:00"
"[U:1:847096130]"	"https://avatars.steamstatic.com/fef49e7fa7e1997310d705b2a6158ff8dc1cdfeb_full.jpg"	"2026-09-05T21:27:34.469338+00:00"
"[U:1:1230856882]"	"https://avatars.steamstatic.com/b06db26b73c9c9a540c025a1289e3190b4118fba_full.jpg"	"2026-09-05T21:27:34.469338+00:00"
"[U:1:785821055]"	"https://avatars.steamstatic.com/5a983ec6026b088107c0ea3561ebd820ff319c13_full.jpg"	"2026-09-05T21:27:34.469338+00:00"
"[U:1:36640468]"	"https://avatars.steamstatic.com/1105058dbcc05be1ab3e441d8103ecb2b5e254f7_full.jpg"	"2026-09-05T21:27:34.469338+00:00"
"[U:1:162537924]"	"https://avatars.steamstatic.com/3c2e00839ac9308857ca043084a5ce1793a38e82_full.jpg"	"2026-09-05T21:27:34.469338+00:00"
"[U:1:230509474]"	"https://avatars.steamstatic.com/2601f7b379b1f6f47d3d854f0838748594b27150_full.jpg"	"2026-09-05T21:27:34.469338+00:00"
"[U:1:456299489]"	"https://avatars.steamstatic.com/ff37978cebe437d3215228ea3b5e683f94db3173_full.jpg"	"2026-09-05T21:27:34.469338+00:00"
"[U:1:1086774648]"	"https://avatars.steamstatic.com/d8aea0befe4abc616f23b445fc7025e8584c98bf_full.jpg"	"2026-09-05T21:27:34.469338+00:00"
"[U:1:161554314]"	"https://avatars.steamstatic.com/4574a26b9c0202693af2b636702b8256cb15c08f_full.jpg"	"2026-09-05T21:27:34.469338+00:00"
"[U:1:1889864143]"	"https://avatars.steamstatic.com/df68dd33be50e3df6562b50ad6c7cfcb3c6b693c_full.jpg"	"2026-09-05T21:27:34.469338+00:00"
"[U:1:1430846432]"	"https://avatars.steamstatic.com/691731c90e6a0dc58f1e68af84a686f473e6bb9d_full.jpg"	"2026-09-05T21:27:34.469338+00:00"
"[U:1:725927823]"	"https://avatars.steamstatic.com/68c3158155a2e1af971274f8c2c5475f9168e914_full.jpg"	"2026-09-05T21:27:34.469338+00:00"
"[U:1:1839252492]"	"https://avatars.steamstatic.com/2157c278b3fe891b79531ab9695f40744bff6459_full.jpg"	"2026-09-05T21:27:34.469338+00:00"
"[U:1:188929571]"	"https://avatars.steamstatic.com/900589581c48b938615a9294502566ccc86fa9b0_full.jpg"	"2026-09-05T21:27:34.469338+00:00"
"[U:1:216077467]"	"https://avatars.steamstatic.com/b9741420e84f39e5067d58ca5ca6683c8f845d09_full.jpg"	"2026-09-05T21:27:34.469338+00:00"
"[U:1:1526754130]"	"https://avatars.steamstatic.com/ea974d9ddf29921832bed4a8061c8bb1d7c2b22e_full.jpg"	"2026-09-05T21:27:34.469338+00:00"
"[U:1:231158251]"	"https://avatars.steamstatic.com/67ae6a5876aaaf5b4dbb9ae70a0a6568d0d964f2_full.jpg"	"2026-09-05T21:27:34.469338+00:00"
"[U:1:241796183]"	"https://avatars.steamstatic.com/fef49e7fa7e1997310d705b2a6158ff8dc1cdfeb_full.jpg"	"2026-09-05T21:27:34.469338+00:00"
"[U:1:30957687]"	"https://avatars.steamstatic.com/53c78388c1ff02e7f25dc78585fc20766481aef8_full.jpg"	"2026-09-05T21:27:34.469338+00:00"
"[U:1:1620718689]"	"https://avatars.steamstatic.com/98e003a2cc1f72aea5420f450451c67da6dfe184_full.jpg"	"2026-09-05T21:27:34.469338+00:00"
"[U:1:366798713]"	"https://avatars.steamstatic.com/c7d331651180998ddf650ea6100db7ccd362f8f5_full.jpg"	"2026-09-05T21:27:34.469338+00:00"
"[U:1:1069048337]"	"https://avatars.steamstatic.com/5b8825b34c5d77b00c3a18897f2f1175fa0e0e57_full.jpg"	"2026-09-05T21:27:34.469338+00:00"
"[U:1:1430087467]"	"https://avatars.steamstatic.com/55ac4882f991181cbc1ba19c369261fe2b2594b7_full.jpg"	"2026-09-05T21:27:34.469338+00:00"
"[U:1:83532669]"	"https://avatars.steamstatic.com/7e7c442fcf239841c6ed1d981ef353bd9bb6ecc2_full.jpg"	"2026-09-05T21:27:34.469338+00:00"
"[U:1:1313568100]"	"https://avatars.steamstatic.com/a8d8223e07af0b12b372f352e8c142e778fd069c_full.jpg"	"2026-09-05T21:27:34.469338+00:00"
"[U:1:426590800]"	"https://avatars.steamstatic.com/485afad28e41f6737776d67dd37e7bc9a27d938d_full.jpg"	"2026-09-05T21:27:34.469338+00:00"
"[U:1:460672638]"	"https://avatars.steamstatic.com/103731b5260f7546989373bfe8ad9db7ece31e24_full.jpg"	"2026-09-05T21:27:34.469338+00:00"
"[U:1:107065584]"	"https://avatars.steamstatic.com/d0d79fcbc4e75da99cf73607c0c2754879891c73_full.jpg"	"2026-09-05T21:27:34.469338+00:00"
"[U:1:1242918607]"	"https://avatars.steamstatic.com/1e54efc25a98b64335f65d04bf7010ff906d8c49_full.jpg"	"2026-09-05T21:27:34.469338+00:00"
"[U:1:1847511697]"	"https://avatars.steamstatic.com/1f66ece3b524bddf72b6d8d7dbc866d614b9c0a8_full.jpg"	"2026-09-05T21:27:34.469338+00:00"
"[U:1:1136881499]"	"https://avatars.steamstatic.com/626b9570bbc92f50e23da8aa565366554e3155fc_full.jpg"	"2026-09-05T21:27:34.469338+00:00"
"[U:1:1130887703]"	"https://avatars.steamstatic.com/a41301d4b9e1d39dda8f88f1c057b74f846482c7_full.jpg"	"2026-09-05T21:27:34.469338+00:00"
"[U:1:1002995971]"	"https://avatars.steamstatic.com/62e1077f43c15037f62f606d847765e321c1eea9_full.jpg"	"2026-09-05T21:27:34.469338+00:00"
"[U:1:427452250]"	"https://avatars.steamstatic.com/c3108f0f0d60aaa8d89ce3ea084219b7af4ce69e_full.jpg"	"2026-09-05T21:27:34.469338+00:00"
"[U:1:1211104430]"	"https://avatars.steamstatic.com/4be8a749479477e34bfcbeb9d040c0844d646131_full.jpg"	"2026-09-05T21:27:34.469338+00:00"
"[U:1:129695217]"	"https://avatars.steamstatic.com/a99be31a09fc3d0a4da04eb7dd05212869dc2fa8_full.jpg"	"2026-09-05T21:27:34.469338+00:00"
"[U:1:24138145]"	"https://avatars.steamstatic.com/8fcde624d9aae141e2c1809abecf89d70f134ffb_full.jpg"	"2026-09-05T21:27:34.469338+00:00"
"[U:1:1609357094]"	"https://avatars.steamstatic.com/3907838eab3c593b124e4645f866329799437704_full.jpg"	"2026-09-05T21:27:34.469338+00:00"
"[U:1:1230480015]"	"https://avatars.steamstatic.com/34966e89066b62abe376472f73605b35d8bc1ec1_full.jpg"	"2026-09-05T21:27:34.469338+00:00"
"[U:1:48823355]"	"https://avatars.steamstatic.com/cae17269c87adaf143d688f13aeb891c0a2be7c4_full.jpg"	"2026-09-05T21:27:34.469338+00:00"
"[U:1:1162412770]"	"https://avatars.steamstatic.com/280933229124a4d20a5487e4faa3a7372f1809ec_full.jpg"	"2026-09-05T21:27:34.469338+00:00"
"[U:1:1039979549]"	"https://avatars.steamstatic.com/c1fa9e34177eb88bc759ee72343dca94f0fef343_full.jpg"	"2026-09-05T21:27:34.469338+00:00"
"[U:1:265959148]"	"https://avatars.steamstatic.com/6410fe435cb4823fd2c701d6df6d67c83619e095_full.jpg"	"2026-09-05T21:27:34.469338+00:00"
"[U:1:24059916]"	"https://avatars.steamstatic.com/2158a68090be7b64dcb7fe7d6e2c63a7a7808c23_full.jpg"	"2026-09-05T21:27:34.469338+00:00"
"[U:1:1571199928]"	"https://avatars.steamstatic.com/ac9f7cb060d1e416525da6623b5b090c1327f7a1_full.jpg"	"2026-09-05T21:27:34.469338+00:00"
"[U:1:1614354381]"	"https://avatars.steamstatic.com/c9188a8656a9fb60fccae1fe993679fd918b351b_full.jpg"	"2026-09-05T21:27:34.469338+00:00"
"[U:1:1136381032]"	"https://avatars.steamstatic.com/09f36f518900ff759550aa18548883bb74ff164c_full.jpg"	"2026-09-05T21:27:34.469338+00:00"
"[U:1:890773632]"	"https://avatars.steamstatic.com/931df20b25b50de2c3090c5c31e9471a768add1b_full.jpg"	"2026-09-05T21:27:34.469338+00:00"
"[U:1:84530635]"	"https://avatars.steamstatic.com/fef49e7fa7e1997310d705b2a6158ff8dc1cdfeb_full.jpg"	"2026-09-05T21:27:34.469338+00:00"
"[U:1:359631907]"	"https://avatars.steamstatic.com/a67d94c8446ac7645cc41226657e31fd3cdeec15_full.jpg"	"2026-09-05T21:27:34.469338+00:00"
"[U:1:358383930]"	"https://avatars.steamstatic.com/9be2aad4763954638f954b27203eca08c95d1dee_full.jpg"	"2026-09-05T21:27:34.469338+00:00"
"[U:1:26032953]"	"https://avatars.steamstatic.com/23b206f86e40182f1ea67d0f2fe9cd2521cf1e18_full.jpg"	"2026-09-05T21:27:34.469338+00:00"
"[U:1:132501363]"	"https://avatars.steamstatic.com/0c39a2279edbe13f82537b1768383d98461c6836_full.jpg"	"2026-09-05T21:27:34.469338+00:00"
"[U:1:142917414]"	"https://avatars.steamstatic.com/ffa4b645ac9ea4ab1583be27c9030c93e69144da_full.jpg"	"2026-09-05T21:27:34.469338+00:00"
"[U:1:78920148]"	"https://avatars.steamstatic.com/3680564e25cb85a192c05b322a0bde085bbd9bc3_full.jpg"	"2026-09-05T21:27:34.469338+00:00"
"[U:1:261767008]"	"https://avatars.steamstatic.com/3f47c3634c822270cbccf23f4cb4fcf2272e23d1_full.jpg"	"2026-09-05T21:27:34.469338+00:00"
"[U:1:366353138]"	"https://avatars.steamstatic.com/7d9d74a853804d6a3650e77e550f4f67fcbc0161_full.jpg"	"2026-09-05T21:27:34.469338+00:00"
"[U:1:1136978255]"	"https://avatars.steamstatic.com/9a14affe36bfe09c736e5304db3229ff8e84bfce_full.jpg"	"2026-09-05T21:27:34.469338+00:00"
"[U:1:1185832151]"	"https://avatars.steamstatic.com/3f62df2dcf79e746eb17d3303bd1c08bebd5a35b_full.jpg"	"2026-09-05T21:27:34.469338+00:00"
"[U:1:1392110735]"	"https://avatars.steamstatic.com/529bf785d6f2ca4765c83de074d9da16395e977e_full.jpg"	"2026-09-05T21:27:34.469338+00:00"
"[U:1:1076829114]"	"https://avatars.steamstatic.com/1b651b6a53325072fbc1ee6a7a62446f03fcc548_full.jpg"	"2026-09-05T21:27:34.469338+00:00"
"[U:1:922378919]"	"https://avatars.steamstatic.com/987d32bab31e1610dd0382f83fcb7f4a695fbe50_full.jpg"	"2026-09-05T21:27:34.469338+00:00"
"[U:1:123079656]"	"https://avatars.steamstatic.com/7438068903fd805225ee608dc708b974b40983e7_full.jpg"	"2026-09-05T21:27:34.469338+00:00"
"[U:1:1122846295]"	"https://avatars.steamstatic.com/b95eac37a1229806fc4f5af6d66944e039fa70e7_full.jpg"	"2026-09-05T21:27:34.469338+00:00"
"[U:1:1081692345]"	"https://avatars.steamstatic.com/a7a2f58f05805d5d8044e7ef3713309f3a853788_full.jpg"	"2026-09-05T21:27:34.469338+00:00"
"[U:1:847067559]"	"https://avatars.steamstatic.com/d5f6c9ea5b3db920a904b8288fbed2d162adad3f_full.jpg"	"2026-09-05T21:27:34.469338+00:00"
"[U:1:184835844]"	"https://avatars.steamstatic.com/7e38585ca4995cfb180502fc0b6e4907249f8172_full.jpg"	"2026-09-05T21:27:34.469338+00:00"
"[U:1:1430231574]"	"https://avatars.steamstatic.com/ec58a3e36429153651b12c9c79fca1a5a8f89682_full.jpg"	"2026-09-05T21:27:34.469338+00:00"
"[U:1:230547019]"	"https://avatars.steamstatic.com/7f7c7f559a6f8fbfa7dca18288973e7d4e5f3f56_full.jpg"	"2026-09-05T21:27:34.469338+00:00"
"[U:1:312259878]"	"https://avatars.steamstatic.com/2776ca729293cb350f66c2f335e7a77bf5b7a44f_full.jpg"	"2026-09-05T21:27:34.469338+00:00"
"[U:1:1049572377]"	"https://avatars.steamstatic.com/2ff0826811339bb332cf3043b3e4259f532bdc0b_full.jpg"	"2026-09-05T21:27:34.469338+00:00"
"[U:1:362186536]"	"https://avatars.steamstatic.com/9543a6ad557ea0f2782f893c5679f9c073e58895_full.jpg"	"2026-09-05T21:27:34.469338+00:00"
"[U:1:137621197]"	"https://avatars.steamstatic.com/2f66a247d6116ea5d898ab4a25495a610ee397c9_full.jpg"	"2026-09-05T21:27:34.469338+00:00"
"[U:1:427079333]"	"https://avatars.steamstatic.com/ff72daa915e0a7cb31c64cbe847870f47ad91706_full.jpg"	"2026-09-05T21:27:34.469338+00:00"
"[U:1:1185540286]"	"https://avatars.steamstatic.com/577282a0747670ec730a0409f1b50d17712d0d1a_full.jpg"	"2026-09-05T21:27:34.469338+00:00"
"[U:1:1239408483]"	"https://avatars.steamstatic.com/8f4bd44e386a654c0f74d943a8eb9c136da19b89_full.jpg"	"2026-09-05T21:27:34.469338+00:00"
"[U:1:395457107]"	"https://avatars.steamstatic.com/149cc2c442834e11dad34ad346e671919c35b7af_full.jpg"	"2026-09-05T21:27:34.469338+00:00"
"[U:1:1744185154]"	"https://avatars.steamstatic.com/57969fd8e3e3cf25e21a32816263a5ee872967ab_full.jpg"	"2026-09-05T21:27:34.469338+00:00"
"[U:1:65341048]"	"https://avatars.steamstatic.com/c5b8625e9bc011fcfa99a3beb491205627952db5_full.jpg"	"2026-09-05T21:27:34.469338+00:00"
"[U:1:1722107203]"	"https://avatars.steamstatic.com/25aea2fb56b5f2e430eca0bbd638c034cf5a895c_full.jpg"	"2026-09-05T21:27:34.469338+00:00"
"[U:1:47832535]"	"https://avatars.steamstatic.com/0da3a58d7c862c30a43e6d5c3d0223aeb4db00b3_full.jpg"	"2026-09-05T21:27:34.469338+00:00"
"[U:1:62439856]"	"https://avatars.steamstatic.com/3971ec1f411e22369e5b3dbccdb19e3bf6f885d7_full.jpg"	"2026-09-05T21:27:34.469338+00:00"
"[U:1:184505506]"	"https://avatars.steamstatic.com/55ea337e3174290180ad5bee05b027aeeacbe127_full.jpg"	"2026-09-05T21:27:34.469338+00:00"
"[U:1:1518439657]"	"https://avatars.steamstatic.com/c0015ef0ff92e2d691200b9812ef623df75db3e9_full.jpg"	"2026-09-05T21:27:34.469338+00:00"
"[U:1:904485388]"	"https://avatars.steamstatic.com/dfad2d32fd8db0d45765f2677c95a57a520da0ba_full.jpg"	"2026-09-05T21:27:34.469338+00:00"
"[U:1:1130972964]"	"https://avatars.steamstatic.com/360236e555049f204b12d3a8685a3b9b9764ebfe_full.jpg"	"2026-09-05T21:27:34.469338+00:00"
"[U:1:1086656371]"	"https://avatars.steamstatic.com/fef49e7fa7e1997310d705b2a6158ff8dc1cdfeb_full.jpg"	"2026-09-05T21:27:34.469338+00:00"
"[U:1:230691917]"	"https://avatars.steamstatic.com/73b3a9cc505ce13bceaf3761bc55d37db482df82_full.jpg"	"2026-09-05T21:27:34.469338+00:00"
"[U:1:868370029]"	"https://avatars.steamstatic.com/54155842ebeb3f4b79bd84908aaed99452378fe4_full.jpg"	"2026-09-05T21:27:34.469338+00:00"
"[U:1:1901580594]"	"https://avatars.steamstatic.com/883128abd11a0e9fe0f5ba21fc7f65b48c97c9c2_full.jpg"	"2026-09-05T21:27:34.469338+00:00"
"[U:1:276421464]"	"https://avatars.steamstatic.com/0f9b35fdff299e0501a2ab19740f98cc3b16f040_full.jpg"	"2026-09-05T21:27:34.469338+00:00"
"[U:1:1528191410]"	"https://avatars.steamstatic.com/693e35a66c415255873e80d4259fd653552beefa_full.jpg"	"2026-09-05T21:27:34.469338+00:00"
"[U:1:231591011]"	"https://avatars.steamstatic.com/eaf99225979a4b114a52bbed08c425d6c372805d_full.jpg"	"2026-09-05T21:27:34.469338+00:00"
"[U:1:36706824]"	"https://avatars.steamstatic.com/17222f778630ba741db2269f51c95a47275e4691_full.jpg"	"2026-09-05T21:27:34.469338+00:00"
"[U:1:1232317202]"	"https://avatars.steamstatic.com/fef49e7fa7e1997310d705b2a6158ff8dc1cdfeb_full.jpg"	"2026-09-05T21:27:34.469338+00:00"
"[U:1:242158537]"	"https://avatars.steamstatic.com/ee55edf8506f9afb75d07d67d9602d5c45c72a71_full.jpg"	"2026-09-05T21:27:34.469338+00:00"
"[U:1:1052902480]"	"https://avatars.steamstatic.com/8bbc6c7d25ab9da4998a3575ef44c60a836d2796_full.jpg"	"2026-09-05T21:27:34.469338+00:00"
"[U:1:869426200]"	"https://avatars.steamstatic.com/b0127377a324ca7aee037d02ceaeee51631cca92_full.jpg"	"2026-09-05T21:27:34.469338+00:00"
"[U:1:1216134734]"	"https://avatars.steamstatic.com/e9d2df2eca77bc4b5431dcd6c10e180ebcb508a2_full.jpg"	"2026-09-05T21:27:34.469338+00:00"
"[U:1:11893911]"	"https://avatars.steamstatic.com/dd706f1ae1b93b1e159228ff4c7685ca6698a214_full.jpg"	"2026-09-05T21:27:34.469338+00:00"
"[U:1:116072376]"	"https://avatars.steamstatic.com/91364c4160ce487607abe50f2e7e45c8f804e207_full.jpg"	"2026-09-05T21:27:34.469338+00:00"
"[U:1:1904606437]"	"https://avatars.steamstatic.com/92aed9e4b905f9ed274a5c79de53db929cf511d8_full.jpg"	"2026-09-05T21:27:34.469338+00:00"
"[U:1:374556148]"	"https://avatars.steamstatic.com/9ea166f54e069e5bb753ab60d1d0880a888f3ca9_full.jpg"	"2026-09-05T21:27:34.469338+00:00"
"[U:1:1583030985]"	"https://avatars.steamstatic.com/70e2710aa3ad73ec3942aad45cd694103a8800ca_full.jpg"	"2026-09-05T21:27:34.469338+00:00"
"[U:1:1035562600]"	"https://avatars.steamstatic.com/314e207d7c15cd14ca2d3ca5be3a6648bb396a5c_full.jpg"	"2026-09-05T21:27:34.469338+00:00"
"[U:1:31527965]"	"https://avatars.steamstatic.com/e8e3e0c51c283a17ea321d1591d6cd0d93d0e39e_full.jpg"	"2026-09-05T21:27:34.469338+00:00"
"[U:1:871657686]"	"https://avatars.steamstatic.com/84b17552d8cdc85aadc52b11bdce7f947773f230_full.jpg"	"2026-09-05T21:27:34.469338+00:00"
"[U:1:1900779449]"	"https://avatars.steamstatic.com/fef49e7fa7e1997310d705b2a6158ff8dc1cdfeb_full.jpg"	"2026-09-05T21:27:34.469338+00:00"
"[U:1:1072063790]"	"https://avatars.steamstatic.com/3876fa573069da2fe8a70dfbacf21b66a220fccd_full.jpg"	"2026-09-05T21:27:34.469338+00:00"
"[U:1:1895912892]"	"https://avatars.steamstatic.com/da3392d6e3d59b5a1602e51d60a4047a3e294bbf_full.jpg"	"2026-09-05T21:27:34.469338+00:00"
"[U:1:86860599]"	"https://avatars.steamstatic.com/8c129015e5c8c4ece2c7423243cf23bacd4fb858_full.jpg"	"2026-09-05T21:27:34.469338+00:00"
"[U:1:1245761092]"	"https://avatars.steamstatic.com/fc0c2f23e4a1ca14bbbeb4f3d6abe038d04e34b2_full.jpg"	"2026-09-05T21:27:34.469338+00:00"
"[U:1:376745877]"	"https://avatars.steamstatic.com/b01f141c459cd5ae5248d774d69bfefc7f14aba8_full.jpg"	"2026-09-05T21:27:34.469338+00:00"
"[U:1:113844544]"	"https://avatars.steamstatic.com/b701130e0cc196b1d2d68044b97b6efa9d3539c0_full.jpg"	"2026-09-05T21:27:34.469338+00:00"
"[U:1:862817948]"	"https://avatars.steamstatic.com/37751a46c5ba31cd0b63ac298fc15515551f4c90_full.jpg"	"2026-09-05T21:27:34.469338+00:00"
"[U:1:316837492]"	"https://avatars.steamstatic.com/ede30dc0987a894132565a1defd795efc3149fb7_full.jpg"	"2026-09-05T21:27:34.469338+00:00"
"[U:1:118848791]"	"https://avatars.steamstatic.com/f4e7432889c3773c1f585f0f5ccf488fec760a5b_full.jpg"	"2026-09-05T21:27:34.469338+00:00"
"[U:1:858015143]"	"https://avatars.steamstatic.com/8ba3d2aeaf04694f4a77fa1d264c8b0c56e4fd38_full.jpg"	"2026-09-05T21:27:34.469338+00:00"
"[U:1:105645638]"	"https://avatars.steamstatic.com/51015940fabea97d4c584d858f65bdef992d8e6e_full.jpg"	"2026-09-05T21:27:34.469338+00:00"
"[U:1:1009343022]"	"https://avatars.steamstatic.com/36b6b9bbe57eb24f0be6161baa7601a7dd576916_full.jpg"	"2026-09-05T21:27:34.469338+00:00"
"[U:1:232253621]"	"https://avatars.steamstatic.com/89fe8ef363553ff5ad41fbde85f179e74d9caf36_full.jpg"	"2026-09-05T21:27:34.469338+00:00"
"[U:1:373104376]"	"https://avatars.steamstatic.com/803a5b3416be96759ae20b6aae0f7d506c50bcfd_full.jpg"	"2026-09-05T21:27:34.469338+00:00"
"[U:1:37682505]"	"https://avatars.steamstatic.com/7758110ff641d4cf4ba416fd699cba9c1ea532a6_full.jpg"	"2026-09-05T21:27:34.469338+00:00"
"[U:1:373793478]"	"https://avatars.steamstatic.com/9ed36beb5d09f2eafba210f988322cf050f1eb08_full.jpg"	"2026-09-05T21:27:34.469338+00:00"
"[U:1:1333364277]"	"https://avatars.steamstatic.com/e9383047b0becc1def4958b7b2e73108e3c5d51e_full.jpg"	"2026-09-05T21:27:34.469338+00:00"
"[U:1:1904488925]"	"https://avatars.steamstatic.com/3f3f3d4265c476cd56523ed2b40e702fa1a6d1a0_full.jpg"	"2026-09-05T21:27:34.469338+00:00"
"[U:1:107519860]"	"https://avatars.steamstatic.com/b59ba261e17a0a1f5f6a23dcef84dcd31f1dbfba_full.jpg"	"2026-09-05T21:27:34.469338+00:00"
"[U:1:792495918]"	"https://avatars.steamstatic.com/4f2eb9c772cac5c0c0a6013a31c0db5caa8b5284_full.jpg"	"2026-09-05T21:27:34.469338+00:00"
"[U:1:1623710521]"	"https://avatars.steamstatic.com/83a7cc606960f501e9517f295a52ac087b77bce6_full.jpg"	"2026-09-05T21:27:34.469338+00:00"
"[U:1:5077091]"	"https://avatars.steamstatic.com/4547c062b012f8f59bb7cf13b2da42af8bf4c968_full.jpg"	"2026-09-05T21:27:34.469338+00:00"
"[U:1:868462455]"	"https://avatars.steamstatic.com/2e43244e1f496caa86fab51a40bcefca2b2b4c1f_full.jpg"	"2026-09-05T21:27:34.469338+00:00"
"[U:1:1018986369]"	"https://avatars.steamstatic.com/0b142c3c17b6cc268fa710a1c412bf88064e535b_full.jpg"	"2026-09-05T21:27:34.469338+00:00"
"[U:1:1582009676]"	"https://avatars.steamstatic.com/330f5a6c43b53a0b7259db5819cd17767c9f470e_full.jpg"	"2026-09-05T21:27:34.469338+00:00"
"[U:1:745434268]"	"https://avatars.steamstatic.com/22e5e4caa14b5ad2bb55130ebeae64d95e66bf78_full.jpg"	"2026-09-05T21:27:34.469338+00:00"
"[U:1:1131303320]"	"https://avatars.steamstatic.com/3968104f2133d94d57773bdd874be2e5efa71160_full.jpg"	"2026-09-05T21:27:34.469338+00:00"
"[U:1:1899443530]"	"https://avatars.steamstatic.com/ae1942783b8c7767300bf3b3ba4f92b39c0a7b7a_full.jpg"	"2026-09-05T21:27:34.469338+00:00"
"[U:1:241981223]"	"https://avatars.steamstatic.com/c110fd9fdea2504d7c3009b49b6719297663f08d_full.jpg"	"2026-09-05T21:27:34.469338+00:00"
"[U:1:317887870]"	"https://avatars.steamstatic.com/59ad422778a95362762a3466b6a862fd8c01b19b_full.jpg"	"2026-09-05T21:27:34.469338+00:00"
"[U:1:231456445]"	"https://avatars.steamstatic.com/31bff109ef07d1ef105ef4a6081f5fe82a3715a6_full.jpg"	"2026-09-05T21:27:34.469338+00:00"
"[U:1:273186996]"	"https://avatars.steamstatic.com/5e1a73eb95864c9a7dda00970a704ee5293b25ef_full.jpg"	"2026-09-05T21:27:34.469338+00:00"
"[U:1:86700778]"	"https://avatars.steamstatic.com/e643c812feece27c17ad274ee113b3c2efb3d202_full.jpg"	"2026-09-05T21:27:34.469338+00:00"
"[U:1:1060841333]"	"https://avatars.steamstatic.com/8cdc437bd64d28abf7aad6dc4d77b2f717da5d49_full.jpg"	"2026-09-05T21:27:34.469338+00:00"
"[U:1:74595670]"	"https://avatars.steamstatic.com/4a4f9d132ab92bf6f874ecabd9961c0dc11be4f2_full.jpg"	"2026-09-05T21:27:34.469338+00:00"
"[U:1:1902783372]"	"https://avatars.steamstatic.com/4b8ddf5e63556fa9228cea286eddb5bdf1570771_full.jpg"	"2026-09-05T21:27:34.469338+00:00"
"[U:1:1162590552]"	"https://avatars.steamstatic.com/8cb5f457fe46b6dfa6ad8e9fcae23d15ff77afc0_full.jpg"	"2026-09-05T21:27:34.469338+00:00"
"[U:1:158053680]"	"https://avatars.steamstatic.com/f5872162f8be7097193f5b47c2dd36e5e0077b7b_full.jpg"	"2026-09-05T21:27:34.469338+00:00"
"[U:1:795509132]"	"https://avatars.steamstatic.com/d93a713336b8c0b491d7b60417878783226490c3_full.jpg"	"2026-09-05T21:27:34.469338+00:00"
"[U:1:1549467227]"	"https://avatars.steamstatic.com/39af036d9df3cb156fc27b6df34c486d840365c4_full.jpg"	"2026-09-05T21:27:34.469338+00:00"
"[U:1:119056186]"	"https://avatars.steamstatic.com/67e7c8a2197b2225d021bf4bdd5a4e96f10e13f2_full.jpg"	"2026-09-05T21:27:34.469338+00:00"
"[U:1:1550567066]"	"https://avatars.steamstatic.com/9c328159af9d4e90c31fe9c3185142df6e7802fe_full.jpg"	"2026-09-05T21:27:34.469338+00:00"
"[U:1:1022009884]"	"https://avatars.steamstatic.com/8d58accb78b8d0dfeb07dd84fc8d785628cf90bc_full.jpg"	"2026-09-05T21:27:34.469338+00:00"
"[U:1:314527268]"	"https://avatars.steamstatic.com/d5f1f826a2a23bcf139375b09a1996925ab7c6e7_full.jpg"	"2026-09-05T21:27:34.469338+00:00"
"[U:1:1171657657]"	"https://avatars.steamstatic.com/afe30f131bf729de7edb66c65517b58ebde223a4_full.jpg"	"2026-09-05T21:27:34.469338+00:00"
"[U:1:232247091]"	"https://avatars.steamstatic.com/a4e9db9c925fcff0587fb471ebc13207e50ea00c_full.jpg"	"2026-09-05T21:27:34.469338+00:00"
"[U:1:4805]"	"https://avatars.steamstatic.com/af26ba9f547f87fa83fe511176aa25d904fdf0ae_full.jpg"	"2026-09-05T21:27:34.469338+00:00"
"[U:1:1548592891]"	"https://avatars.steamstatic.com/ebebbe6a273b5ade500efe513ebf718b57960ade_full.jpg"	"2026-09-05T21:27:34.469338+00:00"
"[U:1:743197098]"	"https://avatars.steamstatic.com/6718e0dffeb524f45be11fa0181fa693b1d13ec2_full.jpg"	"2026-09-05T21:27:34.469338+00:00"
"[U:1:108844013]"	"https://avatars.steamstatic.com/29f3e9f7dbdbee2555b730a63439fce7714e104d_full.jpg"	"2026-09-05T21:27:34.469338+00:00"
"[U:1:210442469]"	"https://avatars.steamstatic.com/08a3f010ca5056f46fe28143bd39e37a9da4fad5_full.jpg"	"2026-09-05T21:27:34.469338+00:00"
"[U:1:317983980]"	"https://avatars.steamstatic.com/c2c26233d28860a9ff4686eafe37f7f7d593850b_full.jpg"	"2026-09-05T21:27:34.469338+00:00"
"[U:1:50076258]"	"https://avatars.steamstatic.com/ce5820f5d451cdd154d6e9e7d8a869cad2277f50_full.jpg"	"2026-09-05T21:27:34.469338+00:00"
"[U:1:1527174003]"	"https://avatars.steamstatic.com/217e6d0536e365a75ac6b9c49a25ceec1e144bc2_full.jpg"	"2026-09-05T21:27:34.469338+00:00"
"[U:1:162217616]"	"https://avatars.steamstatic.com/287478b77e247ff58adeb2ae21a95bf590fc1818_full.jpg"	"2026-09-05T21:27:34.469338+00:00"
"[U:1:315512390]"	"https://avatars.steamstatic.com/a3c18da4d0c55b2a2c6764185fb8df49dd557586_full.jpg"	"2026-09-05T21:27:34.469338+00:00"
"[U:1:791485315]"	"https://avatars.steamstatic.com/698c9305401b0e992844360a5cc2843214e32556_full.jpg"	"2026-09-05T21:27:34.469338+00:00"
"[U:1:1435390096]"	"https://avatars.steamstatic.com/0e96fd1da4c91017a7c1de980d6361b139e6831d_full.jpg"	"2026-09-05T21:27:34.469338+00:00"
"[U:1:1037848891]"	"https://avatars.steamstatic.com/428a3b582063d966080d6a39b1cbd05faa523c7c_full.jpg"	"2026-09-05T21:27:34.469338+00:00"
"[U:1:870574774]"	"https://avatars.steamstatic.com/a94cc546fb470c401dd9fb4e52ef6e273c646ee2_full.jpg"	"2026-09-05T21:27:34.469338+00:00"
"[U:1:1578667801]"	"https://avatars.steamstatic.com/90f353fde8dedc38e5419c89a8ea97f523abf36a_full.jpg"	"2026-09-05T21:27:34.469338+00:00"
"[U:1:190402666]"	"https://avatars.steamstatic.com/a2e56b6dd4bf9b64162059d1f80300abb3c2a1c6_full.jpg"	"2026-09-05T21:27:34.469338+00:00"
"[U:1:1138764839]"	"https://avatars.steamstatic.com/f2199cce4e78d6ca589019a6cbbf0ea9cd2f1b0e_full.jpg"	"2026-09-05T21:27:34.469338+00:00"
"[U:1:1898649790]"	"https://avatars.steamstatic.com/9b75cb8641bec11676f66f3d8eb4995ddec08908_full.jpg"	"2026-09-05T21:27:34.469338+00:00"
"[U:1:274318160]"	"https://avatars.steamstatic.com/94767cced0ac9a99ef547eef90f2c89e0dc44fa9_full.jpg"	"2026-09-05T21:27:34.469338+00:00"
"[U:1:184855054]"	"https://avatars.steamstatic.com/d11bab705f8b75809c9d8c15d1edcc558644c502_full.jpg"	"2026-09-05T21:27:34.469338+00:00"
"[U:1:158193933]"	"https://avatars.steamstatic.com/7156b253c8125a07e9812c5fc73d5ccec93d0289_full.jpg"	"2026-09-05T21:27:34.469338+00:00"
"[U:1:1435419442]"	"https://avatars.steamstatic.com/9b70d5b67bf67d9c8e09fd499b84403fa5d49cf8_full.jpg"	"2026-09-05T21:27:34.469338+00:00"
"[U:1:1112305976]"	"https://avatars.steamstatic.com/4badfb772920d1d008eb50763e0b3d041bbe522e_full.jpg"	"2026-09-05T21:27:34.469338+00:00"
"[U:1:50595589]"	"https://avatars.steamstatic.com/a10670541a0a7ccd4104c564e94cccd7fa86d073_full.jpg"	"2026-09-05T21:27:34.469338+00:00"
"[U:1:1385937373]"	"https://avatars.steamstatic.com/cfaf6917f47ca6122396f46e485a79a090f29fa0_full.jpg"	"2026-09-05T21:27:34.469338+00:00"
"[U:1:173442570]"	"https://avatars.steamstatic.com/b04e65db1dca006dc5bdd74599b49ed7d3038eb6_full.jpg"	"2026-09-05T21:27:34.469338+00:00"
"[U:1:181072956]"	"https://avatars.steamstatic.com/6f8446900a54c2766f0eecbd351ca67b90806004_full.jpg"	"2026-09-05T21:27:34.469338+00:00"
"[U:1:479056281]"	"https://avatars.steamstatic.com/ae626983d8f687cc0c5c6ee50424ced095f059c2_full.jpg"	"2026-09-05T21:27:34.469338+00:00"
"[U:1:1044661460]"	"https://avatars.steamstatic.com/f8574a5ee73771ae9740284d85811bd8cf750636_full.jpg"	"2026-09-05T21:27:34.469338+00:00"
"[U:1:1437602306]"	"https://avatars.steamstatic.com/c092f91e27dad2c82a58985e1d6b6087e2b92588_full.jpg"	"2026-09-05T21:27:34.469338+00:00"
"[U:1:366818653]"	"https://avatars.steamstatic.com/eaa86b6e1f7aab3d9bbc6bf12b152fe02d6e8ab9_full.jpg"	"2026-09-05T21:27:34.469338+00:00"
"[U:1:1285726594]"	"https://avatars.steamstatic.com/34a024c7fc05053a19d16179624104f518c3b509_full.jpg"	"2026-09-05T21:27:34.469338+00:00"
"[U:1:1330331480]"	"https://avatars.steamstatic.com/1ba0bdaa7c392215bdf8c191da60a0afd92d42ef_full.jpg"	"2026-09-05T21:27:34.469338+00:00"
"[U:1:373567079]"	"https://avatars.steamstatic.com/49ce516d8531a304c3c948ee41303d46f90ac8bf_full.jpg"	"2026-09-05T21:27:34.469338+00:00"
"[U:1:1924369321]"	"https://avatars.steamstatic.com/eaea6d87ee29f276935d3b759ec6ac5cf69bccf4_full.jpg"	"2026-09-05T21:27:34.469338+00:00"
"[U:1:332041399]"	"https://avatars.steamstatic.com/e74340f0733f168c26d72382a818684bc1a4292d_full.jpg"	"2026-09-05T21:27:34.469338+00:00"
"[U:1:1469738806]"	"https://avatars.steamstatic.com/96251188cb062448bd48fb88eb92a1cbec755ca3_full.jpg"	"2026-09-05T21:27:34.469338+00:00"
"[U:1:395986112]"	"https://avatars.steamstatic.com/01f68e4deec01ab6021765dd256947f3d347a2ac_full.jpg"	"2026-09-05T21:27:34.469338+00:00"
"[U:1:1413132616]"	"https://avatars.steamstatic.com/f44123eb02fdd22a1e993ba442cbf87c5d53722a_full.jpg"	"2026-09-05T21:27:34.469338+00:00"
"[U:1:172070235]"	"https://avatars.steamstatic.com/d3092c465863030138a1846947f266e6e0825848_full.jpg"	"2026-09-05T21:27:34.469338+00:00"
"[U:1:1115365583]"	"https://avatars.steamstatic.com/cd4f1599804ebad41c8869396c07d529122abf2c_full.jpg"	"2026-09-05T21:27:34.469338+00:00"
"[U:1:89944142]"	"https://avatars.steamstatic.com/5c61c13222a8afe7acee506a41d1798ff8415eba_full.jpg"	"2026-09-05T21:27:34.469338+00:00"
"[U:1:1348604043]"	"https://avatars.steamstatic.com/c9180f93ac892fa7d078f5946239d049e987e3b6_full.jpg"	"2026-09-05T21:27:34.469338+00:00"
"[U:1:819758130]"	"https://avatars.steamstatic.com/a3d3ef1f97c072dcd7f86ae57a2f8f12183a338e_full.jpg"	"2026-09-05T21:27:34.469338+00:00"
"[U:1:249088725]"	"https://avatars.steamstatic.com/fbbaad5da62e01aec8b0a76b602eb5c40417964b_full.jpg"	"2026-09-05T21:27:34.469338+00:00"
"[U:1:218868615]"	"https://avatars.steamstatic.com/7a406d664d662c34ac3ce05a5545ad44b3e0d300_full.jpg"	"2026-09-05T21:27:34.469338+00:00"
"[U:1:457556702]"	"https://avatars.steamstatic.com/125ef3f5e4ca3716f3ef0eaadf13ce0b7568fc35_full.jpg"	"2026-09-05T21:27:34.469338+00:00"
"[U:1:123712722]"	"https://avatars.steamstatic.com/076dcec3148b4b68c1e0d1fe0f9ac5356c603b40_full.jpg"	"2026-09-05T21:27:34.469338+00:00"
"[U:1:33465669]"	"https://avatars.steamstatic.com/02e783ab1a4ff914833d9c8c54da19a07641470f_full.jpg"	"2026-09-05T21:27:34.469338+00:00"
"[U:1:119686332]"	"https://avatars.steamstatic.com/1663fa7f8be88434f41416c8f7349274a01d7f0d_full.jpg"	"2026-09-05T21:27:34.469338+00:00"
"[U:1:249526533]"	"https://avatars.steamstatic.com/2648b8bf2a176645c47b8002c0dc0be6e7f9af05_full.jpg"	"2026-09-05T21:27:34.469338+00:00"
"[U:1:1079153288]"	"https://avatars.steamstatic.com/086b73b46ec9fb1ed8134583a7dabf88be8c05aa_full.jpg"	"2026-09-05T21:27:34.469338+00:00"
"[U:1:1269375694]"	"https://avatars.steamstatic.com/1466721ab3ef0d5126104656d5788cda3f85e74e_full.jpg"	"2026-09-05T21:27:34.469338+00:00"
"[U:1:763942255]"	"https://avatars.steamstatic.com/0c39a2279edbe13f82537b1768383d98461c6836_full.jpg"	"2026-09-05T21:27:34.469338+00:00"
"[U:1:123709140]"	"https://avatars.steamstatic.com/c705b5e98a1ab7650f83251d1a5b9cbe87697894_full.jpg"	"2026-09-05T21:27:34.469338+00:00"
"[U:1:19276134]"	"https://avatars.steamstatic.com/fef49e7fa7e1997310d705b2a6158ff8dc1cdfeb_full.jpg"	"2026-09-05T21:27:34.469338+00:00"
"[U:1:131475930]"	"https://avatars.steamstatic.com/1d705c2c4a753348e842fd5970e3f1137031eabf_full.jpg"	"2026-09-05T21:27:34.469338+00:00"
"[U:1:812417959]"	"https://avatars.steamstatic.com/b52cb34ca9423b8da78502e396178885593471cb_full.jpg"	"2026-09-05T21:27:34.469338+00:00"
"[U:1:67900035]"	"https://avatars.steamstatic.com/fab32d5d7261d73e15dc105bc704823f92b15c38_full.jpg"	"2026-09-05T21:27:34.469338+00:00"
"[U:1:147517372]"	"https://avatars.steamstatic.com/8b1b240f5493969035b5811d2710299e6734af3e_full.jpg"	"2026-09-05T21:27:34.469338+00:00"
"[U:1:485077414]"	"https://avatars.steamstatic.com/df36dfba6cd040aac4e4acaf02ed0e1f1aabfd10_full.jpg"	"2026-09-05T21:27:34.469338+00:00"
"[U:1:1534716185]"	"https://avatars.steamstatic.com/abd44d53ee9da0a9b1ee09e060eb97619e082c2d_full.jpg"	"2026-09-05T21:27:34.469338+00:00"
"[U:1:1737470626]"	"https://avatars.steamstatic.com/b7066fb6ff81e0241bea7620e0bda9e06b669c13_full.jpg"	"2026-09-05T21:27:34.469338+00:00"
"[U:1:134981610]"	"https://avatars.steamstatic.com/a9c6b38bc945c6cc707a115deed32f94da7135c1_full.jpg"	"2026-09-05T21:27:34.469338+00:00"
"[U:1:112540735]"	"https://avatars.steamstatic.com/4175fb33cd5c66b22cbe48544bf3e6b576580bd5_full.jpg"	"2026-09-05T21:27:34.469338+00:00"
"[U:1:1521969298]"	"https://avatars.steamstatic.com/fb3fac2d7efbc85c525df10ab806a26a0ef719d6_full.jpg"	"2026-09-05T21:27:34.469338+00:00"
"[U:1:484960787]"	"https://avatars.steamstatic.com/ae907ed1c64da537a14a17f5ed1d78c956b383ac_full.jpg"	"2026-09-05T21:27:34.469338+00:00"
"[U:1:81755901]"	"https://avatars.steamstatic.com/e2bba20d324efbba9f7c7d755f5ca4dfc3900312_full.jpg"	"2026-09-05T21:27:34.469338+00:00"
"[U:1:248047121]"	"https://avatars.steamstatic.com/34f575e98687710e1cd8030c912b6b7597ba67f0_full.jpg"	"2026-09-05T21:27:34.469338+00:00"
"[U:1:1313708270]"	"https://avatars.steamstatic.com/6be8e42edad631b65f1987aa32e625cda5ceb824_full.jpg"	"2026-09-05T21:27:34.469338+00:00"
"[U:1:902926017]"	"https://avatars.steamstatic.com/95e6ffc20eab9dfa12efc7e0e5c6c29501a5f422_full.jpg"	"2026-09-05T21:27:34.469338+00:00"
"[U:1:39859907]"	"https://avatars.steamstatic.com/8725db11ac850ac17deea8c1dfe5c8d12a59e0f1_full.jpg"	"2026-09-05T21:27:34.469338+00:00"
"[U:1:175452361]"	"https://avatars.steamstatic.com/b1248ea1068262366333f25d464ddb368fa12357_full.jpg"	"2026-09-05T21:27:34.469338+00:00"
"[U:1:1177403081]"	"https://avatars.steamstatic.com/cfa07b7630432466bde62ca0a980b4e34379d84d_full.jpg"	"2026-09-05T21:27:34.469338+00:00"
"[U:1:1157694425]"	"https://avatars.steamstatic.com/921777486c9922a591b2f5890eae6af1bcd01189_full.jpg"	"2026-09-05T21:27:34.469338+00:00"
"[U:1:9097696]"	"https://avatars.steamstatic.com/2df1b493f18532bbef724cbd82d2f21eee981fc7_full.jpg"	"2026-09-05T21:27:34.469338+00:00"
"[U:1:814637920]"	"https://avatars.steamstatic.com/e85143dddc217f45d24b89450d509dd48fb7cfbd_full.jpg"	"2026-09-05T21:27:34.469338+00:00"
"[U:1:1017479825]"	"https://avatars.steamstatic.com/d664370c236f4b119455d358c31ee58dd78beb58_full.jpg"	"2026-09-05T21:27:34.469338+00:00"
"[U:1:1560515415]"	"https://avatars.steamstatic.com/1d11df8a91be0b186ea12ba3bab84fd0a4b21c69_full.jpg"	"2026-09-05T21:27:34.469338+00:00"
"[U:1:75896783]"	"https://avatars.steamstatic.com/9d780a781f7e1b4a7ed069015e1f34330ca499a3_full.jpg"	"2026-09-05T21:27:34.469338+00:00"
"[U:1:398421362]"	"https://avatars.steamstatic.com/8558ed93c9a9e50a606e774f3b52c41eaf186c61_full.jpg"	"2026-09-05T21:27:34.469338+00:00"
"[U:1:21893728]"	"https://avatars.steamstatic.com/c8f70e10087bc848c7f7035a96a1395f8dc0c06f_full.jpg"	"2026-09-05T21:27:34.469338+00:00"
"[U:1:1593408605]"	"https://avatars.steamstatic.com/196a33d9d5832ff61352fc04212febcd7a96626a_full.jpg"	"2026-09-05T21:27:34.469338+00:00"
"[U:1:758872615]"	"https://avatars.steamstatic.com/e2ded308e155a090106e7c57470e9d9150982fc9_full.jpg"	"2026-09-05T21:27:34.469338+00:00"
"[U:1:1019115587]"	"https://avatars.steamstatic.com/6081c3584cd20f828a5004e507a7932c199d6b46_full.jpg"	"2026-09-05T21:27:34.469338+00:00"
"[U:1:119687152]"	"https://avatars.steamstatic.com/7f8ede016f9561962682814845c179da95c47cac_full.jpg"	"2026-09-05T21:27:34.469338+00:00"
"[U:1:903353864]"	"https://avatars.steamstatic.com/b81437ab40fce409bf9b53004bbfdb8987a13147_full.jpg"	"2026-09-05T21:27:34.469338+00:00"
"[U:1:1652523454]"	"https://avatars.steamstatic.com/b1c3738f16fdc9a11af935062d443013afdd57d8_full.jpg"	"2026-09-05T21:27:34.469338+00:00"
"[U:1:10510826]"	"https://avatars.steamstatic.com/3157b5f165fc9a4ae77288acc6c6e1ca2798bb3d_full.jpg"	"2026-09-05T21:27:34.469338+00:00"
"[U:1:397646232]"	"https://avatars.steamstatic.com/55be66fe5fff6f604ee22c3314cd618fa67a17e8_full.jpg"	"2026-09-05T21:27:34.469338+00:00"
"[U:1:398500474]"	"https://avatars.steamstatic.com/027fe27abc481ec9bf27122dfb0dcb00bbb7d4b3_full.jpg"	"2026-09-05T21:27:34.469338+00:00"
"[U:1:1010390946]"	"https://avatars.steamstatic.com/2bb6261e845f860ee0e5123fb6ebdaf5e76236cd_full.jpg"	"2026-09-05T21:27:34.469338+00:00"
"[U:1:141088130]"	"https://avatars.steamstatic.com/5516361058a692b6afe5843e9cf1e68c3db34f32_full.jpg"	"2026-09-05T21:27:34.469338+00:00"
"[U:1:1535164376]"	"https://avatars.steamstatic.com/1cbc13c1b83b1be00f3dd15bc6aa05ff9aeaa848_full.jpg"	"2026-09-05T21:27:34.469338+00:00"
"[U:1:192833020]"	"https://avatars.steamstatic.com/c293c28982636383df5d1a086ad95c20011158ac_full.jpg"	"2026-09-05T21:27:34.469338+00:00"
"[U:1:67884990]"	"https://avatars.steamstatic.com/7f54d06f604e9c91b1d1eaa84ea66a52c0b5a237_full.jpg"	"2026-09-05T21:27:34.469338+00:00"
"[U:1:82008346]"	"https://avatars.steamstatic.com/0be15c135b0859f9f856db9752db93a64011242e_full.jpg"	"2026-09-05T21:27:34.469338+00:00"
"[U:1:5452334]"	"https://avatars.steamstatic.com/626f4881c38ab0f2d74b0e3098ca5f4041998cf8_full.jpg"	"2026-09-05T21:27:34.469338+00:00"
"[U:1:1197196619]"	"https://avatars.steamstatic.com/95152f1260fb6beff0f66a7c69a00ee2b709ec33_full.jpg"	"2026-09-05T21:27:34.469338+00:00"
"[U:1:122636836]"	"https://avatars.steamstatic.com/91ee28fca1d1d967cb4b86ecd2514802b2e4e2f2_full.jpg"	"2026-09-05T21:27:34.469338+00:00"
"[U:1:898016797]"	"https://avatars.steamstatic.com/9be69395a9b15aa749c0ee7c0c8c99d9788920f9_full.jpg"	"2026-09-05T21:27:34.469338+00:00"
"[U:1:68050183]"	"https://avatars.steamstatic.com/8f536183801ff8990c665eb6a53ed1ac4e454f3e_full.jpg"	"2026-09-05T21:27:34.469338+00:00"
"[U:1:54343606]"	"https://avatars.steamstatic.com/244c5c03dc07db04fb6d49c056d00ff9acab2dcf_full.jpg"	"2026-09-05T21:27:34.469338+00:00"
"[U:1:193099728]"	"https://avatars.steamstatic.com/b2718f041b7945af787d21dbb08fecb7dc7284f7_full.jpg"	"2026-09-05T21:27:34.469338+00:00"
"[U:1:1925823829]"	"https://avatars.steamstatic.com/3d836a6146b287ed0a661b19a8c0bdb70c6bf023_full.jpg"	"2026-09-05T21:27:34.469338+00:00"
"[U:1:89926961]"	"https://avatars.steamstatic.com/3b7c09fbbe435fbc0b38be1b46c8018c43def6f6_full.jpg"	"2026-09-05T21:27:34.469338+00:00"
"[U:1:6813501]"	"https://avatars.steamstatic.com/4d8a7808ea49ac09bdb48586f6099c435397dde6_full.jpg"	"2026-09-05T21:27:34.469338+00:00"
"[U:1:1269545856]"	"https://avatars.steamstatic.com/d77fa80259f7ceb7e3e51f5e34c03498d87d808e_full.jpg"	"2026-09-05T21:27:34.469338+00:00"
"[U:1:119941293]"	"https://avatars.steamstatic.com/b9f04dce323c6b9c87d252ad3a043f4c586259c2_full.jpg"	"2026-09-05T21:27:34.469338+00:00"
"[U:1:54335060]"	"https://avatars.steamstatic.com/148d5da538bc980573d61806a324dbef35519df4_full.jpg"	"2026-09-05T21:27:34.469338+00:00"
"[U:1:141370338]"	"https://avatars.steamstatic.com/5abbff59bf6030100bb3f648b311abfe00989eb6_full.jpg"	"2026-09-05T21:27:34.469338+00:00"
"[U:1:816734202]"	"https://avatars.steamstatic.com/07ba16b7a6ccf27013f29d0cae9eaa1aaa0ccb3a_full.jpg"	"2026-09-05T21:27:34.469338+00:00"
"[U:1:1197573683]"	"https://avatars.steamstatic.com/bc10be6a669ed681ed521a250c31316affc14156_full.jpg"	"2026-09-05T21:27:34.469338+00:00"
"[U:1:1099966472]"	"https://avatars.steamstatic.com/fef49e7fa7e1997310d705b2a6158ff8dc1cdfeb_full.jpg"	"2026-09-05T21:27:34.469338+00:00"
"[U:1:906250451]"	"https://avatars.steamstatic.com/9b574179e18a35dd43e099848656153239b0318c_full.jpg"	"2026-09-05T21:27:34.469338+00:00"
"[U:1:100702421]"	"https://avatars.steamstatic.com/78569381983daf2d84b5cd53eecf98bb1fa97b93_full.jpg"	"2026-09-05T21:27:34.469338+00:00"
"[U:1:192980044]"	"https://avatars.steamstatic.com/08d3c94c4cf6eb5e8555357469ee8efdc62af46c_full.jpg"	"2026-09-05T21:27:34.469338+00:00"
"[U:1:1048447]"	"https://avatars.steamstatic.com/ae80ad0316148d4aaa65021b9b9c17d344243e65_full.jpg"	"2026-09-05T21:27:34.469338+00:00"
"[U:1:106726510]"	"https://avatars.steamstatic.com/875ecf3470be61ec9c40497a107afb9938bcbe51_full.jpg"	"2026-09-05T21:27:34.469338+00:00"
"[U:1:1534277747]"	"https://avatars.steamstatic.com/d8e59a0b9cce2c3a8ba0e22b9a88e51018357261_full.jpg"	"2026-09-05T21:27:34.469338+00:00"
"[U:1:165589523]"	"https://avatars.steamstatic.com/79a8119bd2a027755f93872d0d09b959909a0405_full.jpg"	"2026-09-05T21:27:34.469338+00:00"
"[U:1:81505156]"	"https://avatars.steamstatic.com/ff72daa915e0a7cb31c64cbe847870f47ad91706_full.jpg"	"2026-09-05T21:27:34.469338+00:00"
"[U:1:165849918]"	"https://avatars.steamstatic.com/3647c55c5ca85a9ade3630ffff2bed262667413e_full.jpg"	"2026-09-05T21:27:34.469338+00:00"
"[U:1:1005628032]"	"https://avatars.steamstatic.com/2d817e7c04d049010709fbf201190d512c04aa94_full.jpg"	"2026-09-05T21:27:34.469338+00:00"
"[U:1:1788027935]"	"https://avatars.steamstatic.com/840f3ed4228512074ba20257711f7f4c52834c12_full.jpg"	"2026-09-05T21:27:34.469338+00:00"
"[U:1:1925166569]"	"https://avatars.steamstatic.com/1a0566f3e66e0d4b10713a2213ddb2804ed31b2f_full.jpg"	"2026-09-05T21:27:34.469338+00:00"
"[U:1:1142185932]"	"https://avatars.steamstatic.com/0bee1ca74c9bb80b694f510bc2e840b8498e81be_full.jpg"	"2026-09-05T21:27:34.469338+00:00"
"[U:1:1592672981]"	"https://avatars.steamstatic.com/e73a2a9f0841f3b08098786356d370a6fbe501ee_full.jpg"	"2026-09-05T21:27:34.469338+00:00"
"[U:1:1861685305]"	"https://avatars.steamstatic.com/dd2e2c391af73331d41550ec1761a39d64a16a4c_full.jpg"	"2026-09-05T21:27:34.469338+00:00"
"[U:1:234403818]"	"https://avatars.steamstatic.com/51b37c47f83416ecd0e7e36fe23b7b964b753b6a_full.jpg"	"2026-09-05T21:27:34.469338+00:00"
"[U:1:1048452953]"	"https://avatars.steamstatic.com/566c3a748f337b7b909647087ea6e600f366f3f2_full.jpg"	"2026-09-05T21:27:34.469338+00:00"
"[U:1:40174345]"	"https://avatars.steamstatic.com/03659265d153794cedc379fe18abf8c39c6fc794_full.jpg"	"2026-09-05T21:27:34.469338+00:00"
"[U:1:106217223]"	"https://avatars.steamstatic.com/d98a3b32eede76a594c0509b2c082e82704ba636_full.jpg"	"2026-09-05T21:27:34.469338+00:00"
"[U:1:1521962095]"	"https://avatars.steamstatic.com/b2b24279a261c00c222c483875dc0406b60520dc_full.jpg"	"2026-09-05T21:27:34.469338+00:00"
"[U:1:917815451]"	"https://avatars.steamstatic.com/402ef88a16247620570a9acfd790431df79826f2_full.jpg"	"2026-09-05T21:27:34.469338+00:00"
"[U:1:54810910]"	"https://avatars.steamstatic.com/b0a9c8082cd157fa74d0fae88252f5e10628e276_full.jpg"	"2026-09-05T21:27:34.469338+00:00"
"[U:1:160122341]"	"https://avatars.steamstatic.com/0c6f8d426fe74bdc06670aecafd8c47a6b63a74e_full.jpg"	"2026-09-05T21:27:34.469338+00:00"
"[U:1:70468606]"	"https://avatars.steamstatic.com/9529cfbb59bc8e03846ce1ccb8082b58317b805c_full.jpg"	"2026-09-05T21:27:34.469338+00:00"
"[U:1:1833763573]"	"https://avatars.steamstatic.com/1df3535a6f4c9bcf76d310fff46700d18b98412c_full.jpg"	"2026-09-05T21:27:34.469338+00:00"
"[U:1:160274394]"	"https://avatars.steamstatic.com/ae3b475531d3d31151b5b0c6484cbf6af466e874_full.jpg"	"2026-09-05T21:27:34.469338+00:00"
"[U:1:406565719]"	"https://avatars.steamstatic.com/fb7e254aa20583616c25140489532b627e2f1034_full.jpg"	"2026-09-05T21:27:34.469338+00:00"
"[U:1:1116220646]"	"https://avatars.steamstatic.com/63c346c1c96cb23bee54c8ddfb5717496ed500ba_full.jpg"	"2026-09-05T21:27:34.469338+00:00"
"[U:1:1143910241]"	"https://avatars.steamstatic.com/b7066fb6ff81e0241bea7620e0bda9e06b669c13_full.jpg"	"2026-09-05T21:27:34.469338+00:00"
"[U:1:141840850]"	"https://avatars.steamstatic.com/7a91ee4a3683d455c2565139465a1ef848b026e5_full.jpg"	"2026-09-05T21:27:34.469338+00:00"
"[U:1:1789853354]"	"https://avatars.steamstatic.com/3ef7be4f7d875e852411a3aed2cf95cb201c078f_full.jpg"	"2026-09-05T21:27:34.469338+00:00"
"[U:1:14815958]"	"https://avatars.steamstatic.com/4f18c609c39628f1a45f4abd87adfb8aa8567ec2_full.jpg"	"2026-09-05T21:27:34.469338+00:00"
"[U:1:1161898120]"	"https://avatars.steamstatic.com/0f0435b891e4b5077e4c12a56c5c0e56ce86d0f2_full.jpg"	"2026-09-05T21:27:34.469338+00:00"
"[U:1:250891655]"	"https://avatars.steamstatic.com/36f68458dc2583eaf03c82bb82856b1356e716f5_full.jpg"	"2026-09-05T21:27:34.469338+00:00"
"[U:1:764467365]"	"https://avatars.steamstatic.com/e45c73e6e6e5684ea34dde83a9bc5bb7d95c4ee5_full.jpg"	"2026-09-05T21:27:34.469338+00:00"
"[U:1:219372970]"	"https://avatars.steamstatic.com/00115b60ee0da1145d0bd4f94b54446b33173faf_full.jpg"	"2026-09-05T21:27:34.469338+00:00"
"[U:1:4887394]"	"https://avatars.steamstatic.com/42079d827315a81030a9a670bf3204acbea80add_full.jpg"	"2026-09-05T21:27:34.469338+00:00"
"[U:1:120220395]"	"https://avatars.steamstatic.com/e68142e58517cb44105014aecde60549e259a7b8_full.jpg"	"2026-09-05T21:27:34.469338+00:00"
"[U:1:34420243]"	"https://avatars.steamstatic.com/e0345d95a99a0280d31aaec05676eaad7a125d2c_full.jpg"	"2026-09-05T21:27:34.469338+00:00"
"[U:1:1254162164]"	"https://avatars.steamstatic.com/b81728be4554a181415b8c5f5c4d31813fdea7b7_full.jpg"	"2026-09-05T21:27:34.469338+00:00"
"[U:1:913438570]"	"https://avatars.steamstatic.com/7ac8a01a2b2dde34661bdb0b90520049324966b8_full.jpg"	"2026-09-05T21:27:34.469338+00:00"
"[U:1:91427629]"	"https://avatars.steamstatic.com/67fe454f3d69c11fd72337cd75c7bbd7eee00283_full.jpg"	"2026-09-05T21:27:34.469338+00:00"
"[U:1:251038400]"	"https://avatars.steamstatic.com/7a7d680ba83068c4c1d519e322b380929426edc7_full.jpg"	"2026-09-05T21:27:34.469338+00:00"
"[U:1:920001510]"	"https://avatars.steamstatic.com/bbadbbc42c1453a44ae4e6550e61bb0ed04b5564_full.jpg"	"2026-09-05T21:27:34.469338+00:00"
"[U:1:18678611]"	"https://avatars.steamstatic.com/885c4029fff92a6978617e0b730bcf245df812bb_full.jpg"	"2026-09-05T21:27:34.469338+00:00"
"[U:1:76581557]"	"https://avatars.steamstatic.com/7331074bbd4db4e354feb3c6aa431a0e9e01125c_full.jpg"	"2026-09-05T21:27:34.469338+00:00"
"[U:1:919056013]"	"https://avatars.steamstatic.com/e9cf34eb38eaf7c7a21626fff777bcfdf365b188_full.jpg"	"2026-09-05T21:27:34.469338+00:00"
"[U:1:82191529]"	"https://avatars.steamstatic.com/ed91b9765bc8d73a4d8fc35559d6368e6b2b73d8_full.jpg"	"2026-09-05T21:27:34.469338+00:00"
"[U:1:1254447050]"	"https://avatars.steamstatic.com/72f7385f8241660bb8b16a734b06abccb106192c_full.jpg"	"2026-09-05T21:27:34.469338+00:00"
"[U:1:102024939]"	"https://avatars.steamstatic.com/7e4ef6e6cc2145a24cb2cdb67cb591eae2cd9574_full.jpg"	"2026-09-05T21:27:34.469338+00:00"
"[U:1:166883393]"	"https://avatars.steamstatic.com/4d4432b8fe03437ef287c3867393956645e58c29_full.jpg"	"2026-09-05T21:27:34.469338+00:00"
"[U:1:296153664]"	"https://avatars.steamstatic.com/ba051052c4318b88acf0abc42db0567be3d36ebd_full.jpg"	"2026-09-05T21:27:34.469338+00:00"
"[U:1:1316191129]"	"https://avatars.steamstatic.com/7146579e43b1e429f9fd9d7aaae4d35eac58c35e_full.jpg"	"2026-09-05T21:27:34.469338+00:00"
"[U:1:7008727]"	"https://avatars.steamstatic.com/53c5a41e1b7eed9057cebd7a6286150b02ec3019_full.jpg"	"2026-09-05T21:27:34.469338+00:00"
"[U:1:183153625]"	"https://avatars.steamstatic.com/f5f162e739b347cd81b08b5f916c47d0d6245bf9_full.jpg"	"2026-09-05T21:27:34.469338+00:00"
"[U:1:1676042987]"	"https://avatars.steamstatic.com/6d7fdbb9e766f8cf68fc3777fce6f49edbceb561_full.jpg"	"2026-09-05T21:27:34.469338+00:00"
"[U:1:41692537]"	"https://avatars.steamstatic.com/e6b3a79724b0276187bbae3426f086589449c613_full.jpg"	"2026-09-05T21:27:34.469338+00:00"
"[U:1:408642564]"	"https://avatars.steamstatic.com/efb082d7c929649fba5b01c5bcba86f65e70a072_full.jpg"	"2026-09-05T21:27:34.469338+00:00"
"[U:1:1271052215]"	"https://avatars.steamstatic.com/ec16aae66538cc39d4949746b9d4c25e3138dbd8_full.jpg"	"2026-09-05T21:27:34.469338+00:00"
"[U:1:19693184]"	"https://avatars.steamstatic.com/8aa22b995474b147050237cbf5d60f1e13467ef3_full.jpg"	"2026-09-05T21:27:34.469338+00:00"
"[U:1:417094151]"	"https://avatars.steamstatic.com/ed05160c3d85481c235fda086750b39a39308050_full.jpg"	"2026-09-05T21:27:34.469338+00:00"
"[U:1:250714293]"	"https://avatars.steamstatic.com/77dd93c2cebf9ccd54e7dc7b6ff0f58146eda032_full.jpg"	"2026-09-05T21:27:34.469338+00:00"
"[U:1:1123426523]"	"https://avatars.steamstatic.com/a2009243f40c5d7844710f654a495dac73555c26_full.jpg"	"2026-09-05T21:27:34.469338+00:00"
"[U:1:1793266041]"	"https://avatars.steamstatic.com/ab480f391983de0024f677dcfb9b2d741d15ee01_full.jpg"	"2026-09-05T21:27:34.469338+00:00"
"[U:1:918720102]"	"https://avatars.steamstatic.com/f4f2fc58620a769dfcc51defda89ed5cb8fa7d75_full.jpg"	"2026-09-05T21:27:34.469338+00:00"
"[U:1:1271702302]"	"https://avatars.steamstatic.com/3f47c3634c822270cbccf23f4cb4fcf2272e23d1_full.jpg"	"2026-09-05T21:27:34.469338+00:00"
"[U:1:295545263]"	"https://avatars.steamstatic.com/97f57b58d639bf7e7f0de30ba44f013c32281139_full.jpg"	"2026-09-05T21:27:34.469338+00:00"
"[U:1:1599968437]"	"https://avatars.steamstatic.com/3f783443e37b5a1e656e2fdd1efbd53780d47616_full.jpg"	"2026-09-05T21:27:34.469338+00:00"
"[U:1:912413034]"	"https://avatars.steamstatic.com/0af6b8daccafcfa53f9e723c7eff86442135e7a0_full.jpg"	"2026-09-05T21:27:34.469338+00:00"
"[U:1:92503721]"	"https://avatars.steamstatic.com/909dd972c035f41b9de96aa5d200d6f1f8067d91_full.jpg"	"2026-09-05T21:27:34.469338+00:00"
"[U:1:910468823]"	"https://avatars.steamstatic.com/fbb0223a3091c6231ee8aa859cd0a7a4738ab6bc_full.jpg"	"2026-09-05T21:27:34.469338+00:00"
"[U:1:918739150]"	"https://avatars.steamstatic.com/850935d18a2b5df38b1d7e600bcce8e918a365d5_full.jpg"	"2026-09-05T21:27:34.469338+00:00"
"[U:1:122111206]"	"https://avatars.steamstatic.com/3ff567a39401f1bb92d883756abb1b817ec81b5a_full.jpg"	"2026-09-05T21:27:34.469338+00:00"
"[U:1:1117178173]"	"https://avatars.steamstatic.com/fef49e7fa7e1997310d705b2a6158ff8dc1cdfeb_full.jpg"	"2026-09-05T21:27:34.469338+00:00"
"[U:1:194860463]"	"https://avatars.steamstatic.com/e57ccb9ee33f1aa17005190cfc753f01456cdc47_full.jpg"	"2026-09-05T21:27:34.469338+00:00"
"[U:1:910727816]"	"https://avatars.steamstatic.com/c59878ceefb80f985d33b0ee1fd3cf04a6e78cc4_full.jpg"	"2026-09-05T21:27:34.469338+00:00"
"[U:1:112590550]"	"https://avatars.steamstatic.com/98817cf64bdc9913479e09a15c93e2230a2c65c8_full.jpg"	"2026-09-05T21:27:34.469338+00:00"
"[U:1:107384992]"	"https://avatars.steamstatic.com/f5fb7ae382b144ed78837bd42204b31daf5484ad_full.jpg"	"2026-09-05T21:27:34.469338+00:00"
"[U:1:17934226]"	"https://avatars.steamstatic.com/b010454a815c12827ec1dea3b8fa00cb72d7b546_full.jpg"	"2026-09-05T21:27:34.469338+00:00"
"[U:1:194656874]"	"https://avatars.steamstatic.com/81bda72a08ab7bee6a027bcb4a6e787aac204115_full.jpg"	"2026-09-05T21:27:34.469338+00:00"
"[U:1:1108960808]"	"https://avatars.steamstatic.com/18dc49cbf76567dd3c8ffb499d60258b247932e6_full.jpg"	"2026-09-05T21:27:34.469338+00:00"
"[U:1:109721979]"	"https://avatars.steamstatic.com/57076b22e0dafd7d0d93096559fcb2e8bb1e86f9_full.jpg"	"2026-09-05T21:27:34.469338+00:00"
"[U:1:1133837745]"	"https://avatars.steamstatic.com/ef2786d9ef0f6892d76e34ca12e7ad234eb613ba_full.jpg"	"2026-09-05T21:27:34.469338+00:00"
"[U:1:194264210]"	"https://avatars.steamstatic.com/e2de1d3ad42c00e5566bf091dde330f01f345920_full.jpg"	"2026-09-05T21:27:34.469338+00:00"
"[U:1:338879040]"	"https://avatars.steamstatic.com/97411ec3da9a548768d6a4c6bd60cff839de0d65_full.jpg"	"2026-09-05T21:27:34.469338+00:00"
"[U:1:19685612]"	"https://avatars.steamstatic.com/0dd7355cbd0dca82657fb551de1e21f4307133b2_full.jpg"	"2026-09-05T21:27:34.469338+00:00"
"[U:1:764956395]"	"https://avatars.steamstatic.com/53f3cb00bed8d0c24f880fa07eb930ac02b1053a_full.jpg"	"2026-09-05T21:27:34.469338+00:00"
"[U:1:2524199]"	"https://avatars.steamstatic.com/44c6b94c4e41e8baac878ab23bf6265ce78cf851_full.jpg"	"2026-09-05T21:27:34.469338+00:00"
"[U:1:167075753]"	"https://avatars.steamstatic.com/a3c6a7f5432df4d0ce381f2798b3d664bf6ac053_full.jpg"	"2026-09-05T21:27:34.469338+00:00"
"[U:1:829153398]"	"https://avatars.steamstatic.com/64dcaf552194c6ca65ac7672debd50e5142add9b_full.jpg"	"2026-09-05T21:27:34.469338+00:00"
"[U:1:766549848]"	"https://avatars.steamstatic.com/3d6de3b2ea42797f6d9b894e0d28ada67100108a_full.jpg"	"2026-09-05T21:27:34.469338+00:00"
"[U:1:920165138]"	"https://avatars.steamstatic.com/72a04c21ead600e6cf763cbe4e8d755f15167fe6_full.jpg"	"2026-09-05T21:27:34.469338+00:00"
"[U:1:297869667]"	"https://avatars.steamstatic.com/7355377ba81082665e8b07d5c443982cd061b3f5_full.jpg"	"2026-09-05T21:27:34.469338+00:00"
"[U:1:1053390820]"	"https://avatars.steamstatic.com/7891b392098ddbdc5ebf36ee12da2767e24f4124_full.jpg"	"2026-09-05T21:27:34.469338+00:00"
"[U:1:1046632740]"	"https://avatars.steamstatic.com/28598c6222ef0ae2f7582ff01fa0a8a9d5b99860_full.jpg"	"2026-09-05T21:27:34.469338+00:00"
"[U:1:175954945]"	"https://avatars.steamstatic.com/4b6adea7a971593338ff65ebdb3c4b52bfea58a8_full.jpg"	"2026-09-05T21:27:34.469338+00:00"
"[U:1:474629910]"	"https://avatars.steamstatic.com/04288846f0b0d3f1338a76e1314ff0894dbedb25_full.jpg"	"2026-09-05T21:27:34.469338+00:00"
"[U:1:107595546]"	"https://avatars.steamstatic.com/fecd75a2e42dd889959d5bd7bc28f31121446265_full.jpg"	"2026-09-05T21:27:34.469338+00:00"
"[U:1:8292199]"	"https://avatars.steamstatic.com/4ad91979896cb6cf8038f6aa0bc04cf524b1df85_full.jpg"	"2026-09-05T21:27:34.469338+00:00"
"[U:1:488619475]"	"https://avatars.steamstatic.com/6e353d0baf96ab25a225c618ce86aa8e21a2a620_full.jpg"	"2026-09-05T21:27:34.469338+00:00"
"[U:1:198357683]"	"https://avatars.steamstatic.com/f7839143419a1c452af8a99067811dd8d732d779_full.jpg"	"2026-09-05T21:27:34.469338+00:00"
"[U:1:1478018601]"	"https://avatars.steamstatic.com/43c5bf6064cc6de82024a1fc5add7e7cac4965b5_full.jpg"	"2026-09-05T21:27:34.469338+00:00"
"[U:1:1418874626]"	"https://avatars.steamstatic.com/3be2fcd88053bae5dd8f2a80dbf58da25b4861ce_full.jpg"	"2026-09-05T21:27:34.469338+00:00"
"[U:1:168110232]"	"https://avatars.steamstatic.com/93b6a084730407c835dc568dbf8c4b4b6b90a279_full.jpg"	"2026-09-05T21:27:34.469338+00:00"
"[U:1:1253714516]"	"https://avatars.steamstatic.com/96251188cb062448bd48fb88eb92a1cbec755ca3_full.jpg"	"2026-09-05T21:27:34.469338+00:00"
"[U:1:1126009031]"	"https://avatars.steamstatic.com/0d83db793b7aaf36e53a067dd1b18d23ff2087f1_full.jpg"	"2026-09-05T21:27:34.469338+00:00"
"[U:1:1129194741]"	"https://avatars.steamstatic.com/9b54922407800f6314e48d3de32e99604eafbd13_full.jpg"	"2026-09-05T21:27:34.469338+00:00"
"[U:1:414707503]"	"https://avatars.steamstatic.com/f1b990af6bd5fbfaac9980e4e028b5a9b899e876_full.jpg"	"2026-09-05T21:27:34.469338+00:00"
"[U:1:1179256621]"	"https://avatars.steamstatic.com/14cf96e904288370201c9ca4189f469f28945465_full.jpg"	"2026-09-05T21:27:34.469338+00:00"
"[U:1:1011265751]"	"https://avatars.steamstatic.com/69cd6b18f16bb9e501cf113334c46695bcfe6ea1_full.jpg"	"2026-09-05T21:27:34.469338+00:00"
"[U:1:1288734512]"	"https://avatars.steamstatic.com/681e7081316262bd9b3a4b91a71b67e5dda33e41_full.jpg"	"2026-09-05T21:27:34.469338+00:00"
"[U:1:924722877]"	"https://avatars.steamstatic.com/52842e9f17f9c6af93b7261806801b19736aa926_full.jpg"	"2026-09-05T21:27:34.469338+00:00"
"[U:1:1017609856]"	"https://avatars.steamstatic.com/3839513b94e48b616c3adce676ebdc934a7d5932_full.jpg"	"2026-09-05T21:27:34.469338+00:00"
"[U:1:1024348491]"	"https://avatars.steamstatic.com/f20be1752da43d18b1227d09be35298f9bf59c55_full.jpg"	"2026-09-05T21:27:34.469338+00:00"
"[U:1:1272955461]"	"https://avatars.steamstatic.com/7a055c31b082226b8304bc5bf030a606a6dc9d41_full.jpg"	"2026-09-05T21:27:34.469338+00:00"
"[U:1:474365899]"	"https://avatars.steamstatic.com/b1991ff73b5adf6e8701d47eb97b6f5db2635b93_full.jpg"	"2026-09-05T21:27:34.469338+00:00"
"[U:1:343924454]"	"https://avatars.steamstatic.com/fb382cb36ea6638a70757710f1372be4fa66b89d_full.jpg"	"2026-09-05T21:27:34.469338+00:00"
"[U:1:91485405]"	"https://avatars.steamstatic.com/508a10044206cf31671b60123854cf027a0c212b_full.jpg"	"2026-09-05T21:27:34.469338+00:00"
"[U:1:765955889]"	"https://avatars.steamstatic.com/76a6056313d3eaab150f4e8d5fd06bb1b2c01d87_full.jpg"	"2026-09-05T21:27:34.469338+00:00"
"[U:1:1212052865]"	"https://avatars.steamstatic.com/76aeac0b8b6f17445d780cdb0bf73feea59181b1_full.jpg"	"2026-09-05T21:27:34.469338+00:00"
"[U:1:220841526]"	"https://avatars.steamstatic.com/ba40861dbf386feea786456dbebb0e1ecd7f0cc4_full.jpg"	"2026-09-05T21:27:34.469338+00:00"
"[U:1:10940129]"	"https://avatars.steamstatic.com/5d81a7c3bdc6a5a96b39e0779709feefddc0f85e_full.jpg"	"2026-09-05T21:27:34.469338+00:00"
"[U:1:1278158698]"	"https://avatars.steamstatic.com/4df3c768ef2b9b0fe818506aa8109f23423983a3_full.jpg"	"2026-09-05T21:27:34.469338+00:00"
"[U:1:187794573]"	"https://avatars.steamstatic.com/8fe817e9198a0e20f22d0ab5fdb649ed2b4cd48f_full.jpg"	"2026-09-05T21:27:34.469338+00:00"
"[U:1:1280000978]"	"https://avatars.steamstatic.com/fef49e7fa7e1997310d705b2a6158ff8dc1cdfeb_full.jpg"	"2026-09-05T21:27:34.469338+00:00"
"[U:1:1043421465]"	"https://avatars.steamstatic.com/2387fca9fe9f87420858598ef8f93ff053ae9dfd_full.jpg"	"2026-09-05T21:27:34.469338+00:00"
"[U:1:204714894]"	"https://avatars.steamstatic.com/67abe9d574bf41e1531c597abcf68c271e9c3d24_full.jpg"	"2026-09-05T21:27:34.469338+00:00"
"[U:1:59327162]"	"https://avatars.steamstatic.com/3c29c328d25782946ccd03c774de2e0ee7bf97b9_full.jpg"	"2026-09-05T21:27:34.469338+00:00"
"[U:1:1182946350]"	"https://avatars.steamstatic.com/a0705e417a78da3a26e5114c5226e6ec7b493ce1_full.jpg"	"2026-09-05T21:27:34.469338+00:00"
"[U:1:1162024063]"	"https://avatars.steamstatic.com/7c4449a9031a513932219a7c6f555ec68ebed5bf_full.jpg"	"2026-09-05T21:27:34.469338+00:00"
"[U:1:109388448]"	"https://avatars.steamstatic.com/604d026368de3880c4a82f2b7f99057d312d88cf_full.jpg"	"2026-09-05T21:27:34.469338+00:00"
"[U:1:101143668]"	"https://avatars.steamstatic.com/965fb7535e3694ccfcef06d286acc2dc1645cce0_full.jpg"	"2026-09-05T21:27:34.469338+00:00"
"[U:1:206146315]"	"https://avatars.steamstatic.com/a1e9338b50a9506005667fdc78a4bb6309424b71_full.jpg"	"2026-09-05T21:27:34.469338+00:00"
"[U:1:1052080076]"	"https://avatars.steamstatic.com/1f5010e20ac573a226d834df3ca9a4934cdab3e5_full.jpg"	"2026-09-05T21:27:34.469338+00:00"
"[U:1:96435243]"	"https://avatars.steamstatic.com/4c006c9af61c6d00821751cbaed84312717132f8_full.jpg"	"2026-09-05T21:27:34.469338+00:00"
"[U:1:1279262118]"	"https://avatars.steamstatic.com/9bc44c609a4d00c4a31bff301cdaee12e425b023_full.jpg"	"2026-09-05T21:27:34.469338+00:00"
"[U:1:350337965]"	"https://avatars.steamstatic.com/158750c74a29ddd0d58bc643e7b86eda0b9d199c_full.jpg"	"2026-09-05T21:27:34.469338+00:00"
"[U:1:172208691]"	"https://avatars.steamstatic.com/aa4fa98a57a289a7a77592bbca499b830cb0e585_full.jpg"	"2026-09-05T21:27:34.469338+00:00"
"[U:1:838668833]"	"https://avatars.steamstatic.com/098a5dc25b46c787dbc9c9d0aabe231732ca7e03_full.jpg"	"2026-09-05T21:27:34.469338+00:00"
"[U:1:97570168]"	"https://avatars.steamstatic.com/bcbb3b351babf62560b6fff846c4254e475cc365_full.jpg"	"2026-09-05T21:27:34.469338+00:00"
"[U:1:1302263176]"	"https://avatars.steamstatic.com/9ab854c23ad39c58c4a0dcb78a9104a2cd9691d4_full.jpg"	"2026-09-05T21:27:34.469338+00:00"
"[U:1:302629161]"	"https://avatars.steamstatic.com/5289c10ea0a48ef85911623173dc1b55aa3251d4_full.jpg"	"2026-09-05T21:27:34.469338+00:00"
"[U:1:1002703201]"	"https://avatars.steamstatic.com/b670b47a5e581059057fce8dbfe0b6166deca2e9_full.jpg"	"2026-09-05T21:27:34.469338+00:00"
"[U:1:98338918]"	"https://avatars.steamstatic.com/6f77d745f455990d99da2e6873715a494df78434_full.jpg"	"2026-09-05T21:27:34.469338+00:00"
"[U:1:116827784]"	"https://avatars.steamstatic.com/83fc4ab744cfabbbd7f8d4e061da800fc78ff2b2_full.jpg"	"2026-09-05T21:27:34.469338+00:00"
"[U:1:71891723]"	"https://avatars.steamstatic.com/035277356eadec888bb47e41cbd75a08a34a56d3_full.jpg"	"2026-09-05T21:27:34.469338+00:00"
"[U:1:43290820]"	"https://avatars.steamstatic.com/fef49e7fa7e1997310d705b2a6158ff8dc1cdfeb_full.jpg"	"2026-09-05T21:27:34.469338+00:00"
"[U:1:187960209]"	"https://avatars.steamstatic.com/cc65b2e51c12c364fdb62d61b2232e804b4c789a_full.jpg"	"2026-09-05T21:27:34.469338+00:00"
"[U:1:1841112269]"	"https://avatars.steamstatic.com/39229b8bda24a57e1b4a4e0beeb3dc64eca4e1a2_full.jpg"	"2026-09-05T21:27:34.469338+00:00"
"[U:1:1094381874]"	"https://avatars.steamstatic.com/8568c114965c36c9edf4666ec5b8d0ad0ee8edf3_full.jpg"	"2026-09-05T21:27:34.469338+00:00"
"[U:1:1741556860]"	"https://avatars.steamstatic.com/fef49e7fa7e1997310d705b2a6158ff8dc1cdfeb_full.jpg"	"2026-09-05T21:27:34.469338+00:00"
"[U:1:105396297]"	"https://avatars.steamstatic.com/378512a4fec696557a9a3c9073406ac6b88a3946_full.jpg"	"2026-09-05T21:27:34.469338+00:00"
"[U:1:353600946]"	"https://avatars.steamstatic.com/0fc81829f08fcd6fdc03235acb40363a0c1075b5_full.jpg"	"2026-09-05T21:27:34.469338+00:00"
"[U:1:1014141404]"	"https://avatars.steamstatic.com/52cee24962d92ff5e7805a902719297a79b4185a_full.jpg"	"2026-09-05T21:27:34.469338+00:00"
"[U:1:257664101]"	"https://avatars.steamstatic.com/ffab722c89e5a38eeedcc384f5f3d31ed9943fb2_full.jpg"	"2026-09-05T21:27:34.469338+00:00"
"[U:1:109413653]"	"https://avatars.steamstatic.com/a63a572ae2d70739784ffc88546121a334cc8be8_full.jpg"	"2026-09-05T21:27:34.469338+00:00"
"[U:1:1279072694]"	"https://avatars.steamstatic.com/196b2723f814d479ebad4b20c906f664bb29da0a_full.jpg"	"2026-09-05T21:27:34.469338+00:00"
"[U:1:35435992]"	"https://avatars.steamstatic.com/cffd9f7a0634aec2e0ffe1c76a0fdef4cd487636_full.jpg"	"2026-09-05T21:27:34.469338+00:00"
"[U:1:12219082]"	"https://avatars.steamstatic.com/cebd7359212584a7f258ecc65e4556e7c4333df3_full.jpg"	"2026-09-05T21:27:34.469338+00:00"
"[U:1:83912053]"	"https://avatars.steamstatic.com/69dd99d211afa597e133bc35eb56051d1ee1c078_full.jpg"	"2026-09-05T21:27:34.469338+00:00"
"[U:1:962297090]"	"https://avatars.steamstatic.com/ae3b475531d3d31151b5b0c6484cbf6af466e874_full.jpg"	"2026-09-05T21:27:34.469338+00:00"
"[U:1:1696316003]"	"https://avatars.steamstatic.com/bb9346b147c257b6001a1311540e98549d72c1ee_full.jpg"	"2026-09-05T21:27:34.469338+00:00"
"[U:1:839407693]"	"https://avatars.steamstatic.com/adca9cbbace1f283664b007042a96d531b1890aa_full.jpg"	"2026-09-05T21:27:34.469338+00:00"
"[U:1:22073557]"	"https://avatars.steamstatic.com/5f0371ea89df1e2df865f1f9812236042f706bb4_full.jpg"	"2026-09-05T21:27:34.469338+00:00"
"[U:1:97195153]"	"https://avatars.steamstatic.com/1e13d505baf60be37f47b3b53fdc67f71ca88a12_full.jpg"	"2026-09-05T21:27:34.469338+00:00"
"[U:1:1423489799]"	"https://avatars.steamstatic.com/bd77235baceb746e1bec9d6102792507ce32b412_full.jpg"	"2026-09-05T21:27:34.469338+00:00"
"[U:1:433394347]"	"https://avatars.steamstatic.com/8168bc43154031d761e814c0e81f108d2afc6067_full.jpg"	"2026-09-05T21:27:34.469338+00:00"
"[U:1:96988503]"	"https://avatars.steamstatic.com/80118dd1446276f5bbc0790c4e9b251e690b9948_full.jpg"	"2026-09-05T21:27:34.469338+00:00"
"[U:1:353095246]"	"https://avatars.steamstatic.com/b675dfe535ab12789ba8b32a46ea602898cf1abb_full.jpg"	"2026-09-05T21:27:34.469338+00:00"
"[U:1:97792271]"	"https://avatars.steamstatic.com/ddc8ecaafc595de14ceff1a17cdf9c31a782415d_full.jpg"	"2026-09-05T21:27:34.469338+00:00"
"[U:1:1240491796]"	"https://avatars.steamstatic.com/742834bce4f645f7f0d75ec38cbbbe0fea08d525_full.jpg"	"2026-09-05T21:27:34.469338+00:00"
"[U:1:839507913]"	"https://avatars.steamstatic.com/522cd5ca492994375dfec43da9acfcd69aa6c5c2_full.jpg"	"2026-09-05T21:27:34.469338+00:00"
"[U:1:84084788]"	"https://avatars.steamstatic.com/bdc5d2f0777cd7467d0aef6c0d330761a747dddd_full.jpg"	"2026-09-05T21:27:34.469338+00:00"
"[U:1:1206784613]"	"https://avatars.steamstatic.com/68b6e02d083b384c616d2d61b8637d75dbc96bfa_full.jpg"	"2026-09-05T21:27:34.469338+00:00"
"[U:1:49118415]"	"https://avatars.steamstatic.com/cbf2edd5a8e35e28fcfd39d2f01193dc7c8c7714_full.jpg"	"2026-09-05T21:27:34.469338+00:00"
"[U:1:775771506]"	"https://avatars.steamstatic.com/7e081444f3bb37795e96a2847d53b8b88a8a168f_full.jpg"	"2026-09-05T21:27:34.469338+00:00"
"[U:1:1880844300]"	"https://avatars.steamstatic.com/1502f96efa6c4d308a49a4d3b95cac04245295ce_full.jpg"	"2026-09-05T21:27:34.469338+00:00"
"[U:1:1013064291]"	"https://avatars.steamstatic.com/4472ab56d3200a4d1d5209d0bedf8bd9e880c8b6_full.jpg"	"2026-09-05T21:27:34.469338+00:00"
"[U:1:101139693]"	"https://avatars.steamstatic.com/52a0bfd5ef911f194f08902d454b7090af763fb2_full.jpg"	"2026-09-05T21:27:34.469338+00:00"
"[U:1:188214269]"	"https://avatars.steamstatic.com/897a98af2fe0c1169811ae6ee1f1086c6c9efb4d_full.jpg"	"2026-09-05T21:27:34.469338+00:00"
"[U:1:77869488]"	"https://avatars.steamstatic.com/b7caedbe8d0c846dc8e113a00086fec3c76e3294_full.jpg"	"2026-09-05T21:27:34.469338+00:00"
"[U:1:220793017]"	"https://avatars.steamstatic.com/af9644eb1bb5a7eda9db2e2429ea2904574fe1dd_full.jpg"	"2026-09-05T21:27:34.469338+00:00"
"[U:1:970618054]"	"https://avatars.steamstatic.com/aaf10a474bd5ea9849c71f1038ffe0956ee183af_full.jpg"	"2026-09-05T21:27:34.469338+00:00"
"[U:1:1135751770]"	"https://avatars.steamstatic.com/23a59b843be27a273aec3300a5674c99c3489eb6_full.jpg"	"2026-09-05T21:27:34.469338+00:00"
"[U:1:44163670]"	"https://avatars.steamstatic.com/87db8de9f65776d533cefc6d6badfeb2a82871fe_full.jpg"	"2026-09-05T21:27:34.469338+00:00"
"[U:1:303005969]"	"https://avatars.steamstatic.com/f16dd21f66a65656c6a8c33413a9a2606d3126a6_full.jpg"	"2026-09-05T21:27:34.469338+00:00"
"[U:1:160957083]"	"https://avatars.steamstatic.com/33cd398e0d9c702d7053590dabef9c157e57e910_full.jpg"	"2026-09-05T21:27:34.469338+00:00"
"[U:1:204034089]"	"https://avatars.steamstatic.com/9058bb19c9a1bca23b2aa5e9da9571e655ea42ce_full.jpg"	"2026-09-05T21:27:34.469338+00:00"
"[U:1:1258785478]"	"https://avatars.steamstatic.com/de499aa3dbcd009cb6cba5682f0ddb3ed6116c65_full.jpg"	"2026-09-05T21:27:34.469338+00:00"
"[U:1:228618439]"	"https://avatars.steamstatic.com/e3a070b2f8da1581040217fcd431483a7927769b_full.jpg"	"2026-09-05T21:27:34.469338+00:00"
"[U:1:1541575247]"	"https://avatars.steamstatic.com/d4a2fb923e627555b15fe0403c26fbf4283c5087_full.jpg"	"2026-09-05T21:27:34.469338+00:00"
"[U:1:116817641]"	"https://avatars.steamstatic.com/14fadafa8db55441908d28203ad474057b0d41f1_full.jpg"	"2026-09-05T21:27:34.469338+00:00"
"[U:1:838978663]"	"https://avatars.steamstatic.com/38a5ca4481e23fbb902781c56a67025136402e8b_full.jpg"	"2026-09-05T21:27:34.469338+00:00"
"[U:1:35327012]"	"https://avatars.steamstatic.com/5eb679d9d8e8be71754696ffe4efb7a1949640c6_full.jpg"	"2026-09-05T21:27:34.469338+00:00"
"[U:1:988200750]"	"https://avatars.steamstatic.com/5005f44b15b5496235880ff80f86d8bb703b03e2_full.jpg"	"2026-09-05T21:27:34.469338+00:00"
"[U:1:1074405526]"	"https://avatars.steamstatic.com/833c44bec1b65b2f322f86674ed9b5d7c9e05cb7_full.jpg"	"2026-09-05T21:27:34.469338+00:00"
"[U:1:352343027]"	"https://avatars.steamstatic.com/a6cb4f17bc5b031eb2efed3e1dc84a498dd56d87_full.jpg"	"2026-09-05T21:27:34.469338+00:00"
"[U:1:1209193633]"	"https://avatars.steamstatic.com/6757f81a15cf4e5ea854a16e44116970a4c9a4c6_full.jpg"	"2026-09-05T21:27:34.469338+00:00"
"[U:1:354348865]"	"https://avatars.steamstatic.com/e5a9f2c3e6b50a279455fe4432cc46cf91419a08_full.jpg"	"2026-09-05T21:27:34.469338+00:00"
"[U:1:18812602]"	"https://avatars.steamstatic.com/b6ec5034a7ce01b277c8f80ba3b0d22ddfaf0606_full.jpg"	"2026-09-05T21:27:34.469338+00:00"
"[U:1:1842199478]"	"https://avatars.steamstatic.com/f304083b2c29abcf53b61f0da3c637c44876ed25_full.jpg"	"2026-09-05T21:27:34.469338+00:00"
"[U:1:840131251]"	"https://avatars.steamstatic.com/edfedb06da87643f1fae15f597adbde9c81e4795_full.jpg"	"2026-09-05T21:27:34.469338+00:00"
"[U:1:207559878]"	"https://avatars.steamstatic.com/2546fd07e9cdd3b2c3b00967af4c744a54c50dec_full.jpg"	"2026-09-05T21:27:34.469338+00:00"
"[U:1:350461208]"	"https://avatars.steamstatic.com/6cabde2668b873001eaab82a1bd35f6056df2d96_full.jpg"	"2026-09-05T21:27:34.469338+00:00"
"[U:1:121229432]"	"https://avatars.steamstatic.com/9e1bf2e21181cc358e099be033cc8f2902ffd411_full.jpg"	"2026-09-05T21:27:34.469338+00:00"
"[U:1:43161321]"	"https://avatars.steamstatic.com/debc0ff6979035de12b33d7108efce191da2f1af_full.jpg"	"2026-09-05T21:27:34.469338+00:00"
"[U:1:441114827]"	"https://avatars.steamstatic.com/d066c967dfeb6828090dce2824affd01697a8743_full.jpg"	"2026-09-05T21:27:34.469338+00:00"
"[U:1:353280266]"	"https://avatars.steamstatic.com/a5ea4f46826aa57fa3fa40ace07497ba07c0de33_full.jpg"	"2026-09-05T21:27:34.469338+00:00"
"[U:1:436409383]"	"https://avatars.steamstatic.com/6f1ee9ecadd57e69bfc1472dc568d3328116abad_full.jpg"	"2026-09-05T21:27:34.469338+00:00"
"[U:1:353792286]"	"https://avatars.steamstatic.com/314b40ca16942435a9dfc2d18d61a8536c599ee0_full.jpg"	"2026-09-05T21:27:34.469338+00:00"
"[U:1:1070170243]"	"https://avatars.steamstatic.com/5deac7a92a09ac6a8cf867aaa9bd3d35e2af4bf4_full.jpg"	"2026-09-05T21:27:34.469338+00:00"
"[U:1:1506187606]"	"https://avatars.steamstatic.com/9ed82245287d41ae84c43da31be306f0027432ef_full.jpg"	"2026-09-05T21:27:34.469338+00:00"
"[U:1:207427571]"	"https://avatars.steamstatic.com/3bf5921a0ebdf20f7eebe889ba2d8744dbadc252_full.jpg"	"2026-09-05T21:27:34.469338+00:00"
"[U:1:208068597]"	"https://avatars.steamstatic.com/5d205c7b5a9f623958944229cdb08a6aba7003dd_full.jpg"	"2026-09-05T21:27:34.469338+00:00"
"[U:1:71526774]"	"https://avatars.steamstatic.com/42b48e30b56497e3d992c67ab2af3dd920109d5d_full.jpg"	"2026-09-05T21:27:34.469338+00:00"
"[U:1:187883616]"	"https://avatars.steamstatic.com/86927eddf87f78c3ce73847abd982f82c96d6232_full.jpg"	"2026-09-05T21:27:34.469338+00:00"
"[U:1:136600219]"	"https://avatars.steamstatic.com/d1272aacf59ea9163018386bcbac46df751fd6ad_full.jpg"	"2026-09-05T21:27:34.469338+00:00"
"[U:1:839375027]"	"https://avatars.steamstatic.com/9c0f196dc75ec807890841f6090e8a73d03a4340_full.jpg"	"2026-09-05T21:27:34.469338+00:00"
"[U:1:170297070]"	"https://avatars.steamstatic.com/28c86ac757249555d23a08d8b40723b5b1f487f6_full.jpg"	"2026-09-05T21:27:34.469338+00:00"
"[U:1:59270678]"	"https://avatars.steamstatic.com/cd749f4cac89d50d05fef0e1f68a37271f91accf_full.jpg"	"2026-09-05T21:27:34.469338+00:00"
"[U:1:378882419]"	"https://avatars.steamstatic.com/1a7c0fd8554711f6d7549a079d3a1c0e7ddc64f5_full.jpg"	"2026-09-05T21:27:34.469338+00:00"
"[U:1:439516167]"	"https://avatars.steamstatic.com/0cf49e9be12b4d7e2eb43c95b33b902bef91d064_full.jpg"	"2026-09-05T21:27:34.469338+00:00"
"[U:1:319172053]"	"https://avatars.steamstatic.com/b5671d23b0d722afe8a5024dd0974ce36466feeb_full.jpg"	"2026-09-05T21:27:34.469338+00:00"
"[U:1:439397245]"	"https://avatars.steamstatic.com/e904c98457c9e0d2b45992300159e8883f1a6829_full.jpg"	"2026-09-05T21:27:34.469338+00:00"
"[U:1:31912639]"	"https://avatars.steamstatic.com/150f3e96e93f02ca3c9320b63a7ad9501825012b_full.jpg"	"2026-09-05T21:27:34.469338+00:00"
"[U:1:303234424]"	"https://avatars.steamstatic.com/be42fa97d61928d73be7cfea8d8627c902db9259_full.jpg"	"2026-09-05T21:27:34.469338+00:00"
"[U:1:786575564]"	"https://avatars.steamstatic.com/08373e2f265d83db34b69c20e280a4a0bdde03a9_full.jpg"	"2026-09-05T21:27:34.469338+00:00"
"[U:1:76087437]"	"https://avatars.steamstatic.com/fe1c6da4dc0dc7597ff94bf5cf04fc3e190dafe7_full.jpg"	"2026-09-05T21:27:34.469338+00:00"
"[U:1:1126584971]"	"https://avatars.steamstatic.com/8d116c8558343dcc1e69f976d4c7a60542dbdafe_full.jpg"	"2026-09-05T21:27:34.469338+00:00"
"[U:1:248675323]"	"https://avatars.steamstatic.com/1502f96efa6c4d308a49a4d3b95cac04245295ce_full.jpg"	"2026-09-05T21:27:34.469338+00:00"
"[U:1:400013215]"	"https://avatars.steamstatic.com/4b63efc1bc6d61f8bbda072afadf846d27af88c7_full.jpg"	"2026-09-05T21:27:34.469338+00:00"
"[U:1:209660003]"	"https://avatars.steamstatic.com/33b10aa60bcf59c444ce79b1edcb0e20c3b0807c_full.jpg"	"2026-09-05T21:27:34.469338+00:00"
"[U:1:816852213]"	"https://avatars.steamstatic.com/fef49e7fa7e1997310d705b2a6158ff8dc1cdfeb_full.jpg"	"2026-09-05T21:27:34.469338+00:00"
"[U:1:134922032]"	"https://avatars.steamstatic.com/2253fb1237252296eb6a8f7b19c9675b7420623c_full.jpg"	"2026-09-05T21:27:34.469338+00:00"
"[U:1:108401451]"	"https://avatars.steamstatic.com/8df3fbb9717a9433d4c709138700c25228676cb9_full.jpg"	"2026-09-05T21:27:34.469338+00:00"
"[U:1:1628933060]"	"https://avatars.steamstatic.com/8a72213d973cf126fbac89342eb0d94f7cca3544_full.jpg"	"2026-09-05T21:27:34.469338+00:00"
"[U:1:1142818935]"	"https://avatars.steamstatic.com/35b5cf4c25a9d0d572fc64097451a6eefaf3d466_full.jpg"	"2026-09-05T21:27:34.469338+00:00"
"[U:1:1429597402]"	"https://avatars.steamstatic.com/edc3dc73c280dbe6253bac52349ad5405ec680ea_full.jpg"	"2026-09-05T21:27:34.469338+00:00"
"[U:1:1208495637]"	"https://avatars.steamstatic.com/7414854a4576518297b05dcf8a61bb10b8206ea9_full.jpg"	"2026-09-05T21:27:34.469338+00:00"
"[U:1:1798797320]"	"https://avatars.steamstatic.com/21a1bcad8149776247cfbce34f4d469ab866822a_full.jpg"	"2026-09-05T21:27:34.469338+00:00"
"[U:1:762197285]"	"https://avatars.steamstatic.com/fef49e7fa7e1997310d705b2a6158ff8dc1cdfeb_full.jpg"	"2026-09-05T21:27:34.469338+00:00"
"[U:1:165999626]"	"https://avatars.steamstatic.com/36d847abf3277630ad30ba5b646b1f1cc65dcd77_full.jpg"	"2026-09-05T21:27:34.469338+00:00"
"[U:1:303271177]"	"https://avatars.steamstatic.com/ea3be1b205b46946e5dd1c3de3946fa9e0932b07_full.jpg"	"2026-09-05T21:27:34.469338+00:00"
"[U:1:263721228]"	"https://avatars.steamstatic.com/4d084d7dc7ed4c3c75ea352ded8a53766661a919_full.jpg"	"2026-09-05T21:27:34.469338+00:00"
"[U:1:311668648]"	"https://avatars.steamstatic.com/821d126c200f8abd689d1622e9794f74fedc27b0_full.jpg"	"2026-09-05T21:27:34.469338+00:00"
"[U:1:65145712]"	"https://avatars.steamstatic.com/ff040749ba35e3ceb19ffc8ebd469ccbf23c6455_full.jpg"	"2026-09-05T21:27:34.469338+00:00"
"[U:1:1628944933]"	"https://avatars.steamstatic.com/aca9304c9b143514b6b8f598d1bd59a2b99c28b4_full.jpg"	"2026-09-05T21:27:34.469338+00:00"
"[U:1:1112718807]"	"https://avatars.steamstatic.com/5d12c22c086e5f0930fab36377d3a65a24ed9bce_full.jpg"	"2026-09-05T21:27:34.469338+00:00"
"[U:1:97909089]"	"https://avatars.steamstatic.com/27f9d729bcd4ea87f5e8a27f85f6c928a4cd3e5a_full.jpg"	"2026-09-05T21:27:34.469338+00:00"
"[U:1:1213613369]"	"https://avatars.steamstatic.com/6e628833daf51acc5cdfb63a93dfea57b590b9e8_full.jpg"	"2026-09-05T21:27:34.469338+00:00"
"[U:1:904048722]"	"https://avatars.steamstatic.com/d27d74e22537475817f8cb9d4ac9b3c49e92151b_full.jpg"	"2026-09-05T21:27:34.469338+00:00"
"[U:1:311653124]"	"https://avatars.steamstatic.com/6de4b90c14d0df3809bec1137c779506662888c7_full.jpg"	"2026-09-05T21:27:34.469338+00:00"
"[U:1:225714101]"	"https://avatars.steamstatic.com/8e451283fca60d00b37688054db693e6d1e727ee_full.jpg"	"2026-09-05T21:27:34.469338+00:00"
"[U:1:1662740485]"	"https://avatars.steamstatic.com/bee779db446dc680fa402fd89b6b99dfde915f3a_full.jpg"	"2026-09-05T21:27:34.469338+00:00"
"[U:1:97790521]"	"https://avatars.steamstatic.com/37d87b7f0a823a4322c22345e548f54db5b9fdce_full.jpg"	"2026-09-05T21:27:34.469338+00:00"
"[U:1:112175319]"	"https://avatars.steamstatic.com/ba42b07207a38a40658f3f7433444784804fae57_full.jpg"	"2026-09-05T21:27:34.469338+00:00"
"[U:1:1851828808]"	"https://avatars.steamstatic.com/6d2a5c91af0e4ade34f698daccd758237d51949e_full.jpg"	"2026-09-05T21:27:34.469338+00:00"
"[U:1:103792990]"	"https://avatars.steamstatic.com/382476a386a672497f8c301fa968b5a6635ecbe3_full.jpg"	"2026-09-05T21:27:34.469338+00:00"
"[U:1:11154714]"	"https://avatars.steamstatic.com/53bb1d6df2efcc95b7ec172e8a2d0d36a38d4d5f_full.jpg"	"2026-09-05T21:27:34.469338+00:00"
"[U:1:68695751]"	"https://avatars.steamstatic.com/fee61407bdbb471b4bee1db2ec25a8bc9ef5362c_full.jpg"	"2026-09-05T21:27:34.469338+00:00"
"[U:1:1583354206]"	"https://avatars.steamstatic.com/20fb0db7cef22eb043d28b9e050381a41b6845fc_full.jpg"	"2026-09-05T21:27:34.469338+00:00"
"[U:1:905820495]"	"https://avatars.steamstatic.com/bee6ba820c8edf255aba31d653c230a1f4425dca_full.jpg"	"2026-09-05T21:27:34.469338+00:00"
"[U:1:1044000760]"	"https://avatars.steamstatic.com/45507dd172f23c50dd7fa82ed95f86b74c7dba08_full.jpg"	"2026-09-05T21:27:34.469338+00:00"
"[U:1:1148779776]"	"https://avatars.steamstatic.com/b0404c4a6b080603ebd4797d074dcb0ad3b08221_full.jpg"	"2026-09-05T21:27:34.469338+00:00"
"[U:1:1077307428]"	"https://avatars.steamstatic.com/5906db97c426213489b0a5b110281feb43203498_full.jpg"	"2026-09-05T21:27:34.469338+00:00"
"[U:1:81807265]"	"https://avatars.steamstatic.com/eafddec5b0bbc63c5be7f4d3c6dc802ee383a99b_full.jpg"	"2026-09-05T21:27:34.469338+00:00"
"[U:1:1314469627]"	"https://avatars.steamstatic.com/751d211bfa3421ec8698935386ec29eaf17f97e0_full.jpg"	"2026-09-05T21:27:34.469338+00:00"
"[U:1:9788980]"	"https://avatars.steamstatic.com/f0fa0f3df090ae2d9c6598939e1051d715f5719a_full.jpg"	"2026-09-05T21:27:34.469338+00:00"
"[U:1:1349550976]"	"https://avatars.steamstatic.com/5628aa1e4377bbdc9e3619a0b41b08ae722baed5_full.jpg"	"2026-09-05T21:27:34.469338+00:00"
"[U:1:292648140]"	"https://avatars.steamstatic.com/3d495f2eb6787e8dd19fd045d686602fbfeca82d_full.jpg"	"2026-09-05T21:27:34.469338+00:00"
"[U:1:873626918]"	"https://avatars.steamstatic.com/45ce9bb7a725a50162f3ae4ceb09e2055399463a_full.jpg"	"2026-09-05T21:27:34.469338+00:00"
"[U:1:334084377]"	"https://avatars.steamstatic.com/a6c4a1706a3f4aa07d5dadf90652d777fb5ea63b_full.jpg"	"2026-09-05T21:27:34.469338+00:00"
"[U:1:1473459149]"	"https://avatars.steamstatic.com/45567435bc3d39fd99bcf58aa3d322f06f4f9dfb_full.jpg"	"2026-09-05T21:27:34.469338+00:00"
"[U:1:165986855]"	"https://avatars.steamstatic.com/b5c9a41d6ff1a1c45544cae77c624c96effbb483_full.jpg"	"2026-09-05T21:27:34.469338+00:00"
"[U:1:68451183]"	"https://avatars.steamstatic.com/952e75209b7caa9fe0458f8b8afc6aead58e0ec4_full.jpg"	"2026-09-05T21:27:34.469338+00:00"
"[U:1:1004222637]"	"https://avatars.steamstatic.com/08f59d4620665473d3cfd2d01eec5c6b4b748b43_full.jpg"	"2026-09-05T21:27:34.469338+00:00"
"[U:1:133554365]"	"https://avatars.steamstatic.com/c4b4eda67a570b3bdf9e053a54d4c9d19de2d5c8_full.jpg"	"2026-09-05T21:27:34.469338+00:00"
"[U:1:177185789]"	"https://avatars.steamstatic.com/c8af7c54891856f788449af0b682f96bf98fcfb0_full.jpg"	"2026-09-05T21:27:34.469338+00:00"
"[U:1:1610086692]"	"https://avatars.steamstatic.com/c718b0c234a3f5ff5fc8f0b99c3f64f0de4ccefe_full.jpg"	"2026-09-05T21:27:34.469338+00:00"
"[U:1:119154459]"	"https://avatars.steamstatic.com/4b46e1c8da98a8fee0519e81c1e1d31fcc388b83_full.jpg"	"2026-09-05T21:27:34.469338+00:00"
"[U:1:378329413]"	"https://avatars.steamstatic.com/f1a7c160fcb71c161e6bf2207712e1c504adb282_full.jpg"	"2026-09-05T21:27:34.469338+00:00"
"[U:1:292176984]"	"https://avatars.steamstatic.com/544c32b5e70ca6919e2efeff39458d08a20fe72e_full.jpg"	"2026-09-05T21:27:34.469338+00:00"
"[U:1:1115477534]"	"https://avatars.steamstatic.com/fef49e7fa7e1997310d705b2a6158ff8dc1cdfeb_full.jpg"	"2026-09-05T21:27:34.469338+00:00"
"[U:1:1269656480]"	"https://avatars.steamstatic.com/9db5e8dcaa6654f881be18a74156f0892eb86946_full.jpg"	"2026-09-05T21:27:34.469338+00:00"
"[U:1:151956281]"	"https://avatars.steamstatic.com/0c9ea3d6dfe57e53c74828eb7b931d6fd837272f_full.jpg"	"2026-09-05T21:27:34.469338+00:00"
"[U:1:1017538266]"	"https://avatars.steamstatic.com/12a521303482450399ce8e741fe35b6cdc0fdfdd_full.jpg"	"2026-09-05T21:27:34.469338+00:00"
"[U:1:137207045]"	"https://avatars.steamstatic.com/e9e06c8fd04ceffa3c5267e351494f49309f1452_full.jpg"	"2026-09-05T21:27:34.469338+00:00"
"[U:1:1033926080]"	"https://avatars.steamstatic.com/5ceda5a8e01c1c0a0fc6ac02aa8c51aac89f5341_full.jpg"	"2026-09-05T21:27:34.469338+00:00"
"[U:1:399639925]"	"https://avatars.steamstatic.com/c656b8fc974cb571d561b021d126e84a80231ffe_full.jpg"	"2026-09-05T21:27:34.469338+00:00"
"[U:1:159336485]"	"https://avatars.steamstatic.com/b785aa730d2186b389feab633dbcd3347df9dc0b_full.jpg"	"2026-09-05T21:27:34.469338+00:00"
"[U:1:1890998083]"	"https://avatars.steamstatic.com/3ac419624d027a36ddbe45ca410294f449544b0e_full.jpg"	"2026-09-05T21:27:34.469338+00:00"
"[U:1:133545397]"	"https://avatars.steamstatic.com/1c07973d486c12aa47239152a43523dcac5574c9_full.jpg"	"2026-09-05T21:27:34.469338+00:00"
"[U:1:1851826020]"	"https://avatars.steamstatic.com/0227a240393e6d62f539ee7b306dd048b0830eeb_full.jpg"	"2026-09-05T21:27:34.469338+00:00"
"[U:1:154411127]"	"https://avatars.steamstatic.com/a3dc20fd44a9a0ab716543361e92a34295414ad8_full.jpg"	"2026-09-05T21:27:34.469338+00:00"
"[U:1:1368368234]"	"https://avatars.steamstatic.com/e89d5eac8ebf99aab4bd12fc1cd4f3f19b9bfafa_full.jpg"	"2026-09-05T21:27:34.469338+00:00"
"[U:1:333483601]"	"https://avatars.steamstatic.com/e1c2a973eb3dffcc18b0b48a114e46cca385a5a3_full.jpg"	"2026-09-05T21:27:34.469338+00:00"
"[U:1:90410807]"	"https://avatars.steamstatic.com/28746d972044ecb4ed7cdc94ec4453cb6c9e3a07_full.jpg"	"2026-09-05T21:27:34.469338+00:00"
"[U:1:153474139]"	"https://avatars.steamstatic.com/72c363e4e5cae8385604104e861b1b060fc36f49_full.jpg"	"2026-09-05T21:27:34.469338+00:00"
"[U:1:846373444]"	"https://avatars.steamstatic.com/62290681848b99e427f0a1ab984cfbe7f88ecf91_full.jpg"	"2026-09-05T21:27:34.469338+00:00"
"[U:1:1154411691]"	"https://avatars.steamstatic.com/9ed36beb5d09f2eafba210f988322cf050f1eb08_full.jpg"	"2026-09-05T21:27:34.469338+00:00"
"[U:1:110228373]"	"https://avatars.steamstatic.com/6fbe36b36d6126779494cfdd6a2c4b21567af9d1_full.jpg"	"2026-09-05T21:27:34.469338+00:00"
"[U:1:1198530320]"	"https://avatars.steamstatic.com/83e0d904ebc4a4c2015f574e3c992278cc14adb8_full.jpg"	"2026-09-05T21:27:34.469338+00:00"
"[U:1:81666656]"	"https://avatars.steamstatic.com/af74fbd64fd95fa0b3c16d79b6230f39d774f907_full.jpg"	"2026-09-05T21:27:34.469338+00:00"
"[U:1:1628886641]"	"https://avatars.steamstatic.com/5c51ca468a1d37f32931d310ea391b87c294d082_full.jpg"	"2026-09-05T21:27:34.469338+00:00"
"[U:1:400228215]"	"https://avatars.steamstatic.com/e591b5e7a5528cbdf12fa4e0d1d4785d8c418b21_full.jpg"	"2026-09-05T21:27:34.469338+00:00"
"[U:1:1927402554]"	"https://avatars.steamstatic.com/8202229f76a97dd0571cc79eb99bcd74cc28c0bf_full.jpg"	"2026-09-05T21:27:34.469338+00:00"
"[U:1:1411206522]"	"https://avatars.steamstatic.com/e5ab21882ab8398710d14887ca5d76e038fad94a_full.jpg"	"2026-09-05T21:27:34.469338+00:00"
"[U:1:1269594862]"	"https://avatars.steamstatic.com/0f54b20ec9899723d433b921c8339c602897ca40_full.jpg"	"2026-09-05T21:27:34.469338+00:00"
"[U:1:147392906]"	"https://avatars.steamstatic.com/e79afe0c025f349af3ba2fc759e5053f7267660b_full.jpg"	"2026-09-05T21:27:34.469338+00:00"
"[U:1:182812748]"	"https://avatars.steamstatic.com/359e61fec66e9562d96687f4058fb90de7b61d7a_full.jpg"	"2026-09-05T21:27:34.469338+00:00"
"[U:1:1473072019]"	"https://avatars.steamstatic.com/ce012bdeaa348457e1e779be5b50e3d0770e86df_full.jpg"	"2026-09-05T21:27:34.469338+00:00"
"[U:1:1133277184]"	"https://avatars.steamstatic.com/2a1b6a8d4428f328e1e009d8794b393524347b18_full.jpg"	"2026-09-05T21:27:34.469338+00:00"
"[U:1:378954723]"	"https://avatars.steamstatic.com/7aceb4f05820fc89bf29a936cf492848c15dd250_full.jpg"	"2026-09-05T21:27:34.469338+00:00"
"[U:1:111564909]"	"https://avatars.steamstatic.com/028b28d95e48c7a220a088607b403c6bc0facc33_full.jpg"	"2026-09-05T21:27:34.469338+00:00"
"[U:1:747699359]"	"https://avatars.steamstatic.com/a87b61162e93a604ddc2e9c61587e2be4c9f6902_full.jpg"	"2026-09-05T21:27:34.469338+00:00"
"[U:1:1845744996]"	"https://avatars.steamstatic.com/a73483e985f4acc9de1926b4d71a3aa33ae07e63_full.jpg"	"2026-09-05T21:27:34.469338+00:00"
"[U:1:398829173]"	"https://avatars.steamstatic.com/a26ace5e3f974f5ade39a3ef91e4ef9809cc41a3_full.jpg"	"2026-09-05T21:27:34.469338+00:00"
"[U:1:1851916122]"	"https://avatars.steamstatic.com/067b6c215577c96436e6c548d43506949e091af4_full.jpg"	"2026-09-05T21:27:34.469338+00:00"
"[U:1:111561259]"	"https://avatars.steamstatic.com/31fb54f26d375103f5a48c83859e874799314d36_full.jpg"	"2026-09-05T21:27:34.469338+00:00"
"[U:1:40053307]"	"https://avatars.steamstatic.com/5364a10a7cfe467d63c891b56b23ae1869e285f5_full.jpg"	"2026-09-05T21:27:34.469338+00:00"
"[U:1:1376777]"	"https://avatars.steamstatic.com/e1e16f29c94288078c6b38a3a3a4b937951bc67d_full.jpg"	"2026-09-05T21:27:34.469338+00:00"
"[U:1:54622356]"	"https://avatars.steamstatic.com/ad9c5261bf034d3053a536bf4c5d3a5fd4e1251e_full.jpg"	"2026-09-05T21:27:34.469338+00:00"
"[U:1:1804247057]"	"https://avatars.steamstatic.com/62d453337430e31f7d39713d6152c22570d85170_full.jpg"	"2026-09-05T21:27:34.469338+00:00"
"[U:1:378187178]"	"https://avatars.steamstatic.com/488d18262153988033b2d35bb006fafc768852f4_full.jpg"	"2026-09-05T21:27:34.469338+00:00"
"[U:1:818951483]"	"https://avatars.steamstatic.com/916730044801cc994f393abb4f31f1ec206f472d_full.jpg"	"2026-09-05T21:27:34.469338+00:00"
"[U:1:159475366]"	"https://avatars.steamstatic.com/bbe452bdcc0de79257d021ce53d8d942dd66770a_full.jpg"	"2026-09-05T21:27:34.469338+00:00"
"[U:1:119932614]"	"https://avatars.steamstatic.com/1824bee27a678d0f75a0fa9adc4b83e518d5c187_full.jpg"	"2026-09-05T21:27:34.469338+00:00"
"[U:1:190458303]"	"https://avatars.steamstatic.com/7478606a29136032c95662007d2913adec4edc91_full.jpg"	"2026-09-05T21:27:34.469338+00:00"
"[U:1:1517966121]"	"https://avatars.steamstatic.com/29b8a505a5403fa9157881fea8b3ebda7227876c_full.jpg"	"2026-09-05T21:27:34.469338+00:00"
"[U:1:762647822]"	"https://avatars.steamstatic.com/b7edc0bb7149e801fb08c9858fb67a790142cb71_full.jpg"	"2026-09-05T21:27:34.469338+00:00"
"[U:1:481210231]"	"https://avatars.steamstatic.com/0781ecd659f6d7c2fdf836fceb01e73278a02c0a_full.jpg"	"2026-09-05T21:27:34.469338+00:00"
"[U:1:1059374526]"	"https://avatars.steamstatic.com/a9a03568335e4d47e442d23d1b8add787022d74e_full.jpg"	"2026-09-05T21:27:34.469338+00:00"
"[U:1:1251574559]"	"https://avatars.steamstatic.com/5a9d8af913e013425c6721fb6c98d47996e12269_full.jpg"	"2026-09-05T21:27:34.469338+00:00"
"[U:1:123295877]"	"https://avatars.steamstatic.com/a454b2fed424cc1c2838f102a35bf701a1cdef0d_full.jpg"	"2026-09-05T21:27:34.469338+00:00"
"[U:1:72840294]"	"https://avatars.steamstatic.com/72017ff7dbeafd10f731f72056048fbf70b7375f_full.jpg"	"2026-09-05T21:27:34.469338+00:00"
"[U:1:1928746347]"	"https://avatars.steamstatic.com/5fb2cb8becaca95567c52c40f08a635bfe5a9fea_full.jpg"	"2026-09-05T21:27:34.469338+00:00"
"[U:1:819286761]"	"https://avatars.steamstatic.com/a966dbbf142eebbfe2f1cdb3ef236a8f32c0e5fa_full.jpg"	"2026-09-05T21:27:34.469338+00:00"
"[U:1:123737741]"	"https://avatars.steamstatic.com/cbb5f8d8bc2535346a04468e91f38d65ef3c6d6f_full.jpg"	"2026-09-05T21:27:34.469338+00:00"
"[U:1:1056874271]"	"https://avatars.steamstatic.com/a627d3c0e9fe310d6ce9538c3594376522acbb00_full.jpg"	"2026-09-05T21:27:34.469338+00:00"
"[U:1:180414023]"	"https://avatars.steamstatic.com/c4e733b1a5458583f35e2475bb61b41e0421f037_full.jpg"	"2026-09-05T21:27:34.469338+00:00"
"[U:1:763099348]"	"https://avatars.steamstatic.com/0f8dca4c038a8eec244eb4e32ca0461a4d808449_full.jpg"	"2026-09-05T21:27:34.469338+00:00"
"[U:1:1628807370]"	"https://avatars.steamstatic.com/81559b38e6592c6fe06d6d9a15a20e6225332a2c_full.jpg"	"2026-09-05T21:27:34.469338+00:00"
"[U:1:762829198]"	"https://avatars.steamstatic.com/f0d6bd669ffda79b3b6b008456ed8da40481522f_full.jpg"	"2026-09-05T21:27:34.469338+00:00"
"[U:1:377107369]"	"https://avatars.steamstatic.com/7552660a110d144fb2528e244c1049efcc11813f_full.jpg"	"2026-09-05T21:27:34.469338+00:00"
"[U:1:1073525116]"	"https://avatars.steamstatic.com/d4108c1cbfe865c36774167af28523c52fb95b08_full.jpg"	"2026-09-05T21:27:34.469338+00:00"
"[U:1:44041316]"	"https://avatars.steamstatic.com/3f5d1e75126b599e91207855c26162fcf9464ac2_full.jpg"	"2026-09-05T21:27:34.469338+00:00"
"[U:1:90666173]"	"https://avatars.steamstatic.com/151c0a180c9a01d527bdb8d8a83fd96adab4b280_full.jpg"	"2026-09-05T21:27:34.469338+00:00"
"[U:1:82031491]"	"https://avatars.steamstatic.com/bef0b06b30d260a95abf575d116fe553e07a98f1_full.jpg"	"2026-09-05T21:27:34.469338+00:00"
"[U:1:1928305506]"	"https://avatars.steamstatic.com/fef49e7fa7e1997310d705b2a6158ff8dc1cdfeb_full.jpg"	"2026-09-05T21:27:34.469338+00:00"
"[U:1:906774577]"	"https://avatars.steamstatic.com/b4915ab9cc805424c6e8777ad7142e32aeeb252c_full.jpg"	"2026-09-05T21:27:34.469338+00:00"
"[U:1:1258348751]"	"https://avatars.steamstatic.com/543368049b07031ef2cf6f2f1ca16688cb43675e_full.jpg"	"2026-09-05T21:27:34.469338+00:00"
"[U:1:249272213]"	"https://avatars.steamstatic.com/af3c4e06fe32f6541d72da5706bdedf4d505a846_full.jpg"	"2026-09-05T21:27:34.469338+00:00"
"[U:1:1208717267]"	"https://avatars.steamstatic.com/b95649285b99b381a7b3622681e20436431be550_full.jpg"	"2026-09-05T21:27:34.469338+00:00"
"[U:1:1550655788]"	"https://avatars.steamstatic.com/3777066dc200e17c66a5dbd1c04ec84e35d81525_full.jpg"	"2026-09-05T21:27:34.469338+00:00"
"[U:1:1862014013]"	"https://avatars.steamstatic.com/ec48cb48218a84e568a9b995a412e4532a640c81_full.jpg"	"2026-09-05T21:27:34.469338+00:00"
"[U:1:225920403]"	"https://avatars.steamstatic.com/4d43b3e428f80e93f1ea8b9d1ae8dac3d2765a66_full.jpg"	"2026-09-05T21:27:34.469338+00:00"
"[U:1:144413961]"	"https://avatars.steamstatic.com/85ff157e885fb01285eb962f73e198037cc6e06c_full.jpg"	"2026-09-05T21:27:34.469338+00:00"
"[U:1:1829166220]"	"https://avatars.steamstatic.com/c2c71c40a6c5ae51dbdab49c8006dd7dc3062c58_full.jpg"	"2026-09-05T21:27:34.469338+00:00"
"[U:1:907174503]"	"https://avatars.steamstatic.com/70c5c6e35161bd7ba1d95dd5d57351bf819157fe_full.jpg"	"2026-09-05T21:27:34.469338+00:00"
"[U:1:1000724941]"	"https://avatars.steamstatic.com/09d816abf072fe36e2d9a82cdc21a99aa8c89417_full.jpg"	"2026-09-05T21:27:34.469338+00:00"
"[U:1:1063714460]"	"https://avatars.steamstatic.com/ff032d59e0d4a6a0866d5044f4a85c226443781e_full.jpg"	"2026-09-05T21:27:34.469338+00:00"
"[U:1:21468266]"	"https://avatars.steamstatic.com/126e58a68fe747b4f347fae5030adfa49379ee89_full.jpg"	"2026-09-05T21:27:34.469338+00:00"
"[U:1:1123185596]"	"https://avatars.steamstatic.com/97e463a36f2693f6158631fb69c4074694019c20_full.jpg"	"2026-09-05T21:27:34.469338+00:00"
"[U:1:1161706652]"	"https://avatars.steamstatic.com/d58b836563936261d7f38fbc964634e75e567291_full.jpg"	"2026-09-05T21:27:34.469338+00:00"
"[U:1:1006215993]"	"https://avatars.steamstatic.com/59ebe4f5f6c67ffeb8594998a81c2c5c8021b007_full.jpg"	"2026-09-05T21:27:34.469338+00:00"
"[U:1:1928423721]"	"https://avatars.steamstatic.com/f7f46286504489edfc202b306e0b10fc709f5a1f_full.jpg"	"2026-09-05T21:27:34.469338+00:00"
"[U:1:1191306497]"	"https://avatars.steamstatic.com/15a4d32257227ddae0035d8291e1d124fd83f239_full.jpg"	"2026-09-05T21:27:34.469338+00:00"
"[U:1:65025711]"	"https://avatars.steamstatic.com/ad26704ac78018c39d006212c96c0269d975725d_full.jpg"	"2026-09-05T21:27:34.469338+00:00"
"[U:1:872487767]"	"https://avatars.steamstatic.com/48f332a41a10efc8d6e629f5f085d95365648848_full.jpg"	"2026-09-05T21:27:34.469338+00:00"
"[U:1:845308220]"	"https://avatars.steamstatic.com/598b6dbab4e066a61f81ce11b6b1537637aa0156_full.jpg"	"2026-09-05T21:27:34.469338+00:00"
"[U:1:335636600]"	"https://avatars.steamstatic.com/2bd46149b4697d32527b37af3ceafef2ac7b5acc_full.jpg"	"2026-09-05T21:27:34.469338+00:00"
"[U:1:401001683]"	"https://avatars.steamstatic.com/f2f17905c181481c4c55af6824fb7287f3ba7c0a_full.jpg"	"2026-09-05T21:27:34.469338+00:00"
"[U:1:1060279109]"	"https://avatars.steamstatic.com/b3a8cfcd4e100fb1a53a1c04e1f49459a077b4be_full.jpg"	"2026-09-05T21:27:34.469338+00:00"
"[U:1:1169495956]"	"https://avatars.steamstatic.com/92ad93adeee573da561420f75bdc94fa2674d046_full.jpg"	"2026-09-05T21:27:34.469338+00:00"
"[U:1:278429688]"	"https://avatars.steamstatic.com/e2e99f59931b066e359b21342fe07953b41eeb20_full.jpg"	"2026-09-05T21:27:34.469338+00:00"
"[U:1:1270015170]"	"https://avatars.steamstatic.com/5ea55cb98acd0dd32596f7f9d0ddf1fc039fa2c3_full.jpg"	"2026-09-05T21:27:34.469338+00:00"
"[U:1:820517948]"	"https://avatars.steamstatic.com/a85e8873b2a0d185e585a164e22f5de79299ec95_full.jpg"	"2026-09-05T21:27:34.469338+00:00"
"[U:1:6894011]"	"https://avatars.steamstatic.com/fc8f3e2563ff0ccb78146b57e8dedfa11c85c9ea_full.jpg"	"2026-09-05T21:27:34.469338+00:00"
"[U:1:65065056]"	"https://avatars.steamstatic.com/d0df32b788304662165071c1aa0c29f0a18269f5_full.jpg"	"2026-09-05T21:27:34.469338+00:00"
"[U:1:318179103]"	"https://avatars.steamstatic.com/e62f7642c4754544e90b976dede35a27ff40b30f_full.jpg"	"2026-09-05T21:27:34.469338+00:00"
"[U:1:1108425960]"	"https://avatars.steamstatic.com/01e32179008648cd2f1ddcfa80b14343a8ca62ca_full.jpg"	"2026-09-05T21:27:34.469338+00:00"
"[U:1:1700906694]"	"https://avatars.steamstatic.com/df52173eee0ea6643febf9d3253b0fc8b1bb1f62_full.jpg"	"2026-09-05T21:27:34.469338+00:00"
"[U:1:84976693]"	"https://avatars.steamstatic.com/4c07fbe6d0cdb06062cdfa208e8c5ab1492545e9_full.jpg"	"2026-09-05T21:27:34.469338+00:00"
"[U:1:795846439]"	"https://avatars.steamstatic.com/3d288a6c0e639a5d18426c213580c04648c73a54_full.jpg"	"2026-09-05T21:27:34.469338+00:00"
"[U:1:1119217958]"	"https://avatars.steamstatic.com/4329234432cf74274e95ab82eeb85b8c40029673_full.jpg"	"2026-09-05T21:27:34.469338+00:00"
"[U:1:84008055]"	"https://avatars.steamstatic.com/50d30dcc88aaf672565d01a9d14ba9fecfb3debb_full.jpg"	"2026-09-05T21:27:34.469338+00:00"
"[U:1:1474873985]"	"https://avatars.steamstatic.com/a495d4bd49ee0bdfcdbd376bb944dcedd8f15b15_full.jpg"	"2026-09-05T21:27:34.469338+00:00"
"[U:1:1246549592]"	"https://avatars.steamstatic.com/2983c0ba8999039e87b06abcafb9c2dc3cc91bf3_full.jpg"	"2026-09-05T21:27:34.469338+00:00"
"[U:1:159448636]"	"https://avatars.steamstatic.com/c3435bbf4f4247ad74b4e9e41fefff1bd65db146_full.jpg"	"2026-09-05T21:27:34.469338+00:00"
"[U:1:139146843]"	"https://avatars.steamstatic.com/dddb2217d0354b6564242eda87b2776bd3f6bd9b_full.jpg"	"2026-09-05T21:27:34.469338+00:00"
"[U:1:353684851]"	"https://avatars.steamstatic.com/1e052b0bb052d9e02b75674d0223aaf27d773a0b_full.jpg"	"2026-09-05T21:27:34.469338+00:00"
"[U:1:1018091177]"	"https://avatars.steamstatic.com/f4e7432889c3773c1f585f0f5ccf488fec760a5b_full.jpg"	"2026-09-05T21:27:34.469338+00:00"
"[U:1:1904276761]"	"https://avatars.steamstatic.com/fef49e7fa7e1997310d705b2a6158ff8dc1cdfeb_full.jpg"	"2026-09-05T21:27:34.469338+00:00"
"[U:1:318458099]"	"https://avatars.steamstatic.com/e2973ec42cecdc9f175da897cad1c10c324c1d3c_full.jpg"	"2026-09-05T21:27:34.469338+00:00"
"[U:1:182922038]"	"https://avatars.steamstatic.com/77de3ec3b96b53b92cbb71598b6af98ebb1b1191_full.jpg"	"2026-09-05T21:27:34.469338+00:00"
"[U:1:1067202468]"	"https://avatars.steamstatic.com/5a34399b339c5e1d7440349ccb28209d2213bfa8_full.jpg"	"2026-09-05T21:27:34.469338+00:00"
"[U:1:249582595]"	"https://avatars.steamstatic.com/97c1177cf84eff57769dffb697c10553f8c8885c_full.jpg"	"2026-09-05T21:27:34.469338+00:00"
"[U:1:81892009]"	"https://avatars.steamstatic.com/e6bc15123501cb4560917a8038b6a42d384df116_full.jpg"	"2026-09-05T21:27:34.469338+00:00"
"[U:1:908613405]"	"https://avatars.steamstatic.com/a41301d4b9e1d39dda8f88f1c057b74f846482c7_full.jpg"	"2026-09-05T21:27:34.469338+00:00"
"[U:1:1930407021]"	"https://avatars.steamstatic.com/b72cf34fad5d0821f294a7a49e7f6c62132e7e66_full.jpg"	"2026-09-05T21:27:34.469338+00:00"
"[U:1:362144126]"	"https://avatars.steamstatic.com/d1bc2ddc81f651916a57a4f875d78ff1f678b250_full.jpg"	"2026-09-05T21:27:34.469338+00:00"
"[U:1:1075935294]"	"https://avatars.steamstatic.com/fdfdd9771b6249ba20e6422792916fe0f860251b_full.jpg"	"2026-09-05T21:27:34.469338+00:00"
"[U:1:401880497]"	"https://avatars.steamstatic.com/87a6d2e788d7527f338189cc59c4bb2e6f73e6bd_full.jpg"	"2026-09-05T21:27:34.469338+00:00"
"[U:1:7632729]"	"https://avatars.steamstatic.com/b6ddd550412b63c477b2f8e61705201160bc206c_full.jpg"	"2026-09-05T21:27:34.469338+00:00"
"[U:1:181364667]"	"https://avatars.steamstatic.com/f39d6eea591caf29d4a9e4b19f9eb2018c1484bc_full.jpg"	"2026-09-05T21:27:34.469338+00:00"
"[U:1:106397779]"	"https://avatars.steamstatic.com/28a82e62d3492fde1a9caf76944a2f47568f37dc_full.jpg"	"2026-09-05T21:27:34.469338+00:00"
"[U:1:161739405]"	"https://avatars.steamstatic.com/6624505a94cb89371d571f63f44f7aa5c1426dc2_full.jpg"	"2026-09-05T21:27:34.469338+00:00"
"[U:1:359019753]"	"https://avatars.steamstatic.com/377f271bb82bf36a34ed85df6e651848657f2310_full.jpg"	"2026-09-05T21:27:34.469338+00:00"
"[U:1:1177591402]"	"https://avatars.steamstatic.com/2bdcc442e82fcdd9188997ecdcb0dc58c7578f38_full.jpg"	"2026-09-05T21:27:34.469338+00:00"
"[U:1:166410059]"	"https://avatars.steamstatic.com/d93615bd0c589054d35729f749ef3cd3a496fdd1_full.jpg"	"2026-09-05T21:27:34.469338+00:00"
"[U:1:402612887]"	"https://avatars.steamstatic.com/819919a002f554b028aae4bc68a5d65d1777a0ef_full.jpg"	"2026-09-05T21:27:34.469338+00:00"
"[U:1:1131757111]"	"https://avatars.steamstatic.com/df1724a9b0d4e726352fd7419fe2ad8d4970578a_full.jpg"	"2026-09-05T21:27:34.469338+00:00"
"[U:1:746983357]"	"https://avatars.steamstatic.com/06380efdd06824128ea4d9bd478b9e169b1be012_full.jpg"	"2026-09-05T21:27:34.469338+00:00"
"[U:1:335492668]"	"https://avatars.steamstatic.com/a3841fcc8f41875946c1f8501040aa125eab0761_full.jpg"	"2026-09-05T21:27:34.469338+00:00"
"[U:1:1091444593]"	"https://avatars.steamstatic.com/0807aeaab761559e39b181b68afbb0133f5be7bc_full.jpg"	"2026-09-05T21:27:34.469338+00:00"
"[U:1:1734767692]"	"https://avatars.steamstatic.com/ff3b8b2d2bb7a27fcbda72c1867188258ba40fbc_full.jpg"	"2026-09-05T21:27:34.469338+00:00"
"[U:1:1269872185]"	"https://avatars.steamstatic.com/61ab70962972708287fbe01bbf30a073e02557fb_full.jpg"	"2026-09-05T21:27:34.469338+00:00"
"[U:1:294070354]"	"https://avatars.steamstatic.com/b12effe48d790fc4f69c34fecd10c29ec27956bc_full.jpg"	"2026-09-05T21:27:34.469338+00:00"
"[U:1:27852524]"	"https://avatars.steamstatic.com/2411fa6dcd2519ebcdbbe74201e265977b147234_full.jpg"	"2026-09-05T21:27:34.469338+00:00"
"[U:1:318219810]"	"https://avatars.steamstatic.com/96dc752f182982f289a30b4c3bd41a38b0e76a36_full.jpg"	"2026-09-05T21:27:34.469338+00:00"
"[U:1:147648079]"	"https://avatars.steamstatic.com/f4b55fc25eadacd097638dc41557fba8e26a7c47_full.jpg"	"2026-09-05T21:27:34.469338+00:00"
"[U:1:22169889]"	"https://avatars.steamstatic.com/3968104f2133d94d57773bdd874be2e5efa71160_full.jpg"	"2026-09-05T21:27:34.469338+00:00"
"[U:1:103877470]"	"https://avatars.steamstatic.com/483ac5e84d3a0d6848a79c0af460d619eec47c6c_full.jpg"	"2026-09-05T21:27:34.469338+00:00"
"[U:1:1286311253]"	"https://avatars.steamstatic.com/58c51d653a058277171b8c6c601c16e8e6988745_full.jpg"	"2026-09-05T21:27:34.469338+00:00"
"[U:1:128264295]"	"https://avatars.steamstatic.com/f5df0b40ab3977b400b0b158fac94f3feaf0c89d_full.jpg"	"2026-09-05T21:27:34.469338+00:00"
"[U:1:981370961]"	"https://avatars.steamstatic.com/50a4f86ee13082ebe909f231bed894bf46279a4d_full.jpg"	"2026-09-05T21:27:34.469338+00:00"
"[U:1:193240104]"	"https://avatars.steamstatic.com/a5adac6a0b0c1f3cdb5117ac3620d589b8f7a84f_full.jpg"	"2026-09-05T21:27:34.469338+00:00"
"[U:1:1199973771]"	"https://avatars.steamstatic.com/288114a8ad1db5a01e97ed7107d4cf8858ea50ad_full.jpg"	"2026-09-05T21:27:34.469338+00:00"
"[U:1:1314837991]"	"https://avatars.steamstatic.com/e52d7a1dff98b9feb7e086c866677ebb30b74a5f_full.jpg"	"2026-09-05T21:27:34.469338+00:00"
"[U:1:154526506]"	"https://avatars.steamstatic.com/52626952eed65e37250ac3837605d5c89e7418ce_full.jpg"	"2026-09-05T21:27:34.469338+00:00"
"[U:1:336174356]"	"https://avatars.steamstatic.com/401cf6ad7867a1434ca4949e70a13b77642eddc5_full.jpg"	"2026-09-05T21:27:34.469338+00:00"
"[U:1:105339270]"	"https://avatars.steamstatic.com/1d034765d7ca18733c1bd30033e03a0f950d87fb_full.jpg"	"2026-09-05T21:27:34.469338+00:00"
"[U:1:84020443]"	"https://avatars.steamstatic.com/4ca9e0a6a008df473ffc83f5c63419aeabb8f0f6_full.jpg"	"2026-09-05T21:27:34.469338+00:00"
"[U:1:1830346243]"	"https://avatars.steamstatic.com/dbb7bceeb0c39022fe85cadf579389d818500254_full.jpg"	"2026-09-05T21:27:34.469338+00:00"
"[U:1:1790039540]"	"https://avatars.steamstatic.com/935c4a6f86420738c0229e4cf4011986d241f8d4_full.jpg"	"2026-09-05T21:27:34.469338+00:00"
"[U:1:1051350207]"	"https://avatars.steamstatic.com/b4e5cb695704a44793887fe521536faac9966780_full.jpg"	"2026-09-05T21:27:34.469338+00:00"
"[U:1:317714123]"	"https://avatars.steamstatic.com/02de4a0a90057d480cffff1bfbd5b0b3a34982e5_full.jpg"	"2026-09-05T21:27:34.469338+00:00"
"[U:1:981938021]"	"https://avatars.steamstatic.com/fc4a592dbeaf024465a58c3edacfa1cba65fd9f1_full.jpg"	"2026-09-05T21:27:34.469338+00:00"
"[U:1:1864277342]"	"https://avatars.steamstatic.com/12d4326b9bd6dd45bdcc1d11d9bc3bde05cdc4de_full.jpg"	"2026-09-05T21:27:34.469338+00:00"
"[U:1:746254213]"	"https://avatars.steamstatic.com/f7d2ab0da57347939f9391aa9bc93cc08d473a39_full.jpg"	"2026-09-05T21:27:34.469338+00:00"
"[U:1:354001278]"	"https://avatars.steamstatic.com/fdce3d26709c612611ae2dcf7a2184d7699478e1_full.jpg"	"2026-09-05T21:27:34.469338+00:00"
"[U:1:142924265]"	"https://avatars.steamstatic.com/48e6cc38477b4c24c3e3a9fbb4c1b0cd3c6fc215_full.jpg"	"2026-09-05T21:27:34.469338+00:00"
"[U:1:1903257565]"	"https://avatars.steamstatic.com/c3f2f449baba6d1ccb6255a7c9eda716c685f305_full.jpg"	"2026-09-05T21:27:34.469338+00:00"
"[U:1:159563303]"	"https://avatars.steamstatic.com/c28bc02b8d4fab3de2ab11f5b30bcd8a0b84bcd4_full.jpg"	"2026-09-05T21:27:34.469338+00:00"
"[U:1:1052467571]"	"https://avatars.steamstatic.com/5c46b55b852f1129c6f3490f5932d09930d30b80_full.jpg"	"2026-09-05T21:27:34.469338+00:00"
"[U:1:193421962]"	"https://avatars.steamstatic.com/f1d7c42c005dfe0786cabc5aa2949036e738b662_full.jpg"	"2026-09-05T21:27:34.469338+00:00"
"[U:1:911527319]"	"https://avatars.steamstatic.com/d342857904f14314c2cfe3281c549e9714b71d97_full.jpg"	"2026-09-05T21:27:34.469338+00:00"
"[U:1:1595575395]"	"https://avatars.steamstatic.com/67899f55b3de2b47114bde885ad7f93847a4e407_full.jpg"	"2026-09-05T21:27:34.469338+00:00"
"[U:1:403411290]"	"https://avatars.steamstatic.com/13b0a7d6c0f0850e139310987c4186c7f31bd90d_full.jpg"	"2026-09-05T21:27:34.469338+00:00"
"[U:1:294449376]"	"https://avatars.steamstatic.com/e6b0eec30ddcdc85881342b9f98ae344053243db_full.jpg"	"2026-09-05T21:27:34.469338+00:00"
"[U:1:1190983292]"	"https://avatars.steamstatic.com/24b3b5d37e484ce8e8a2cba49d5cced9792eded8_full.jpg"	"2026-09-05T21:27:34.469338+00:00"
"[U:1:1477001401]"	"https://avatars.steamstatic.com/02614c9ad358be8f4f05ee75f2624c86394f1efd_full.jpg"	"2026-09-05T21:27:34.469338+00:00"
"[U:1:1125621531]"	"https://avatars.steamstatic.com/70efab2a2e702af66566c02b745aa5ad2e77608b_full.jpg"	"2026-09-05T21:27:34.469338+00:00"
"[U:1:336135635]"	"https://avatars.steamstatic.com/22abff6df70a893eca3080aed6113ec05fffd14a_full.jpg"	"2026-09-05T21:27:34.469338+00:00"
"[U:1:82152507]"	"https://avatars.steamstatic.com/a3c8c5f29da09fdd3bb34b12b8f984b3c97256c6_full.jpg"	"2026-09-05T21:27:34.469338+00:00"
"[U:1:303522171]"	"https://avatars.steamstatic.com/34b0d504128273a9c9d8bc76458f863969daa345_full.jpg"	"2026-09-05T21:27:34.469338+00:00"
"[U:1:193191141]"	"https://avatars.steamstatic.com/5021ad741b306e8396a17fe8479ba553a17755f5_full.jpg"	"2026-09-05T21:27:34.469338+00:00"
"[U:1:114349173]"	"https://avatars.steamstatic.com/f21c1ea0f3ff84483f558c5c07e5cbe8039d4d6f_full.jpg"	"2026-09-05T21:27:34.469338+00:00"
"[U:1:820942906]"	"https://avatars.steamstatic.com/2213ab8484c5cf5338e92dc2f1d8d1bc1fd06beb_full.jpg"	"2026-09-05T21:27:34.469338+00:00"
"[U:1:37570941]"	"https://avatars.steamstatic.com/3df45a5c7b116f8e93e5e6ac00b717bc8d2d2aba_full.jpg"	"2026-09-05T21:27:34.469338+00:00"
"[U:1:209904838]"	"https://avatars.steamstatic.com/b7a9b74fd2d660985a32e040cde171125724b8b8_full.jpg"	"2026-09-05T21:27:34.469338+00:00"
"[U:1:1789926702]"	"https://avatars.steamstatic.com/aabd7093bc912e156dbea19d8a352a5124487690_full.jpg"	"2026-09-05T21:27:34.469338+00:00"
"[U:1:336532149]"	"https://avatars.steamstatic.com/fc009e094f9fc03e38f94a2a64225b079c51047f_full.jpg"	"2026-09-05T21:27:34.469338+00:00"
"[U:1:37686851]"	"https://avatars.steamstatic.com/ab0fcb94e2d0b21976da8d50192f2d79626d943e_full.jpg"	"2026-09-05T21:27:34.469338+00:00"
"[U:1:226130394]"	"https://avatars.steamstatic.com/f4a2113ef67b7ed62ae5db30b447ca799bbe3866_full.jpg"	"2026-09-05T21:27:34.469338+00:00"
"[U:1:910515049]"	"https://avatars.steamstatic.com/201b88b8c2df5fc56da1a9bcd8cfdb985802d172_full.jpg"	"2026-09-05T21:27:34.469338+00:00"
"[U:1:1199539928]"	"https://avatars.steamstatic.com/8cbf58def83ba4642b7a292ac1f76f9ff97e9407_full.jpg"	"2026-09-05T21:27:34.469338+00:00"
"[U:1:1129057042]"	"https://avatars.steamstatic.com/188aefe3291550298b45f35dcd24aa9e17fbeb17_full.jpg"	"2026-09-05T21:27:34.469338+00:00"
"[U:1:18636539]"	"https://avatars.steamstatic.com/9cd692034bc1349b14afe6f02d85dae8263a52a1_full.jpg"	"2026-09-05T21:27:34.469338+00:00"
"[U:1:54770212]"	"https://avatars.steamstatic.com/822abc5120e5a9d4144ece3b2eece0e73abed22d_full.jpg"	"2026-09-05T21:27:34.469338+00:00"
"[U:1:1777569669]"	"https://avatars.steamstatic.com/8dba187d626dc8f41606c580238934b51eb500e0_full.jpg"	"2026-09-05T21:27:34.469338+00:00"
"[U:1:1415186771]"	"https://avatars.steamstatic.com/b4fe5232ae4c777ad02ea94802a08ea1c50f438b_full.jpg"	"2026-09-05T21:27:34.469338+00:00"
"[U:1:405337464]"	"https://avatars.steamstatic.com/faa8f70e6179605694f6f14e8541b16d2a1a81cb_full.jpg"	"2026-09-05T21:27:34.469338+00:00"
"[U:1:910241111]"	"https://avatars.steamstatic.com/1903909dd987981c4176ca63df645545263dcd68_full.jpg"	"2026-09-05T21:27:34.469338+00:00"
"[U:1:40354271]"	"https://avatars.steamstatic.com/11c31782761dfc580cdbefa0a6ccba1a766db55c_full.jpg"	"2026-09-05T21:27:34.469338+00:00"
"[U:1:181297353]"	"https://avatars.steamstatic.com/180c64db1c96a4bccc0b6a8c625ef016ec343adf_full.jpg"	"2026-09-05T21:27:34.469338+00:00"
"[U:1:54760040]"	"https://avatars.steamstatic.com/43cee221a2951a716845a151ce534dffb8da81c3_full.jpg"	"2026-09-05T21:27:34.469338+00:00"
"[U:1:1415081809]"	"https://avatars.steamstatic.com/f7b6343dcce2263336376027d63275bec3fdbb52_full.jpg"	"2026-09-05T21:27:34.469338+00:00"
"[U:1:822053398]"	"https://avatars.steamstatic.com/3b4dc7b8105251ee1f3dece6521d790153841848_full.jpg"	"2026-09-05T21:27:34.469338+00:00"
"[U:1:376151948]"	"https://avatars.steamstatic.com/af1cf9cf15be50bc6eda5a5c35bb1698bbf77ecd_full.jpg"	"2026-09-05T21:27:34.469338+00:00"
"[U:1:1131741251]"	"https://avatars.steamstatic.com/2144e726e869a13bae744684b0d09c1eb49058ca_full.jpg"	"2026-09-05T21:27:34.469338+00:00"
"[U:1:132329664]"	"https://avatars.steamstatic.com/cf1470dd6621ebd5ec9ec846822cdc8a942503e2_full.jpg"	"2026-09-05T21:27:34.469338+00:00"
"[U:1:54941482]"	"https://avatars.steamstatic.com/5f9eafe70dd86fd72bc06ce1e80a6ef7d1b9d2a4_full.jpg"	"2026-09-05T21:27:34.469338+00:00"
"[U:1:1264891324]"	"https://avatars.steamstatic.com/f0d8ce7779f6366e18fcffeddd6a77f8dfcfb923_full.jpg"	"2026-09-05T21:27:34.469338+00:00"
"[U:1:1237632088]"	"https://avatars.steamstatic.com/4c348032dc729f0288d9661771255f6f9afd3982_full.jpg"	"2026-09-05T21:27:34.469338+00:00"
"[U:1:821524558]"	"https://avatars.steamstatic.com/54079425752fe34903832bbe1dcf87baf3a79048_full.jpg"	"2026-09-05T21:27:34.469338+00:00"
"[U:1:1863760802]"	"https://avatars.steamstatic.com/7b1a4015b6114c7284a1874235f0abbf10597449_full.jpg"	"2026-09-05T21:27:34.469338+00:00"
"[U:1:37573215]"	"https://avatars.steamstatic.com/fef49e7fa7e1997310d705b2a6158ff8dc1cdfeb_full.jpg"	"2026-09-05T21:27:34.469338+00:00"
"[U:1:193237253]"	"https://avatars.steamstatic.com/f27e81f491d083a85ee65d54a384307f40e6f250_full.jpg"	"2026-09-05T21:27:34.469338+00:00"
"[U:1:1120118264]"	"https://avatars.steamstatic.com/b6f1b1acc12a56e0829e8c482336c4c3fac9206e_full.jpg"	"2026-09-05T21:27:34.469338+00:00"
"[U:1:1053395856]"	"https://avatars.steamstatic.com/0227a240393e6d62f539ee7b306dd048b0830eeb_full.jpg"	"2026-09-05T21:27:34.469338+00:00"
"[U:1:336335387]"	"https://avatars.steamstatic.com/0dfc13674ec813e66e38e6ce8b01d4edc2342c00_full.jpg"	"2026-09-05T21:27:34.469338+00:00"
"[U:1:60072002]"	"https://avatars.steamstatic.com/12bf7862f95fd84a95b61728e8d1de5f319ad66e_full.jpg"	"2026-09-05T21:27:34.469338+00:00"
"[U:1:1851634369]"	"https://avatars.steamstatic.com/44241cb01349d08e5c0cd5b59a3d6a17ed56b2c1_full.jpg"	"2026-09-05T21:27:34.469338+00:00"
"[U:1:765186378]"	"https://avatars.steamstatic.com/136fb505312b3b673844737be5dd639d8cdd085c_full.jpg"	"2026-09-05T21:27:34.469338+00:00"
"[U:1:405104726]"	"https://avatars.steamstatic.com/52b03f62ea0be1184115be32f8c777537043728a_full.jpg"	"2026-09-05T21:27:34.469338+00:00"
"[U:1:33705992]"	"https://avatars.steamstatic.com/a6ca485475e30fbdf6351d6ecf52db4b450fba17_full.jpg"	"2026-09-05T21:27:34.469338+00:00"
"[U:1:778697410]"	"https://avatars.steamstatic.com/8707319fd87ef78f9c3166d44d5a928d72230415_full.jpg"	"2026-09-05T21:27:34.469338+00:00"
"[U:1:870515832]"	"https://avatars.steamstatic.com/6f6b05cc7cd48551106b6fa57f663a642f6321cc_full.jpg"	"2026-09-05T21:27:34.469338+00:00"
"[U:1:10104470]"	"https://avatars.steamstatic.com/fef49e7fa7e1997310d705b2a6158ff8dc1cdfeb_full.jpg"	"2026-09-05T21:27:34.469338+00:00"
"[U:1:1851583995]"	"https://avatars.steamstatic.com/8f6916be3dcc60a0c3e9391276bce389a138b83a_full.jpg"	"2026-09-05T21:27:34.469338+00:00"
"[U:1:1610377410]"	"https://avatars.steamstatic.com/36d847abf3277630ad30ba5b646b1f1cc65dcd77_full.jpg"	"2026-09-05T21:27:34.469338+00:00"
"[U:1:162861229]"	"https://avatars.steamstatic.com/be41cbdef4cdc3dcfaa60413046f0390eac9fdeb_full.jpg"	"2026-09-05T21:27:34.469338+00:00"
"[U:1:18643652]"	"https://avatars.steamstatic.com/3a82d9d66ca9d1eb23352179408ac86b358f553c_full.jpg"	"2026-09-05T21:27:34.469338+00:00"
"[U:1:213010273]"	"https://avatars.steamstatic.com/0138ae5f7d624a21beed4a970f1cda22071f17d0_full.jpg"	"2026-09-05T21:27:34.469338+00:00"
"[U:1:190352603]"	"https://avatars.steamstatic.com/c6553a5e75ea1b4f5ce2f3f3c3a0b6c109ec73e7_full.jpg"	"2026-09-05T21:27:34.469338+00:00"
"[U:1:98132466]"	"https://avatars.steamstatic.com/35a76b92b5d369972fee618b41cd58d98d6de0a9_full.jpg"	"2026-09-05T21:27:34.469338+00:00"
"[U:1:87078254]"	"https://avatars.steamstatic.com/ee353d01a50e5e21d79f8353ad46bfdecdf84824_full.jpg"	"2026-09-05T21:27:34.469338+00:00"
"[U:1:54888113]"	"https://avatars.steamstatic.com/054e7c4ec769844375d3014f2f92b889ecda5a44_full.jpg"	"2026-09-05T21:27:34.469338+00:00"
"[U:1:1075936816]"	"https://avatars.steamstatic.com/5ffc7f5697cf7869165dfc98a90c0cd266c75c24_full.jpg"	"2026-09-05T21:27:34.469338+00:00"
"[U:1:1112551289]"	"https://avatars.steamstatic.com/d6d020d63978458b1aa62833f5b424229e0f8495_full.jpg"	"2026-09-05T21:27:34.469338+00:00"
"[U:1:375874481]"	"https://avatars.steamstatic.com/c9d3891923b58050ad505ede38136b4bc8ae662f_full.jpg"	"2026-09-05T21:27:34.469338+00:00"
"[U:1:1138676863]"	"https://avatars.steamstatic.com/37c06c7bebb3bacc52ca434066fe147509e16d6d_full.jpg"	"2026-09-05T21:27:34.469338+00:00"
"[U:1:183021989]"	"https://avatars.steamstatic.com/9079335976e437958cb7e50059f244d8fb4a3f7d_full.jpg"	"2026-09-05T21:27:34.469338+00:00"
"[U:1:1037925574]"	"https://avatars.steamstatic.com/3c0427d828d6647740a03df37885c7fdfd2378a3_full.jpg"	"2026-09-05T21:27:34.469338+00:00"
"[U:1:1121808762]"	"https://avatars.steamstatic.com/7fa8d56bf96410d661320f5597418300292e0c38_full.jpg"	"2026-09-05T21:27:34.469338+00:00"
"[U:1:1100089308]"	"https://avatars.steamstatic.com/b412dc9c2d713a2f485152b31cdf3bed02027ccb_full.jpg"	"2026-09-05T21:27:34.469338+00:00"
"[U:1:870024119]"	"https://avatars.steamstatic.com/bc3e885bd12d3dade97557a4bff1527d3409ae82_full.jpg"	"2026-09-05T21:27:34.469338+00:00"
"[U:1:1143330704]"	"https://avatars.steamstatic.com/bac6bcc081f3a1f8490dac933865024863f4e6a3_full.jpg"	"2026-09-05T21:27:34.469338+00:00"
"[U:1:130006087]"	"https://avatars.steamstatic.com/d1db7c41e61a02593cf7a66a7d707875959b9741_full.jpg"	"2026-09-05T21:27:34.469338+00:00"
"[U:1:406204040]"	"https://avatars.steamstatic.com/bf8fa76f2a4fb6d9d0f2b4026da95df76fc39a4a_full.jpg"	"2026-09-05T21:27:34.469338+00:00"
"[U:1:207432995]"	"https://avatars.steamstatic.com/48c9e35dc27f9065759e148861c10f9545648124_full.jpg"	"2026-09-05T21:27:34.469338+00:00"
"[U:1:86931124]"	"https://avatars.steamstatic.com/d4a02c02eb48eb1c0bd7cf209417cc5dab02df00_full.jpg"	"2026-09-05T21:27:34.469338+00:00"
"[U:1:1119631233]"	"https://avatars.steamstatic.com/25ebb1ebd28e88b301df986f3109b7f74ef0ab4c_full.jpg"	"2026-09-05T21:27:34.469338+00:00"
"[U:1:125254866]"	"https://avatars.steamstatic.com/4911974257572427a745b427850e4180060bdbf2_full.jpg"	"2026-09-05T21:27:34.469338+00:00"
"[U:1:166953511]"	"https://avatars.steamstatic.com/cb53bbd50726042490e2b9a43957abb59cbe0ffe_full.jpg"	"2026-09-05T21:27:34.469338+00:00"
"[U:1:1088379024]"	"https://avatars.steamstatic.com/bc2d98b065dab806730836fb9957b697207f8bed_full.jpg"	"2026-09-05T21:27:34.469338+00:00"
"[U:1:783584317]"	"https://avatars.steamstatic.com/fef49e7fa7e1997310d705b2a6158ff8dc1cdfeb_full.jpg"	"2026-09-05T21:27:34.469338+00:00"
"[U:1:1522271677]"	"https://avatars.steamstatic.com/e8ffea6cfd071587008db6238ea5bfb75d0a4b75_full.jpg"	"2026-09-05T21:27:34.469338+00:00"
"[U:1:1213661544]"	"https://avatars.steamstatic.com/d6c22215cb5368e862a5ef2cb4d59e47313ecfd5_full.jpg"	"2026-09-05T21:27:34.469338+00:00"
"[U:1:1042537722]"	"https://avatars.steamstatic.com/4c762e44eb435a20376e498724aff1efd1a092a5_full.jpg"	"2026-09-05T21:27:34.469338+00:00"
"[U:1:1562007549]"	"https://avatars.steamstatic.com/8f6916be3dcc60a0c3e9391276bce389a138b83a_full.jpg"	"2026-09-05T21:27:34.469338+00:00"
"[U:1:1106503457]"	"https://avatars.steamstatic.com/415d1bb8828074fe8d612ec932a363b3548971de_full.jpg"	"2026-09-05T21:27:34.469338+00:00"
"[U:1:100428311]"	"https://avatars.steamstatic.com/aece9dbda813c6072b56281489ac91cb2c0a2132_full.jpg"	"2026-09-05T21:27:34.469338+00:00"
"[U:1:1582707831]"	"https://avatars.steamstatic.com/473b6e3115f85036f1948c1c96c7396f6b458bdb_full.jpg"	"2026-09-05T21:27:34.469338+00:00"
"[U:1:1178189636]"	"https://avatars.steamstatic.com/cbad709c413eb317ba0d700ae57707b8547edc11_full.jpg"	"2026-09-05T21:27:34.469338+00:00"
"[U:1:1415688469]"	"https://avatars.steamstatic.com/1fdbae3e5580a66ddeea65a2480deecd812324a1_full.jpg"	"2026-09-05T21:27:34.469338+00:00"
"[U:1:982138521]"	"https://avatars.steamstatic.com/f348677702ebfc1b6e16c50c33c84c81839ca25e_full.jpg"	"2026-09-05T21:27:34.469338+00:00"
"[U:1:132419796]"	"https://avatars.steamstatic.com/46c730a6790ea0caef05052ff6ebf6e38e37f646_full.jpg"	"2026-09-05T21:27:34.469338+00:00"
"[U:1:1670210965]"	"https://avatars.steamstatic.com/56740a9797b976a9e23a9537c48ee6cc23453000_full.jpg"	"2026-09-05T21:27:34.469338+00:00"
"[U:1:235642981]"	"https://avatars.steamstatic.com/0e432bec9f7f7cfcba1625e53c492c03807e9f74_full.jpg"	"2026-09-05T21:27:34.469338+00:00"
"[U:1:744601332]"	"https://avatars.steamstatic.com/bdd6fafe9d29e620cc7e4aa031d3febe1abd7660_full.jpg"	"2026-09-05T21:27:34.469338+00:00"
"[U:1:1151393555]"	"https://avatars.steamstatic.com/e610139749c632e4c36a463b484e27bc6c8d804a_full.jpg"	"2026-09-05T21:27:34.469338+00:00"
"[U:1:40542008]"	"https://avatars.steamstatic.com/1ca053210664faf81a62ca022b076158bbf8ae62_full.jpg"	"2026-09-05T21:27:34.469338+00:00"
"[U:1:1550090394]"	"https://avatars.steamstatic.com/ad197d498a7ddbd7c3cd6f62fc13c19de9d25867_full.jpg"	"2026-09-05T21:27:34.469338+00:00"
"[U:1:1865138111]"	"https://avatars.steamstatic.com/2dfa487e3609435bfe71092756e443a6bd692318_full.jpg"	"2026-09-05T21:27:34.469338+00:00"
"[U:1:64856848]"	"https://avatars.steamstatic.com/479459e059d38b6db2453a18e62b1ea8f9c050d7_full.jpg"	"2026-09-05T21:27:34.469338+00:00"
"[U:1:1022086895]"	"https://avatars.steamstatic.com/e1f5deddfdedb81e8ea8f7631f738a69308cb052_full.jpg"	"2026-09-05T21:27:34.469338+00:00"
"[U:1:86921628]"	"https://avatars.steamstatic.com/33d16dd4760991d4d48afa238723a2f7bafdf35d_full.jpg"	"2026-09-05T21:27:34.469338+00:00"
"[U:1:765417161]"	"https://avatars.steamstatic.com/fef49e7fa7e1997310d705b2a6158ff8dc1cdfeb_full.jpg"	"2026-09-05T21:27:34.469338+00:00"
"[U:1:1561846257]"	"https://avatars.steamstatic.com/d64e22ab6f762b207b64f62af521787d2eaa48ba_full.jpg"	"2026-09-05T21:27:34.469338+00:00"
"[U:1:1120071257]"	"https://avatars.steamstatic.com/0fd4de5a2b85af6b61b7c479ec7a6de3ef391142_full.jpg"	"2026-09-05T21:27:34.469338+00:00"
"[U:1:1240887804]"	"https://avatars.steamstatic.com/021322ec99b6028faab5b86283bcaf99ddfc5501_full.jpg"	"2026-09-05T21:27:34.469338+00:00"
"[U:1:207436533]"	"https://avatars.steamstatic.com/312c93027bd2eed0d31159fc296a440bb8bb7d31_full.jpg"	"2026-09-05T21:27:34.469338+00:00"
"[U:1:55410186]"	"https://avatars.steamstatic.com/fd9fb9d9b22b1b5e1ffac7cb14f4736898e71840_full.jpg"	"2026-09-05T21:27:34.469338+00:00"
"[U:1:1200684627]"	"https://avatars.steamstatic.com/235e6e10cd66af9a6c42020f8053cf3a32508522_full.jpg"	"2026-09-05T21:27:34.469338+00:00"
"[U:1:1888706021]"	"https://avatars.steamstatic.com/57e930ca4159b86e76028bd8c246e220ac85b6c7_full.jpg"	"2026-09-05T21:27:34.469338+00:00"
"[U:1:1270916228]"	"https://avatars.steamstatic.com/bd3fe8ca3f37fd4abd3142960cec915d840033a3_full.jpg"	"2026-09-05T21:27:34.469338+00:00"
"[U:1:1582584021]"	"https://avatars.steamstatic.com/cfbfc46a3be40939a5e521308572016b8f24f2f7_full.jpg"	"2026-09-05T21:27:34.469338+00:00"
"[U:1:406171270]"	"https://avatars.steamstatic.com/05382437aa7d8f85dd7f2424d69c04cc7af5a93c_full.jpg"	"2026-09-05T21:27:34.469338+00:00"
"[U:1:133482395]"	"https://avatars.steamstatic.com/6ff2a2efbc27d87a22b87b5358f6f258b150c47e_full.jpg"	"2026-09-05T21:27:34.469338+00:00"
"[U:1:1215250692]"	"https://avatars.steamstatic.com/4372bad281a60357f142937143ac9b550694230a_full.jpg"	"2026-09-05T21:27:34.469338+00:00"
"[U:1:1597374625]"	"https://avatars.steamstatic.com/0e9773b022aae66616c96cf708e3c8d1ba2b0ee4_full.jpg"	"2026-09-05T21:27:34.469338+00:00"
"[U:1:375029868]"	"https://avatars.steamstatic.com/3bc3faa7c2ad5cdb527ef24bf2ac068011c4a4d4_full.jpg"	"2026-09-05T21:27:34.469338+00:00"
"[U:1:317184129]"	"https://avatars.steamstatic.com/7e0f338d0672e613bf7f5d796bdfed5ba36fcb9c_full.jpg"	"2026-09-05T21:27:34.469338+00:00"
"[U:1:100159682]"	"https://avatars.steamstatic.com/b6f1b1acc12a56e0829e8c482336c4c3fac9206e_full.jpg"	"2026-09-05T21:27:34.469338+00:00"
"[U:1:1217324729]"	"https://avatars.steamstatic.com/fef49e7fa7e1997310d705b2a6158ff8dc1cdfeb_full.jpg"	"2026-09-05T21:27:34.469338+00:00"
"[U:1:1123249173]"	"https://avatars.steamstatic.com/2ea42fc8df9aa58ff71ba93a929f623d61d884cf_full.jpg"	"2026-09-05T21:27:34.469338+00:00"
"[U:1:243302933]"	"https://avatars.steamstatic.com/cbb6126f653d8fcc5e89cd55df7ca74f7d016901_full.jpg"	"2026-09-05T21:27:34.469338+00:00"
"[U:1:1297978475]"	"https://avatars.steamstatic.com/dcc842540aede4b5e7d0963bd59ce22c7c406802_full.jpg"	"2026-09-05T21:27:34.469338+00:00"
"[U:1:235579907]"	"https://avatars.steamstatic.com/6d74ac2da795305043bdd63a381cef0d3129230d_full.jpg"	"2026-09-05T21:27:34.469338+00:00"
"[U:1:86922268]"	"https://avatars.steamstatic.com/5976ad0c33761f82aaa46666b850aa4e76ab4d0d_full.jpg"	"2026-09-05T21:27:34.469338+00:00"
"[U:1:120907650]"	"https://avatars.steamstatic.com/050609204066ed3f4cceac44b5fd853c677b95b6_full.jpg"	"2026-09-05T21:27:34.469338+00:00"
"[U:1:868775146]"	"https://avatars.steamstatic.com/ba6615bab61be9613ebe195c1b71b4b5c07fe9c5_full.jpg"	"2026-09-05T21:27:34.469338+00:00"
"[U:1:126140978]"	"https://avatars.steamstatic.com/dd973b7c5204316ca580e71860826d3c659a0895_full.jpg"	"2026-09-05T21:27:34.469338+00:00"
"[U:1:295469395]"	"https://avatars.steamstatic.com/0aacff8471ab1004d821ddd20358bf85df6b4edd_full.jpg"	"2026-09-05T21:27:34.469338+00:00"
"[U:1:1270965379]"	"https://avatars.steamstatic.com/35893a96c950254ad46a106d34fdfa6ceba5c55f_full.jpg"	"2026-09-05T21:27:34.469338+00:00"
"[U:1:869170053]"	"https://avatars.steamstatic.com/bb0f7f769fda35ac03cf4de559dc9c9bb861ca96_full.jpg"	"2026-09-05T21:27:34.469338+00:00"
"[U:1:1596611820]"	"https://avatars.steamstatic.com/ec9de2f6e32a2e582001c65ba33feff4026b5497_full.jpg"	"2026-09-05T21:27:34.469338+00:00"
"[U:1:1478432308]"	"https://avatars.steamstatic.com/8fcb93053ce58d7e61516900b86057131091d0c3_full.jpg"	"2026-09-05T21:27:34.469338+00:00"
"[U:1:91373100]"	"https://avatars.steamstatic.com/36926fcf656dfd5feab249054260d8d87c91729b_full.jpg"	"2026-09-05T21:27:34.469338+00:00"
"[U:1:214147349]"	"https://avatars.steamstatic.com/7efd5079dbef1dba838a73a474bfce8541fcef26_full.jpg"	"2026-09-05T21:27:34.469338+00:00"
"[U:1:1200649457]"	"https://avatars.steamstatic.com/b2ed881e3cff7777d56f23752c94aa8c65709d45_full.jpg"	"2026-09-05T21:27:34.469338+00:00"
"[U:1:1865356439]"	"https://avatars.steamstatic.com/3f93f4182480f3e817beb7b165e60094e4942a4d_full.jpg"	"2026-09-05T21:27:34.469338+00:00"
"[U:1:207412231]"	"https://avatars.steamstatic.com/921f1af73489294871be06558f370d38fe3489b9_full.jpg"	"2026-09-05T21:27:34.469338+00:00"
"[U:1:912725988]"	"https://avatars.steamstatic.com/70b6159027028d232359214163b1814e1deb1f76_full.jpg"	"2026-09-05T21:27:34.469338+00:00"
"[U:1:154310410]"	"https://avatars.steamstatic.com/58d3f238e19393867a2554ce2d834681fb2dbca6_full.jpg"	"2026-09-05T21:27:34.469338+00:00"
"[U:1:1901738361]"	"https://avatars.steamstatic.com/1da0b69fef604a504203880320ffe8d426a749b7_full.jpg"	"2026-09-05T21:27:34.469338+00:00"
"[U:1:405496107]"	"https://avatars.steamstatic.com/c718b0c234a3f5ff5fc8f0b99c3f64f0de4ccefe_full.jpg"	"2026-09-05T21:27:34.469338+00:00"
"[U:1:845456245]"	"https://avatars.steamstatic.com/1372cbd0a8b1eb382384e6296cc4bff7f6ff8808_full.jpg"	"2026-09-05T21:27:34.469338+00:00"
"[U:1:1582405746]"	"https://avatars.steamstatic.com/db77412c44662022cc48b94e7970a576b162189b_full.jpg"	"2026-09-05T21:27:34.469338+00:00"
"[U:1:696803133]"	"https://avatars.steamstatic.com/513b4e11ef2bb19943893b0f0111ce106842241a_full.jpg"	"2026-09-05T21:27:34.469338+00:00"
"[U:1:913980684]"	"https://avatars.steamstatic.com/7d62540bc6e2e8bba0b5ab43d215035c70e1cf2f_full.jpg"	"2026-09-05T21:27:34.469338+00:00"
"[U:1:194938068]"	"https://avatars.steamstatic.com/7e4ee0d0e88b7c1ae2b9dd354d45a73fe871a29c_full.jpg"	"2026-09-05T21:27:34.469338+00:00"
"[U:1:194792079]"	"https://avatars.steamstatic.com/b4c5bc120e4e83f8203deacba2e249fb971fe1de_full.jpg"	"2026-09-05T21:27:34.469338+00:00"
"[U:1:913898339]"	"https://avatars.steamstatic.com/3e4b0c8b12b40088c38b71db874de7d0a9ffc683_full.jpg"	"2026-09-05T21:27:34.469338+00:00"
"[U:1:913393195]"	"https://avatars.steamstatic.com/a91b33e6e59981d7576afcc37351aea3ebe4a179_full.jpg"	"2026-09-05T21:27:34.469338+00:00"
"[U:1:91234240]"	"https://avatars.steamstatic.com/1b1cc0b730b23097a26a0e5326a8ae75f7a3cd42_full.jpg"	"2026-09-05T21:27:34.469338+00:00"
"[U:1:982275069]"	"https://avatars.steamstatic.com/f21ce6b6e13528a5a6f450bf1b86a40f658fac35_full.jpg"	"2026-09-05T21:27:34.469338+00:00"
"[U:1:106229210]"	"https://avatars.steamstatic.com/8666a6a8f563a073e4d92ed0f363682946f1339e_full.jpg"	"2026-09-05T21:27:34.469338+00:00"
"[U:1:824309090]"	"https://avatars.steamstatic.com/78a7ff45a55b886291705bf5c8b917ad2fbd67bd_full.jpg"	"2026-09-05T21:27:34.469338+00:00"
"[U:1:982557626]"	"https://avatars.steamstatic.com/7a307b939f17641880623ae1e644636bd866904c_full.jpg"	"2026-09-05T21:27:34.469338+00:00"
"[U:1:317174088]"	"https://avatars.steamstatic.com/1a19967cda64baacc0002e020c9182867bc78188_full.jpg"	"2026-09-05T21:27:34.469338+00:00"
"[U:1:100889911]"	"https://avatars.steamstatic.com/5caa417351e3b0dd452287cd76cdf73994d0ddcf_full.jpg"	"2026-09-05T21:27:34.469338+00:00"
"[U:1:405737735]"	"https://avatars.steamstatic.com/e8e38fab57b1664aa9e3d523b226aeb8225953f4_full.jpg"	"2026-09-05T21:27:34.469338+00:00"
"[U:1:1183623581]"	"https://avatars.steamstatic.com/72d2092aa81b53565bd2a5aaffbfbc1114f1e312_full.jpg"	"2026-09-05T21:27:34.469338+00:00"
"[U:1:1031980425]"	"https://avatars.steamstatic.com/3fd3b15b2d9c3f7936b6edb8db351cb06619db42_full.jpg"	"2026-09-05T21:27:34.469338+00:00"
"[U:1:1010451088]"	"https://avatars.steamstatic.com/1b385fcd9e9598892ee7067de555fcb9d33a125e_full.jpg"	"2026-09-05T21:27:34.469338+00:00"
"[U:1:111924671]"	"https://avatars.steamstatic.com/06bb0fd48a89702949d529fb0aa7c29c3befe2ca_full.jpg"	"2026-09-05T21:27:34.469338+00:00"
"[U:1:1669550306]"	"https://avatars.steamstatic.com/6bb083ac7d8128f824e48c2af3a55ff1000afe50_full.jpg"	"2026-09-05T21:27:34.469338+00:00"
"[U:1:48698950]"	"https://avatars.steamstatic.com/866d7adb1079ec1d46dc650454cddb5c451a59f2_full.jpg"	"2026-09-05T21:27:34.469338+00:00"
"[U:1:183149337]"	"https://avatars.steamstatic.com/1661d0309ae81e096228ede8d9ac994e4018dde0_full.jpg"	"2026-09-05T21:27:34.469338+00:00"
"[U:1:1428763473]"	"https://avatars.steamstatic.com/040380d795a7f99bf4f955472c8721673f988952_full.jpg"	"2026-09-05T21:27:34.469338+00:00"
"[U:1:406741870]"	"https://avatars.steamstatic.com/81c23c0802def47bbf0a88888a79f8b67c2e41f6_full.jpg"	"2026-09-05T21:27:34.469338+00:00"
"[U:1:141602361]"	"https://avatars.steamstatic.com/3e7fa82d331c950cc2dffca68c4e0f723849cff0_full.jpg"	"2026-09-05T21:27:34.469338+00:00"
"[U:1:74474886]"	"https://avatars.steamstatic.com/156ab759c9371ed766103bd97bcbb17e32cf107f_full.jpg"	"2026-09-05T21:27:34.469338+00:00"
"[U:1:7189553]"	"https://avatars.steamstatic.com/29e8109e11d2f1ac53d720862d7ae4853074af06_full.jpg"	"2026-09-05T21:27:34.469338+00:00"
"[U:1:194600755]"	"https://avatars.steamstatic.com/c3a252aff4456eb4ebac6553e2407345f5b779bc_full.jpg"	"2026-09-05T21:27:34.469338+00:00"
"[U:1:181283804]"	"https://avatars.steamstatic.com/8703fa4123f28f6e29b0a7105a4399dc48017b52_full.jpg"	"2026-09-05T21:27:34.469338+00:00"
"[U:1:823684935]"	"https://avatars.steamstatic.com/b57d110240e594f034bc0fd77c5e355a4a53a82a_full.jpg"	"2026-09-05T21:27:34.469338+00:00"
"[U:1:1165705637]"	"https://avatars.steamstatic.com/9ecd856942b07de1b5f52e545601e25baafce3c4_full.jpg"	"2026-09-05T21:27:34.469338+00:00"
"[U:1:195432894]"	"https://avatars.steamstatic.com/3dc4b01b2930620eb4812c69b8053bff668f4ac3_full.jpg"	"2026-09-05T21:27:34.469338+00:00"
"[U:1:339027781]"	"https://avatars.steamstatic.com/90b256595fc3feea20ef468781bf7cff16362789_full.jpg"	"2026-09-05T21:27:34.469338+00:00"
"[U:1:409361821]"	"https://avatars.steamstatic.com/8ff97211143ea7d9bffa2dee6589672334a18138_full.jpg"	"2026-09-05T21:27:34.469338+00:00"
"[U:1:183276303]"	"https://avatars.steamstatic.com/e643c812feece27c17ad274ee113b3c2efb3d202_full.jpg"	"2026-09-05T21:27:34.469338+00:00"
"[U:1:56241793]"	"https://avatars.steamstatic.com/80eaac60bb545f02f2f8ffbc2bd8b8babbd9b47e_full.jpg"	"2026-09-05T21:27:34.469338+00:00"
"[U:1:409292778]"	"https://avatars.steamstatic.com/306a809bdd80685b40da816523486b5f5d8e268f_full.jpg"	"2026-09-05T21:27:34.469338+00:00"
"[U:1:35784556]"	"https://avatars.steamstatic.com/a5356de4fc346c38d49affe90d754450f338de69_full.jpg"	"2026-09-05T21:27:34.469338+00:00"
"[U:1:55893487]"	"https://avatars.steamstatic.com/0e24b5fa6d94b2ee4751baa0a409c4acdca4672d_full.jpg"	"2026-09-05T21:27:34.469338+00:00"
"[U:1:785771958]"	"https://avatars.steamstatic.com/169ed8e31e0a95274203f16a1f599ea489557779_full.jpg"	"2026-09-05T21:27:34.469338+00:00"
"[U:1:1674101317]"	"https://avatars.steamstatic.com/a41301d4b9e1d39dda8f88f1c057b74f846482c7_full.jpg"	"2026-09-05T21:27:34.469338+00:00"
"[U:1:31630706]"	"https://avatars.steamstatic.com/c1e16d1afa4600ddde7df744127e81b70029093c_full.jpg"	"2026-09-05T21:27:34.469338+00:00"
"[U:1:177664293]"	"https://avatars.steamstatic.com/a78162c8e8aed10255d30e3e191bedda3dab9464_full.jpg"	"2026-09-05T21:27:34.469338+00:00"
"[U:1:1562795369]"	"https://avatars.steamstatic.com/c110fd9fdea2504d7c3009b49b6719297663f08d_full.jpg"	"2026-09-05T21:27:34.469338+00:00"
"[U:1:917769713]"	"https://avatars.steamstatic.com/b2b6cd1d747463d57bc99384713edfd9b20a4b6f_full.jpg"	"2026-09-05T21:27:34.469338+00:00"
"[U:1:1240494760]"	"https://avatars.steamstatic.com/6db2ac365ae4ee52c350ac4e9a34fdbf013c64ce_full.jpg"	"2026-09-05T21:27:34.469338+00:00"
"[U:1:1190335539]"	"https://avatars.steamstatic.com/57ae90ecec4afe50cd7776b78d4b243ea91cafbe_full.jpg"	"2026-09-05T21:27:34.469338+00:00"
"[U:1:309098460]"	"https://avatars.steamstatic.com/cadc45d08e2cbf39382f659d28f68f8ac1bd0791_full.jpg"	"2026-09-05T21:27:34.469338+00:00"
"[U:1:91662946]"	"https://avatars.steamstatic.com/dac3275eec54e7e25034580705baca5d5082376a_full.jpg"	"2026-09-05T21:27:34.469338+00:00"
"[U:1:409474191]"	"https://avatars.steamstatic.com/e3efdd7077c25f4086060604f0e237bc477e895d_full.jpg"	"2026-09-05T21:27:34.469338+00:00"
"[U:1:219312059]"	"https://avatars.steamstatic.com/0b2f9592841785b60e1ef0edab80e8149655650c_full.jpg"	"2026-09-05T21:27:34.469338+00:00"
"[U:1:825719809]"	"https://avatars.steamstatic.com/213b0bf667deda48bb865c8cef51d797666a6814_full.jpg"	"2026-09-05T21:27:34.469338+00:00"
"[U:1:82601997]"	"https://avatars.steamstatic.com/0b4a1a0df3fa0d6524c7aa1678e66dd56f78bca9_full.jpg"	"2026-09-05T21:27:34.469338+00:00"
"[U:1:1165742808]"	"https://avatars.steamstatic.com/e9f8823c1cab362f6f9da2700e39c287acc010a9_full.jpg"	"2026-09-05T21:27:34.469338+00:00"
"[U:1:794908169]"	"https://avatars.steamstatic.com/fef49e7fa7e1997310d705b2a6158ff8dc1cdfeb_full.jpg"	"2026-09-05T21:27:34.469338+00:00"
"[U:1:31630459]"	"https://avatars.steamstatic.com/b59f1907f53d00c56464f10c765a7d880be11176_full.jpg"	"2026-09-05T21:27:34.469338+00:00"
"[U:1:340061459]"	"https://avatars.steamstatic.com/998bcf71439b06fc02d720bfe43ca95e5b558beb_full.jpg"	"2026-09-05T21:27:34.469338+00:00"
"[U:1:410017405]"	"https://avatars.steamstatic.com/108d6cab215ce9dab285c11e394738ed0c763342_full.jpg"	"2026-09-05T21:27:34.469338+00:00"
"[U:1:826265985]"	"https://avatars.steamstatic.com/801b6c2c39ac7b706f50d268d43299fe028ac91f_full.jpg"	"2026-09-05T21:27:34.469338+00:00"
"[U:1:1672564025]"	"https://avatars.steamstatic.com/fef49e7fa7e1997310d705b2a6158ff8dc1cdfeb_full.jpg"	"2026-09-05T21:27:34.469338+00:00"
"[U:1:195687597]"	"https://avatars.steamstatic.com/49d47393e96c563b5e31427a5f60e036ca313bd6_full.jpg"	"2026-09-05T21:27:34.469338+00:00"
"[U:1:222864859]"	"https://avatars.steamstatic.com/c4409ec059c03c7ba008be6041411cc848f0444d_full.jpg"	"2026-09-05T21:27:34.469338+00:00"
"[U:1:147882969]"	"https://avatars.steamstatic.com/4aefb944147cd88842ed7c48690de5ee378f295e_full.jpg"	"2026-09-05T21:27:34.469338+00:00"
"[U:1:1190192250]"	"https://avatars.steamstatic.com/c4fe82218d441a8c6ceca0d5907659b96c93b591_full.jpg"	"2026-09-05T21:27:34.469338+00:00"
"[U:1:1162089457]"	"https://avatars.steamstatic.com/7370cd66fe36bdac52b00a2a61012084417aebfe_full.jpg"	"2026-09-05T21:27:34.469338+00:00"
"[U:1:296302691]"	"https://avatars.steamstatic.com/b8fc322d7c0c429be3f9f724da258e4f472c0420_full.jpg"	"2026-09-05T21:27:34.469338+00:00"
"[U:1:195698366]"	"https://avatars.steamstatic.com/352f807af5979892ca128e5fdef985edadaab38c_full.jpg"	"2026-09-05T21:27:34.469338+00:00"
"[U:1:186690083]"	"https://avatars.steamstatic.com/8d141af142c3b4cc6c0c532992eb8d15ab2a9352_full.jpg"	"2026-09-05T21:27:34.469338+00:00"
"[U:1:1505517116]"	"https://avatars.steamstatic.com/c4574948c2b3278f8426b50bb7d43f558281f9ef_full.jpg"	"2026-09-05T21:27:34.469338+00:00"
"[U:1:1125830829]"	"https://avatars.steamstatic.com/a6c1178f41586eddef31715e5089d6bb51c5ae28_full.jpg"	"2026-09-05T21:27:34.469338+00:00"
"[U:1:207566365]"	"https://avatars.steamstatic.com/55928eb9e6c2b52bcd6f761d6b7fe1fe17cf9306_full.jpg"	"2026-09-05T21:27:34.469338+00:00"
"[U:1:338978557]"	"https://avatars.steamstatic.com/01c7d8375201f42a87ea161d5359d1907bd5a083_full.jpg"	"2026-09-05T21:27:34.469338+00:00"
"[U:1:195735299]"	"https://avatars.steamstatic.com/1a57276b363ad71f25d221524ed03d93430582e3_full.jpg"	"2026-09-05T21:27:34.469338+00:00"
"[U:1:48022648]"	"https://avatars.steamstatic.com/ececed6b12b33fa2a330fb24a1760734803af791_full.jpg"	"2026-09-05T21:27:34.469338+00:00"
"[U:1:1096772439]"	"https://avatars.steamstatic.com/e4cdcfb323426ee4b53b100ff1c05fa3c8470857_full.jpg"	"2026-09-05T21:27:34.469338+00:00"
"[U:1:1598572538]"	"https://avatars.steamstatic.com/06df99055ad10ac2d5b6dcabe655874677e5c7b4_full.jpg"	"2026-09-05T21:27:34.469338+00:00"
"[U:1:1792196470]"	"https://avatars.steamstatic.com/faec5341c80192180adf40e6f755d13467e32f6a_full.jpg"	"2026-09-05T21:27:34.469338+00:00"
"[U:1:175891579]"	"https://avatars.steamstatic.com/6ae60aac994998c64a42d989664caa3af5e548d4_full.jpg"	"2026-09-05T21:27:34.469338+00:00"
"[U:1:1562743450]"	"https://avatars.steamstatic.com/bb3a6ea61c45f9ce75e16be7ad2d8f63ed3e8dd1_full.jpg"	"2026-09-05T21:27:34.469338+00:00"
"[U:1:916400371]"	"https://avatars.steamstatic.com/6c0929ec7b786f3783d99d58a995530be67e8bc2_full.jpg"	"2026-09-05T21:27:34.469338+00:00"
"[U:1:1952511]"	"https://avatars.steamstatic.com/92d690182ccceffc88308400afc099bf489b5af8_full.jpg"	"2026-09-05T21:27:34.469338+00:00"
"[U:1:1190295746]"	"https://avatars.steamstatic.com/79d3fe5839617eb83a9661071ed021dd56ac8a5b_full.jpg"	"2026-09-05T21:27:34.469338+00:00"
"[U:1:487408346]"	"https://avatars.steamstatic.com/eec4d5e6985a23807ed50157e5a9959c467eec47_full.jpg"	"2026-09-05T21:27:34.469338+00:00"
"[U:1:123813158]"	"https://avatars.steamstatic.com/56d7bedaa42ed1770a200ca0ab41748407f744b5_full.jpg"	"2026-09-05T21:27:34.469338+00:00"
"[U:1:230504498]"	"https://avatars.steamstatic.com/84bdfa5246a2a930ea90ebbc3153b11775bbb9ec_full.jpg"	"2026-09-05T21:27:34.469338+00:00"
"[U:1:207537299]"	"https://avatars.steamstatic.com/253e42933c8ee905b459852a77c2eb517cf286e8_full.jpg"	"2026-09-05T21:27:34.469338+00:00"
"[U:1:407913438]"	"https://avatars.steamstatic.com/4d25b7fe05a64f3ed157228fae661cd6a52cb58c_full.jpg"	"2026-09-05T21:27:34.469338+00:00"
"[U:1:794845843]"	"https://avatars.steamstatic.com/d6710ab6a79e37cfa7d2d745c6647af4d996699d_full.jpg"	"2026-09-05T21:27:34.469338+00:00"
"[U:1:915215817]"	"https://avatars.steamstatic.com/acf6c20f4404ecd5400e49c38e46f15d27010220_full.jpg"	"2026-09-05T21:27:34.469338+00:00"
"[U:1:91740875]"	"https://avatars.steamstatic.com/25bd78d96115816d4f6f25aa31a5f93545f00d4d_full.jpg"	"2026-09-05T21:27:34.469338+00:00"
"[U:1:14792721]"	"https://avatars.steamstatic.com/1c210a6f624bf3087d99cc50571179335dd77574_full.jpg"	"2026-09-05T21:27:34.469338+00:00"
"[U:1:410149747]"	"https://avatars.steamstatic.com/343c04c29137e207b7ea0913fff5641aad2d88dc_full.jpg"	"2026-09-05T21:27:34.469338+00:00"
"[U:1:9975935]"	"https://avatars.steamstatic.com/e54addd710567add92be76f99a4948d9ebb25c18_full.jpg"	"2026-09-05T21:27:34.469338+00:00"
"[U:1:250796539]"	"https://avatars.steamstatic.com/edcadff76f64c60f639d401d2acad44b104ddb01_full.jpg"	"2026-09-05T21:27:34.469338+00:00"
"[U:1:250789248]"	"https://avatars.steamstatic.com/ecd01f0faa769c2c5e90656c774311b658dc4358_full.jpg"	"2026-09-05T21:27:34.469338+00:00"
"[U:1:1866924249]"	"https://avatars.steamstatic.com/ce72001305d9a0322f51bc96aae15d681cb197b1_full.jpg"	"2026-09-05T21:27:34.469338+00:00"
"[U:1:1178666815]"	"https://avatars.steamstatic.com/8d5aecf456aa5cefd6afd58d42985e64363ca954_full.jpg"	"2026-09-05T21:27:34.469338+00:00"
"[U:1:1253236442]"	"https://avatars.steamstatic.com/07b6d1df34ea57594ac33e35fa27e5088c217c93_full.jpg"	"2026-09-05T21:27:34.469338+00:00"
"[U:1:1055894413]"	"https://avatars.steamstatic.com/d8dd533fd2b7e6188eaf722184dfbd3b6ec27b6e_full.jpg"	"2026-09-05T21:27:34.469338+00:00"
"[U:1:865876666]"	"https://avatars.steamstatic.com/429d51f983f668ebb97926de02420544db6cf309_full.jpg"	"2026-09-05T21:27:34.469338+00:00"
"[U:1:916783951]"	"https://avatars.steamstatic.com/05d548c7bd858995add89242b9a82404527133c1_full.jpg"	"2026-09-05T21:27:34.469338+00:00"
"[U:1:1495336941]"	"https://avatars.steamstatic.com/19d3c35aa3fde0e35253c6e4959f57c1778b3be5_full.jpg"	"2026-09-05T21:27:34.469338+00:00"
"[U:1:374241506]"	"https://avatars.steamstatic.com/8707319fd87ef78f9c3166d44d5a928d72230415_full.jpg"	"2026-09-05T21:27:34.469338+00:00"
"[U:1:454802875]"	"https://avatars.steamstatic.com/ba3670814bd4e7676ca514feaf5c5d8ac41b0ddf_full.jpg"	"2026-09-05T21:27:34.469338+00:00"
"[U:1:867076401]"	"https://avatars.steamstatic.com/73b976189278c69e7a4c6af665cec2c4b9a266d9_full.jpg"	"2026-09-05T21:27:34.469338+00:00"
"[U:1:235771555]"	"https://avatars.steamstatic.com/0ed23eb9f4d89e4486fca29fcc76e7c3f4afd6f0_full.jpg"	"2026-09-05T21:27:34.469338+00:00"
"[U:1:866690905]"	"https://avatars.steamstatic.com/632ad06bf0ad27941bec41c4081068240eb98171_full.jpg"	"2026-09-05T21:27:34.469338+00:00"
"[U:1:916795270]"	"https://avatars.steamstatic.com/17715b7fcc8eae3eb3833554eac38284967208a5_full.jpg"	"2026-09-05T21:27:34.469338+00:00"
"[U:1:340031932]"	"https://avatars.steamstatic.com/3a6c4f3996b28cfb59658c8d1c18beb9dc23a09e_full.jpg"	"2026-09-05T21:27:34.469338+00:00"
"[U:1:1210510634]"	"https://avatars.steamstatic.com/37cf1dc1f48ac849fb89a0b11182816609a9e6eb_full.jpg"	"2026-09-05T21:27:34.469338+00:00"
"[U:1:1215276739]"	"https://avatars.steamstatic.com/fbe691639a46f74e7fdfb5ecca6fd1a19cc0cb8c_full.jpg"	"2026-09-05T21:27:34.469338+00:00"
"[U:1:409596026]"	"https://avatars.steamstatic.com/eb13544d2f3cc9f444e76da049d3a12da8ff646b_full.jpg"	"2026-09-05T21:27:34.469338+00:00"
"[U:1:74407101]"	"https://avatars.steamstatic.com/b79081fb3de8b05eb81c231d8b8a22c45536db28_full.jpg"	"2026-09-05T21:27:34.469338+00:00"
"[U:1:409446486]"	"https://avatars.steamstatic.com/ae3b475531d3d31151b5b0c6484cbf6af466e874_full.jpg"	"2026-09-05T21:27:34.469338+00:00"
"[U:1:1441129933]"	"https://avatars.steamstatic.com/3af720e9f16dbb29aff10cf54a5d00cb628c4062_full.jpg"	"2026-09-05T21:27:34.469338+00:00"
"[U:1:296515708]"	"https://avatars.steamstatic.com/70b7d6eb99eb3d8eaca3dcc68942d45efffeae20_full.jpg"	"2026-09-05T21:27:34.469338+00:00"
"[U:1:1061061228]"	"https://avatars.steamstatic.com/0fb5fd4f28f0244619b9d5e4fc78e91da705660c_full.jpg"	"2026-09-05T21:27:34.469338+00:00"
"[U:1:1116629627]"	"https://avatars.steamstatic.com/e530e2b97a45f9bbc13d2bbca33bc2ce7bce53b1_full.jpg"	"2026-09-05T21:27:34.469338+00:00"
"[U:1:487237761]"	"https://avatars.steamstatic.com/ca95d81a6772d1432f4cea0a4bf093c97b959a47_full.jpg"	"2026-09-05T21:27:34.469338+00:00"
"[U:1:448606369]"	"https://avatars.steamstatic.com/fc297c357305e83d9658e39971c8a74d302b8bba_full.jpg"	"2026-09-05T21:27:34.469338+00:00"
"[U:1:106373444]"	"https://avatars.steamstatic.com/d5994e72af54bd1865d4bfc1bfe6d81780b42ec4_full.jpg"	"2026-09-05T21:27:34.469338+00:00"
"[U:1:408640602]"	"https://avatars.steamstatic.com/1b1685acad0a2ccb0c4933fed31f09054838ca1f_full.jpg"	"2026-09-05T21:27:34.469338+00:00"
"[U:1:1792429459]"	"https://avatars.steamstatic.com/2bdc6c9c17913db9fb2470d0fce73467cf4c0b99_full.jpg"	"2026-09-05T21:27:34.469338+00:00"
"[U:1:86597326]"	"https://avatars.steamstatic.com/725ca1f17e5256045548326fe58116bc767e9a77_full.jpg"	"2026-09-05T21:27:34.469338+00:00"
"[U:1:1172095288]"	"https://avatars.steamstatic.com/8d0c3ca5019c7d504a3d38510ba895b063727c6e_full.jpg"	"2026-09-05T21:27:34.469338+00:00"
"[U:1:1866286442]"	"https://avatars.steamstatic.com/f73c9d8887c1cee6b66f9432b449b73b1bd066dc_full.jpg"	"2026-09-05T21:27:34.469338+00:00"
"[U:1:1220896312]"	"https://avatars.steamstatic.com/a2f01f0581217cb5a57e18cfe7e5c4d3c2469318_full.jpg"	"2026-09-05T21:27:34.469338+00:00"
"[U:1:86694650]"	"https://avatars.steamstatic.com/8bae6c2efe70680bbebe96660e93a6928d5340fd_full.jpg"	"2026-09-05T21:27:34.469338+00:00"
"[U:1:167327409]"	"https://avatars.steamstatic.com/45ac3b4c810fb093c6ffeab0588408750227c32c_full.jpg"	"2026-09-05T21:27:34.469338+00:00"
"[U:1:1536316358]"	"https://avatars.steamstatic.com/36e4346583882dd0f92b4adfc8cd1cac7d974b40_full.jpg"	"2026-09-05T21:27:34.469338+00:00"
"[U:1:1850818045]"	"https://avatars.steamstatic.com/e605a5d7f1a1fb05876d1773c657828baca55872_full.jpg"	"2026-09-05T21:27:34.469338+00:00"
"[U:1:82849996]"	"https://avatars.steamstatic.com/b5c65dd4aa00b1a08c8adce663b456ea51df8ccd_full.jpg"	"2026-09-05T21:27:34.469338+00:00"
"[U:1:171866470]"	"https://avatars.steamstatic.com/b849dbf544680c846de966e706799d890ba79f10_full.jpg"	"2026-09-05T21:27:34.469338+00:00"
"[U:1:849115445]"	"https://avatars.steamstatic.com/ba84bde1fb490d9499b3360ba4f497d7bf7a16a0_full.jpg"	"2026-09-05T21:27:34.469338+00:00"
"[U:1:41146294]"	"https://avatars.steamstatic.com/a25a9097826eeb75828621328a34ecb2e213fa76_full.jpg"	"2026-09-05T21:27:34.469338+00:00"
"[U:1:1222131549]"	"https://avatars.steamstatic.com/3a99a6aa6cbcaf02102a746dcb2dd38219835e4a_full.jpg"	"2026-09-05T21:27:34.469338+00:00"
"[U:1:148021955]"	"https://avatars.steamstatic.com/fa1d2a04cf4995dffd6446a02b843305034f41db_full.jpg"	"2026-09-05T21:27:34.469338+00:00"
"[U:1:1053455237]"	"https://avatars.steamstatic.com/b3a01e1440bc499b7f3966f923b4063d7e607f5f_full.jpg"	"2026-09-05T21:27:34.469338+00:00"
"[U:1:56460943]"	"https://avatars.steamstatic.com/ae3b475531d3d31151b5b0c6484cbf6af466e874_full.jpg"	"2026-09-05T21:27:34.469338+00:00"
"[U:1:226611341]"	"https://avatars.steamstatic.com/455c808791c896bc1a5ace56fb2713574c3f0f69_full.jpg"	"2026-09-05T21:27:34.469338+00:00"
"[U:1:829084638]"	"https://avatars.steamstatic.com/63a6d08d3b51fe881c88dacb619c18431f458b69_full.jpg"	"2026-09-05T21:27:34.469338+00:00"
"[U:1:1479673469]"	"https://avatars.steamstatic.com/a4cb71e44bbfe83d60a10bc90f1c7fa847942aa2_full.jpg"	"2026-09-05T21:27:34.469338+00:00"
"[U:1:1221050467]"	"https://avatars.steamstatic.com/4e74b563f5c327c1e01634828216424ca9003f04_full.jpg"	"2026-09-05T21:27:34.469338+00:00"
"[U:1:1254132021]"	"https://avatars.steamstatic.com/fef49e7fa7e1997310d705b2a6158ff8dc1cdfeb_full.jpg"	"2026-09-05T21:27:34.469338+00:00"
"[U:1:82847687]"	"https://avatars.steamstatic.com/5c3cd1e3edb6bf0934a95ff2392128d4d2a57fb6_full.jpg"	"2026-09-05T21:27:34.469338+00:00"
"[U:1:1526240294]"	"https://avatars.steamstatic.com/1ebfe21a80cdf96e3560192e8cc395ccab7cd478_full.jpg"	"2026-09-05T21:27:34.469338+00:00"
"[U:1:221274599]"	"https://avatars.steamstatic.com/fef49e7fa7e1997310d705b2a6158ff8dc1cdfeb_full.jpg"	"2026-09-05T21:27:34.469338+00:00"
"[U:1:16746013]"	"https://avatars.steamstatic.com/e123051ffc4f07e73737d58c17e3bee71366fc34_full.jpg"	"2026-09-05T21:27:34.469338+00:00"
"[U:1:82759758]"	"https://avatars.steamstatic.com/b698f81978cd408b5e210f5b5c09d308ae75165b_full.jpg"	"2026-09-05T21:27:34.469338+00:00"
"[U:1:340539900]"	"https://avatars.steamstatic.com/d7b7988e7bc32f8e08ab167acd110bf8783e59af_full.jpg"	"2026-09-05T21:27:34.469338+00:00"
"[U:1:102683782]"	"https://avatars.steamstatic.com/8e31f862c6d4abb6bc8cbd8b7fa3ec26523d444e_full.jpg"	"2026-09-05T21:27:34.469338+00:00"
"[U:1:412519604]"	"https://avatars.steamstatic.com/fef49e7fa7e1997310d705b2a6158ff8dc1cdfeb_full.jpg"	"2026-09-05T21:27:34.469338+00:00"
"[U:1:45803385]"	"https://avatars.steamstatic.com/68e12ec41eebf1be87e43a4e068d6fd0287b4ecc_full.jpg"	"2026-09-05T21:27:34.469338+00:00"
"[U:1:1890432945]"	"https://avatars.steamstatic.com/fef49e7fa7e1997310d705b2a6158ff8dc1cdfeb_full.jpg"	"2026-09-05T21:27:34.469338+00:00"
"[U:1:1218934989]"	"https://avatars.steamstatic.com/26ba9cd39c1f3ad05441a4f6a2a5bbeb4fddb713_full.jpg"	"2026-09-05T21:27:34.469338+00:00"
"[U:1:296816838]"	"https://avatars.steamstatic.com/cff8942fd60fb57a26ea93d06908fb86b72d85a1_full.jpg"	"2026-09-05T21:27:34.469338+00:00"
"[U:1:1890383308]"	"https://avatars.steamstatic.com/9c68f53d6b76f8325e364acdb84f573d2cfe3a36_full.jpg"	"2026-09-05T21:27:34.469338+00:00"
"[U:1:1200969037]"	"https://avatars.steamstatic.com/653a419552fdaf930959b9a2b20a3663b7df21b8_full.jpg"	"2026-09-05T21:27:34.469338+00:00"
"[U:1:135613679]"	"https://avatars.steamstatic.com/ae3b475531d3d31151b5b0c6484cbf6af466e874_full.jpg"	"2026-09-05T21:27:34.469338+00:00"
"[U:1:44221617]"	"https://avatars.steamstatic.com/3ef3923b7997ce576a7031cdd70bb42ec2cec044_full.jpg"	"2026-09-05T21:27:34.469338+00:00"
"[U:1:920379250]"	"https://avatars.steamstatic.com/f0ae293c7689dacc33c9bdee8feb20cd4e41dc6c_full.jpg"	"2026-09-05T21:27:34.469338+00:00"
"[U:1:98440076]"	"https://avatars.steamstatic.com/21484ad770094a1b2e8ac8e6a091334068fce3f6_full.jpg"	"2026-09-05T21:27:34.469338+00:00"
"[U:1:412434782]"	"https://avatars.steamstatic.com/70c08cbe15d036251f0ae8045697dc8014e19755_full.jpg"	"2026-09-05T21:27:34.469338+00:00"
"[U:1:1868109132]"	"https://avatars.steamstatic.com/fef49e7fa7e1997310d705b2a6158ff8dc1cdfeb_full.jpg"	"2026-09-05T21:27:34.469338+00:00"
"[U:1:209907334]"	"https://avatars.steamstatic.com/f17a86f4c4319596c3fde4aa637a3f14114d46e3_full.jpg"	"2026-09-05T21:27:34.469338+00:00"
"[U:1:179288568]"	"https://avatars.steamstatic.com/e5ea0141ae3b7574309fe13e4e303ec838054ed6_full.jpg"	"2026-09-05T21:27:34.469338+00:00"
"[U:1:411651806]"	"https://avatars.steamstatic.com/2c78098a7d6dd7dbc2cd7b42ef781b822d94c81d_full.jpg"	"2026-09-05T21:27:34.469338+00:00"
"[U:1:1144580667]"	"https://avatars.steamstatic.com/2c4e61458d74df5f97149efa35af083705fb12aa_full.jpg"	"2026-09-05T21:27:34.469338+00:00"
"[U:1:920762948]"	"https://avatars.steamstatic.com/c17934a3d5bc21eb8452d4be7875659f511fc514_full.jpg"	"2026-09-05T21:27:34.469338+00:00"
"[U:1:129779669]"	"https://avatars.steamstatic.com/543075cd1b9c6b5e69ac356b534c7b8cc213cdbb_full.jpg"	"2026-09-05T21:27:34.469338+00:00"
"[U:1:304044175]"	"https://avatars.steamstatic.com/f1951fd5e2c9b8d44a6213a0548f3fd11c4142b9_full.jpg"	"2026-09-05T21:27:34.469338+00:00"
"[U:1:1124555486]"	"https://avatars.steamstatic.com/97e463a36f2693f6158631fb69c4074694019c20_full.jpg"	"2026-09-05T21:27:34.469338+00:00"
"[U:1:410503208]"	"https://avatars.steamstatic.com/487e58eadff04786ce5dac25da54d5ea4e921b23_full.jpg"	"2026-09-05T21:27:34.469338+00:00"
"[U:1:50943182]"	"https://avatars.steamstatic.com/d6416a14835d07c1acda65e5489cc8484f84479a_full.jpg"	"2026-09-05T21:27:34.469338+00:00"
"[U:1:1708432256]"	"https://avatars.steamstatic.com/46717694f5b724b9715c4948dc56569f4a18a5bd_full.jpg"	"2026-09-05T21:27:34.469338+00:00"
"[U:1:1149390494]"	"https://avatars.steamstatic.com/b497cb0c1da91eaf9b74b20b2b3740cfc58fec8c_full.jpg"	"2026-09-05T21:27:34.469338+00:00"
"[U:1:794361326]"	"https://avatars.steamstatic.com/b07d169af7a16c5aed2ebecd277815316c741328_full.jpg"	"2026-09-05T21:27:34.469338+00:00"
"[U:1:1076191610]"	"https://avatars.steamstatic.com/90c7c96451a2ddb0213519fd97aed5cca8309a7c_full.jpg"	"2026-09-05T21:27:34.469338+00:00"
"[U:1:1495458974]"	"https://avatars.steamstatic.com/c926d7febd3bf14795258e10d798d0b21f100ee0_full.jpg"	"2026-09-05T21:27:34.469338+00:00"
"[U:1:410982316]"	"https://avatars.steamstatic.com/ae8646ed36c980b1b8675be1295ee1d61d50ac92_full.jpg"	"2026-09-05T21:27:34.469338+00:00"
"[U:1:1254221723]"	"https://avatars.steamstatic.com/f16984daf41f7231fa0ed165f44bd828f5ae6ff3_full.jpg"	"2026-09-05T21:27:34.469338+00:00"
"[U:1:827717957]"	"https://avatars.steamstatic.com/ad4887a3e098af46934909c8ff1457058bfb62ff_full.jpg"	"2026-09-05T21:27:34.469338+00:00"
"[U:1:99968757]"	"https://avatars.steamstatic.com/38d7e619cd1d645072d4b2b00bf5b21e63d8f4ea_full.jpg"	"2026-09-05T21:27:34.469338+00:00"
"[U:1:1581151028]"	"https://avatars.steamstatic.com/348c42f162e6da4ac2fdcf77125ae51b3f41dd78_full.jpg"	"2026-09-05T21:27:34.469338+00:00"
"[U:1:102324884]"	"https://avatars.steamstatic.com/54fda381a56e6e7e9019a80c53a41b1104a6d48d_full.jpg"	"2026-09-05T21:27:34.469338+00:00"
"[U:1:77915203]"	"https://avatars.steamstatic.com/6d11baea7749628107fb3e5e87b5024dec90252a_full.jpg"	"2026-09-05T21:27:34.469338+00:00"
"[U:1:1000547852]"	"https://avatars.steamstatic.com/e9813b448296d2274966114c75dc8bc8bfe40ec6_full.jpg"	"2026-09-05T21:27:34.469338+00:00"
"[U:1:411602947]"	"https://avatars.steamstatic.com/fef49e7fa7e1997310d705b2a6158ff8dc1cdfeb_full.jpg"	"2026-09-05T21:27:34.469338+00:00"
"[U:1:1263691211]"	"https://avatars.steamstatic.com/bc24e1a8ec46742b785f2f084ac048ca48dfa5a4_full.jpg"	"2026-09-05T21:27:34.469338+00:00"
"[U:1:196941983]"	"https://avatars.steamstatic.com/e148e8f050957ba849da8d91724451103addda2e_full.jpg"	"2026-09-05T21:27:34.469338+00:00"
"[U:1:1563208745]"	"https://avatars.steamstatic.com/652a37c9dddf5a9227ad4f6e2e55e4910617195c_full.jpg"	"2026-09-05T21:27:34.469338+00:00"
"[U:1:1315670601]"	"https://avatars.steamstatic.com/55e654d3b03728858e6458bfea4c4ce4cd624749_full.jpg"	"2026-09-05T21:27:34.469338+00:00"
"[U:1:1512669926]"	"https://avatars.steamstatic.com/9632c34bb7a584065cf806e28395251418591fa0_full.jpg"	"2026-09-05T21:27:34.469338+00:00"
"[U:1:1418915249]"	"https://avatars.steamstatic.com/8665a250f7faa61e8d837999a0849de12e610bcc_full.jpg"	"2026-09-05T21:27:34.469338+00:00"
"[U:1:37236868]"	"https://avatars.steamstatic.com/c50fe6d721feded815cd4943ca88225255e3e0ab_full.jpg"	"2026-09-05T21:27:34.469338+00:00"
"[U:1:135664917]"	"https://avatars.steamstatic.com/cc1b588dee9fe8c5d2af3b9fdcef34e648771d25_full.jpg"	"2026-09-05T21:27:34.469338+00:00"
"[U:1:117939791]"	"https://avatars.steamstatic.com/891aef0ae2fb231424ff4b35eb9591ad979deb8f_full.jpg"	"2026-09-05T21:27:34.469338+00:00"
"[U:1:190062149]"	"https://avatars.steamstatic.com/48cebeb0b43a40866e826e4082e925b843a57c23_full.jpg"	"2026-09-05T21:27:34.469338+00:00"
"[U:1:1675584853]"	"https://avatars.steamstatic.com/5eaf21e48576ee1eab5e4e7c6707b7f8d0dc29b5_full.jpg"	"2026-09-05T21:27:34.469338+00:00"
"[U:1:354449049]"	"https://avatars.steamstatic.com/bcbdb05d7fb2bd234b49a7fe5cd79691f5ead773_full.jpg"	"2026-09-05T21:27:34.469338+00:00"
"[U:1:217687674]"	"https://avatars.steamstatic.com/3d2fd909cc3de7f1ab64094c6d47f8ece587ebc9_full.jpg"	"2026-09-05T21:27:34.469338+00:00"
"[U:1:176871974]"	"https://avatars.steamstatic.com/c8db6dd745a26878859718e1261a081e040a7b56_full.jpg"	"2026-09-05T21:27:34.469338+00:00"
"[U:1:1119278807]"	"https://avatars.steamstatic.com/02f31cc80298b2910e1fef7d5391f044b278a659_full.jpg"	"2026-09-05T21:27:34.469338+00:00"
"[U:1:315703012]"	"https://avatars.steamstatic.com/97a16a56f660205fab579a9f57bb84d96e759a0d_full.jpg"	"2026-09-05T21:27:34.469338+00:00"
"[U:1:117937949]"	"https://avatars.steamstatic.com/1b2ff3993a0cb84906a204ffca90d9a6130e99d0_full.jpg"	"2026-09-05T21:27:34.469338+00:00"
"[U:1:102484882]"	"https://avatars.steamstatic.com/a6aca86a5f27ee48e4292528f2b7e2aec038551b_full.jpg"	"2026-09-05T21:27:34.469338+00:00"
"[U:1:109948940]"	"https://avatars.steamstatic.com/0f8c5b982f00f4bffbe10b62e5c80de9acebce62_full.jpg"	"2026-09-05T21:27:34.469338+00:00"
"[U:1:1238368111]"	"https://avatars.steamstatic.com/a081014439c0f116cb9bacfc93016f8cc45694ce_full.jpg"	"2026-09-05T21:27:34.469338+00:00"
"[U:1:1792974170]"	"https://avatars.steamstatic.com/df2bd0cc136f213a5b5d755a4b7f76317816035d_full.jpg"	"2026-09-05T21:27:34.469338+00:00"
"[U:1:311437078]"	"https://avatars.steamstatic.com/bd994f6308baafa77658bfe1f533fdebb694cae1_full.jpg"	"2026-09-05T21:27:34.469338+00:00"
"[U:1:1084593847]"	"https://avatars.steamstatic.com/30b86e9be656794c76b051e52196b02de56ecd9c_full.jpg"	"2026-09-05T21:27:34.469338+00:00"
"[U:1:1012472700]"	"https://avatars.steamstatic.com/a47efa3f041a05f575769d54331bea2599ffdd8a_full.jpg"	"2026-09-05T21:27:34.469338+00:00"
"[U:1:411493196]"	"https://avatars.steamstatic.com/1502f96efa6c4d308a49a4d3b95cac04245295ce_full.jpg"	"2026-09-05T21:27:34.469338+00:00"
"[U:1:251618144]"	"https://avatars.steamstatic.com/10852b804137a6a22ce0e106e6b87e6bd5ee89e3_full.jpg"	"2026-09-05T21:27:34.469338+00:00"
"[U:1:1092416593]"	"https://avatars.steamstatic.com/22c094885b463ad89f2f64e29936fc0d8432ab21_full.jpg"	"2026-09-05T21:27:34.469338+00:00"
"[U:1:162786731]"	"https://avatars.steamstatic.com/77d76c9be25eea09b59cae1e4c2d64ea5eea03a5_full.jpg"	"2026-09-05T21:27:34.469338+00:00"
"[U:1:1172031166]"	"https://avatars.steamstatic.com/57599579dab4635bc9d632453c5b920c82cc47a1_full.jpg"	"2026-09-05T21:27:34.469338+00:00"
"[U:1:919150824]"	"https://avatars.steamstatic.com/b7de17e58d3313b12dd24318396addb1ba763338_full.jpg"	"2026-09-05T21:27:34.469338+00:00"
"[U:1:86546713]"	"https://avatars.steamstatic.com/4d7595d6fa3a2e32f7c3b7c144e5eeb152ec4e36_full.jpg"	"2026-09-05T21:27:34.469338+00:00"
"[U:1:372856180]"	"https://avatars.steamstatic.com/38641c692d7fea9f51c0bb145deee3e4c67ace48_full.jpg"	"2026-09-05T21:27:34.469338+00:00"
"[U:1:74345686]"	"https://avatars.steamstatic.com/7f2ab5f403aecaf853597bf9f6fcd65eddd459e1_full.jpg"	"2026-09-05T21:27:34.469338+00:00"
"[U:1:86509624]"	"https://avatars.steamstatic.com/5f4673b1f7d40b47b4af564f397f0f5428e25922_full.jpg"	"2026-09-05T21:27:34.469338+00:00"
"[U:1:251577437]"	"https://avatars.steamstatic.com/a627d3c0e9fe310d6ce9538c3594376522acbb00_full.jpg"	"2026-09-05T21:27:34.469338+00:00"
"[U:1:183347763]"	"https://avatars.steamstatic.com/1e7cce9183d37c2d3192732b54608171796f084a_full.jpg"	"2026-09-05T21:27:34.469338+00:00"
"[U:1:138736160]"	"https://avatars.steamstatic.com/bc39841ee86ec009c4c5d782b498d159c206137f_full.jpg"	"2026-09-05T21:27:34.469338+00:00"
"[U:1:59177731]"	"https://avatars.steamstatic.com/262a597e19f6683d28e4d9a990d272959949c7f2_full.jpg"	"2026-09-05T21:27:34.469338+00:00"
"[U:1:64469816]"	"https://avatars.steamstatic.com/3f71430bbb17d326890d35a880aaa35b50800d0a_full.jpg"	"2026-09-05T21:27:34.469338+00:00"
"[U:1:442050337]"	"https://avatars.steamstatic.com/b498107161042459317630735f7e049edf1441ed_full.jpg"	"2026-09-05T21:27:34.469338+00:00"
"[U:1:1845355524]"	"https://avatars.steamstatic.com/e9c3d241881165b5f477662a6133ea8397dd3d76_full.jpg"	"2026-09-05T21:27:34.469338+00:00"
"[U:1:1316421868]"	"https://avatars.steamstatic.com/f5286fe9a68a0a93e296d3e43767905c83829354_full.jpg"	"2026-09-05T21:27:34.469338+00:00"
"[U:1:181116912]"	"https://avatars.steamstatic.com/077f4c58487d9d1719446f79ff552aca300a7b61_full.jpg"	"2026-09-05T21:27:34.469338+00:00"
"[U:1:997704916]"	"https://avatars.steamstatic.com/a10688b0e85e9e6f1a655e34ac2ba7e6ad9a4ff2_full.jpg"	"2026-09-05T21:27:34.469338+00:00"
"[U:1:125475522]"	"https://avatars.steamstatic.com/2e1a06675c2ec7af34c0a864df765ce06882ff8c_full.jpg"	"2026-09-05T21:27:34.469338+00:00"
"[U:1:1738251682]"	"https://avatars.steamstatic.com/a0e7c658f0c827c893e0c43a6f52bebd032ffea8_full.jpg"	"2026-09-05T21:27:34.469338+00:00"
"[U:1:130718292]"	"https://avatars.steamstatic.com/dedec2d2e616ad35fcf28bf5da24b158da44ca70_full.jpg"	"2026-09-05T21:27:34.469338+00:00"
"[U:1:27563299]"	"https://avatars.steamstatic.com/09e64aee9a10d9016021a0d315be5e1e0c3f2cbc_full.jpg"	"2026-09-05T21:27:34.469338+00:00"
"[U:1:1775964535]"	"https://avatars.steamstatic.com/4b79af016dfe27c1919610b84c7027f4081b4c41_full.jpg"	"2026-09-05T21:27:34.469338+00:00"
"[U:1:923573617]"	"https://avatars.steamstatic.com/403a70ce2181201a311b59ff43bcd9f094abf606_full.jpg"	"2026-09-05T21:27:34.469338+00:00"
"[U:1:1238602739]"	"https://avatars.steamstatic.com/df68dd33be50e3df6562b50ad6c7cfcb3c6b693c_full.jpg"	"2026-09-05T21:27:34.469338+00:00"
"[U:1:1899262665]"	"https://avatars.steamstatic.com/470bfe05d86c3799885f4f3c6179d8c906b07ddd_full.jpg"	"2026-09-05T21:27:34.469338+00:00"
"[U:1:1850624912]"	"https://avatars.steamstatic.com/8a313dd4e50eb29071196a68a85c9bb3ac2e69b2_full.jpg"	"2026-09-05T21:27:34.469338+00:00"
"[U:1:19760240]"	"https://avatars.steamstatic.com/9e9159201cb15769257eebbea85cea297ba0449e_full.jpg"	"2026-09-05T21:27:34.469338+00:00"
"[U:1:1160567873]"	"https://avatars.steamstatic.com/9e9a39c572be29a4d7944ec8a096527f037f7814_full.jpg"	"2026-09-05T21:27:34.469338+00:00"
"[U:1:156879037]"	"https://avatars.steamstatic.com/07b6e80a8aadf507aba1408bd7c7787011cbcb4d_full.jpg"	"2026-09-05T21:27:34.469338+00:00"
"[U:1:1082003547]"	"https://avatars.steamstatic.com/36ac81c753ca8a3c8127d6b3750f26a19de02a58_full.jpg"	"2026-09-05T21:27:34.469338+00:00"
"[U:1:1678076867]"	"https://avatars.steamstatic.com/3ad92c42cc2e84c5319fd93f0ff32cdfa413d661_full.jpg"	"2026-09-05T21:27:34.469338+00:00"
"[U:1:304387566]"	"https://avatars.steamstatic.com/af7fe2dc25141eb28df813221e25d45ff7e539bf_full.jpg"	"2026-09-05T21:27:34.469338+00:00"
"[U:1:413296287]"	"https://avatars.steamstatic.com/c682b94775ec2dc129fdb889c4b2e582526ad869_full.jpg"	"2026-09-05T21:27:34.469338+00:00"
"[U:1:414187805]"	"https://avatars.steamstatic.com/2bdee9a2ceb35cad3e9aa9679b5fd93cfcacd1a8_full.jpg"	"2026-09-05T21:27:34.469338+00:00"
"[U:1:1519042340]"	"https://avatars.steamstatic.com/fef49e7fa7e1997310d705b2a6158ff8dc1cdfeb_full.jpg"	"2026-09-05T21:27:34.469338+00:00"
"[U:1:174287227]"	"https://avatars.steamstatic.com/bc3772cd097a0e6c685dc8d3cdfbac6fdbfe5aff_full.jpg"	"2026-09-05T21:27:34.469338+00:00"
"[U:1:414136772]"	"https://avatars.steamstatic.com/a8ba72f911268da3f094de1d0b365ef39e1f862a_full.jpg"	"2026-09-05T21:27:34.469338+00:00"
"[U:1:1482727547]"	"https://avatars.steamstatic.com/f02714c3391225ba68c8f055a8536c85c7237021_full.jpg"	"2026-09-05T21:27:34.469338+00:00"
"[U:1:415197310]"	"https://avatars.steamstatic.com/06414fe880fbcd950e26859c29f8d7cc637cc989_full.jpg"	"2026-09-05T21:27:34.469338+00:00"
"[U:1:921288789]"	"https://avatars.steamstatic.com/95082faa62740f8c291f888fa7fdb31bd4307892_full.jpg"	"2026-09-05T21:27:34.469338+00:00"
"[U:1:92341031]"	"https://avatars.steamstatic.com/92d25f07c2abedefe69365acef2010f6a2592469_full.jpg"	"2026-09-05T21:27:34.469338+00:00"
"[U:1:1092549451]"	"https://avatars.steamstatic.com/caf65ba360f34557629ee56407638cfe4d6dde3f_full.jpg"	"2026-09-05T21:27:34.469338+00:00"
"[U:1:10241081]"	"https://avatars.steamstatic.com/918c7f6534ee8d04b042ee3d69fdcd467294a8cb_full.jpg"	"2026-09-05T21:27:34.469338+00:00"
"[U:1:1106378596]"	"https://avatars.steamstatic.com/924df5f67085097bc3ffda5585a9c17e71f59c30_full.jpg"	"2026-09-05T21:27:34.469338+00:00"
"[U:1:99788009]"	"https://avatars.steamstatic.com/cc360fbe931376df3eb7524af4b6c03c4d5959c7_full.jpg"	"2026-09-05T21:27:34.469338+00:00"
"[U:1:298017408]"	"https://avatars.steamstatic.com/6fb2ca2d8b083e1c0f717f9c432ea2d7612dc36d_full.jpg"	"2026-09-05T21:27:34.469338+00:00"
"[U:1:342151068]"	"https://avatars.steamstatic.com/4f1875a2462d6b18ed4f826f0d1a6bcf8f0e74ec_full.jpg"	"2026-09-05T21:27:34.469338+00:00"
"[U:1:86293245]"	"https://avatars.steamstatic.com/7649dae3813d8926156097c037c38fc024d4c1d8_full.jpg"	"2026-09-05T21:27:34.469338+00:00"
"[U:1:1263353508]"	"https://avatars.steamstatic.com/35cefd8243bcc8a7e8d81b09ead2381f40bfed75_full.jpg"	"2026-09-05T21:27:34.469338+00:00"
"[U:1:1108976234]"	"https://avatars.steamstatic.com/6e59ce0166b54ea5b7a9649e809dc5b831d66471_full.jpg"	"2026-09-05T21:27:34.469338+00:00"
"[U:1:829532820]"	"https://avatars.steamstatic.com/72880949bc229b14c18c43f0bf25b14580d1caf6_full.jpg"	"2026-09-05T21:27:34.469338+00:00"
"[U:1:1171726342]"	"https://avatars.steamstatic.com/4f26e203a9db2d3ca100b5323599645545b6faf8_full.jpg"	"2026-09-05T21:27:34.469338+00:00"
"[U:1:354883772]"	"https://avatars.steamstatic.com/6e0b1ba8c9ad73604dfad85a2b1cce7f19d632ac_full.jpg"	"2026-09-05T21:27:34.469338+00:00"
"[U:1:104064151]"	"https://avatars.steamstatic.com/8c35b0fa31b797334b9cdd46051f194a7f1ea687_full.jpg"	"2026-09-05T21:27:34.469338+00:00"
"[U:1:12633259]"	"https://avatars.steamstatic.com/d8ebede431682097c76492df1c2209b552c8f61b_full.jpg"	"2026-09-05T21:27:34.469338+00:00"
"[U:1:414124730]"	"https://avatars.steamstatic.com/fab32d5d7261d73e15dc105bc704823f92b15c38_full.jpg"	"2026-09-05T21:27:34.469338+00:00"
"[U:1:108467396]"	"https://avatars.steamstatic.com/b9a3e83f71bd831a454821991bc40103bd1f9afa_full.jpg"	"2026-09-05T21:27:34.469338+00:00"
"[U:1:239734851]"	"https://avatars.steamstatic.com/e94ed0ce59d44757fdcbccb62b6f9a694e4d35d3_full.jpg"	"2026-09-05T21:27:34.469338+00:00"
"[U:1:1238484830]"	"https://avatars.steamstatic.com/79955318f6669675495cf854c3a88f8f36b493e6_full.jpg"	"2026-09-05T21:27:34.469338+00:00"
"[U:1:1869059380]"	"https://avatars.steamstatic.com/003a407713a3f379a8a6d59078e38749ecfd9fa5_full.jpg"	"2026-09-05T21:27:34.469338+00:00"
"[U:1:153802647]"	"https://avatars.steamstatic.com/f17de960550eca37422e9004f3b423dee5d88aaa_full.jpg"	"2026-09-05T21:27:34.469338+00:00"
"[U:1:480082340]"	"https://avatars.steamstatic.com/0e96fd1da4c91017a7c1de980d6361b139e6831d_full.jpg"	"2026-09-05T21:27:34.469338+00:00"
"[U:1:7205247]"	"https://avatars.steamstatic.com/4386e9abc1ec2003af12c9574c15a7f90decb255_full.jpg"	"2026-09-05T21:27:34.469338+00:00"
"[U:1:414994734]"	"https://avatars.steamstatic.com/843831fb66d301655cb89df0f45d64559d591fb6_full.jpg"	"2026-09-05T21:27:34.469338+00:00"
"[U:1:133254638]"	"https://avatars.steamstatic.com/360236e555049f204b12d3a8685a3b9b9764ebfe_full.jpg"	"2026-09-05T21:27:34.469338+00:00"
"[U:1:1189641964]"	"https://avatars.steamstatic.com/25a3af4eb3c483775a5ac68674abfc2af0df05e1_full.jpg"	"2026-09-05T21:27:34.469338+00:00"
"[U:1:2974110]"	"https://avatars.steamstatic.com/cc4b11d457163f757d33dfd7931b8507d4818d10_full.jpg"	"2026-09-05T21:27:34.469338+00:00"
"[U:1:21958871]"	"https://avatars.steamstatic.com/cc7e72bc5d3e9d6ff74814b0a21e5b5e0510737c_full.jpg"	"2026-09-05T21:27:34.469338+00:00"
"[U:1:1052902261]"	"https://avatars.steamstatic.com/62b40357c3cf2b9db0dcf975e75eb4718ba4127e_full.jpg"	"2026-09-05T21:27:34.469338+00:00"
"[U:1:1580559880]"	"https://avatars.steamstatic.com/cf48df6b3be3dc217d5179728d048e3c29425fb8_full.jpg"	"2026-09-05T21:27:34.469338+00:00"
"[U:1:197877779]"	"https://avatars.steamstatic.com/c24642cc2a0ea2f47ec8d88387b9d27112f3aacf_full.jpg"	"2026-09-05T21:27:34.469338+00:00"
"[U:1:118393342]"	"https://avatars.steamstatic.com/7cd8b6e08332de579e1988acf7475a14821afa88_full.jpg"	"2026-09-05T21:27:34.469338+00:00"
"[U:1:1272896439]"	"https://avatars.steamstatic.com/29fb67d6245e71476287ca556956a3c5c71417e0_full.jpg"	"2026-09-05T21:27:34.469338+00:00"
"[U:1:207753991]"	"https://avatars.steamstatic.com/20182feac9a77e87d22553b43701f0348e718e6e_full.jpg"	"2026-09-05T21:27:34.469338+00:00"
"[U:1:1760467187]"	"https://avatars.steamstatic.com/31aa408c58bb0c50752d8605f53da612500aca2c_full.jpg"	"2026-09-05T21:27:34.469338+00:00"
"[U:1:1004084348]"	"https://avatars.steamstatic.com/62557c65ac89f243f75fea9a69e308a33e811ec6_full.jpg"	"2026-09-05T21:27:34.469338+00:00"
"[U:1:1850471400]"	"https://avatars.steamstatic.com/4f49bdcbf613455277318e0d8cf8a91afdd927cd_full.jpg"	"2026-09-05T21:27:34.469338+00:00"
"[U:1:258447315]"	"https://avatars.steamstatic.com/bd3d10b783c83618e5953685e7539496e76987e1_full.jpg"	"2026-09-05T21:27:34.469338+00:00"
"[U:1:1419127440]"	"https://avatars.steamstatic.com/fef49e7fa7e1997310d705b2a6158ff8dc1cdfeb_full.jpg"	"2026-09-05T21:27:34.469338+00:00"
"[U:1:135715326]"	"https://avatars.steamstatic.com/d88e74df8a1f3dda9c1d63f103c8e596c746e425_full.jpg"	"2026-09-05T21:27:34.469338+00:00"
"[U:1:14822898]"	"https://avatars.steamstatic.com/8f34ed2b520b58867dbd863e243709cda73fa048_full.jpg"	"2026-09-05T21:27:34.469338+00:00"
"[U:1:1071279138]"	"https://avatars.steamstatic.com/bcf4fe8e88fc6f1a4f5e3f9466be52446ae66716_full.jpg"	"2026-09-05T21:27:34.469338+00:00"
"[U:1:121740487]"	"https://avatars.steamstatic.com/4818e77751c53c4fc5190a18b939ad25ce14308c_full.jpg"	"2026-09-05T21:27:34.469338+00:00"
"[U:1:183516136]"	"https://avatars.steamstatic.com/428938da6c96454d332240f3da4761aaf934973a_full.jpg"	"2026-09-05T21:27:34.469338+00:00"
"[U:1:181105440]"	"https://avatars.steamstatic.com/f1c9bc65b8cd5eaf8fb0f1d5a6de2c31e0f96797_full.jpg"	"2026-09-05T21:27:34.469338+00:00"
"[U:1:56865058]"	"https://avatars.steamstatic.com/1da4aeb108587aeba3f4abd655ae09dde82d5c1f_full.jpg"	"2026-09-05T21:27:34.469338+00:00"
"[U:1:1112185778]"	"https://avatars.steamstatic.com/186a5464cf855c4ac618a54f4ee70e5f98f518e6_full.jpg"	"2026-09-05T21:27:34.469338+00:00"
"[U:1:57008090]"	"https://avatars.steamstatic.com/5a7439cf3ee19a8daf9410e4e75d8eea15ca90b4_full.jpg"	"2026-09-05T21:27:34.469338+00:00"
"[U:1:99970100]"	"https://avatars.steamstatic.com/09c1b6bb93fe634884734c8aa13ed74597e02124_full.jpg"	"2026-09-05T21:27:34.469338+00:00"
"[U:1:130698988]"	"https://avatars.steamstatic.com/a8091fa7e1c73cf1289ef49f74e105e0c0f5562f_full.jpg"	"2026-09-05T21:27:34.469338+00:00"
"[U:1:342452090]"	"https://avatars.steamstatic.com/692e13064ced100ca1689656de4d34b7769f5f00_full.jpg"	"2026-09-05T21:27:34.469338+00:00"
"[U:1:415013482]"	"https://avatars.steamstatic.com/bcfbbd6606203e70f352fe5a6e90b16829de23f8_full.jpg"	"2026-09-05T21:27:34.469338+00:00"
"[U:1:197138229]"	"https://avatars.steamstatic.com/cb7c1bf1c13bd5170459fcb13bb368cbd09ac3bc_full.jpg"	"2026-09-05T21:27:34.469338+00:00"
"[U:1:309062033]"	"https://avatars.steamstatic.com/d77fb9379f6978f2ee4aebbf5cd77e55050f270c_full.jpg"	"2026-09-05T21:27:34.469338+00:00"
"[U:1:92323770]"	"https://avatars.steamstatic.com/a89f280277db05751471277d860f4bf3f0d47601_full.jpg"	"2026-09-05T21:27:34.469338+00:00"
"[U:1:986133688]"	"https://avatars.steamstatic.com/a64e32a30325cd5e327de9186fe3242dc2ef1dc7_full.jpg"	"2026-09-05T21:27:34.469338+00:00"
"[U:1:923271114]"	"https://avatars.steamstatic.com/431f16360de038431dd8a7d68d23e1fabf237ff3_full.jpg"	"2026-09-05T21:27:34.469338+00:00"
"[U:1:197905441]"	"https://avatars.steamstatic.com/b83731b02c04e4967b6881a643010874b1d3c5c9_full.jpg"	"2026-09-05T21:27:34.469338+00:00"
"[U:1:242610449]"	"https://avatars.steamstatic.com/2fc4b7f7495d0e341c6b8d394f9d76c41e629292_full.jpg"	"2026-09-05T21:27:34.469338+00:00"
"[U:1:1099170524]"	"https://avatars.steamstatic.com/f11355b89e4f8f43866bf021f83bb768e918c06f_full.jpg"	"2026-09-05T21:27:34.469338+00:00"
"[U:1:213193226]"	"https://avatars.steamstatic.com/4013fc1dc74fb65706149f2e71e380655af66570_full.jpg"	"2026-09-05T21:27:34.469338+00:00"
"[U:1:29806026]"	"https://avatars.steamstatic.com/c5e66f5b06ebf1ae4469887c50581dd9c25c4c36_full.jpg"	"2026-09-05T21:27:34.469338+00:00"
"[U:1:56963001]"	"https://avatars.steamstatic.com/a6073a15c563646efa5599dd1a708d63ab3daf3f_full.jpg"	"2026-09-05T21:27:34.469338+00:00"
"[U:1:189900228]"	"https://avatars.steamstatic.com/99b30e8c6d9823756ab9bd3ce5562b9e1049b1a1_full.jpg"	"2026-09-05T21:27:34.469338+00:00"
"[U:1:1899908510]"	"https://avatars.steamstatic.com/dccc8f299d2ba49ea9bff2cf79f19378f3c58e39_full.jpg"	"2026-09-05T21:27:34.469338+00:00"
"[U:1:1263339181]"	"https://avatars.steamstatic.com/c19db9ec27f853c47ed6436f20ecf643bf7b0367_full.jpg"	"2026-09-05T21:27:34.469338+00:00"
"[U:1:162710439]"	"https://avatars.steamstatic.com/d6adba39f13b253290599f48281560e4e1e2b3dd_full.jpg"	"2026-09-05T21:27:34.469338+00:00"
"[U:1:275752066]"	"https://avatars.steamstatic.com/6144f18c7366a587af45537bcaebd11475bc43aa_full.jpg"	"2026-09-05T21:27:34.469338+00:00"
"[U:1:924331210]"	"https://avatars.steamstatic.com/adffbc1e225321eb9ae41d606df13b17c96e7835_full.jpg"	"2026-09-05T21:27:34.469338+00:00"
"[U:1:160118280]"	"https://avatars.steamstatic.com/22b7faf57a41392ec107b432d4cac05e648fdd37_full.jpg"	"2026-09-05T21:27:34.469338+00:00"
"[U:1:415452967]"	"https://avatars.steamstatic.com/5b8825b34c5d77b00c3a18897f2f1175fa0e0e57_full.jpg"	"2026-09-05T21:27:34.469338+00:00"
"[U:1:1611421595]"	"https://avatars.steamstatic.com/b2c0f6ee35e24dd0c577dfc3d873ea005e0da8c2_full.jpg"	"2026-09-05T21:27:34.469338+00:00"
"[U:1:148265241]"	"https://avatars.steamstatic.com/8edd549648cef72ab0eb367673227754f173e0e3_full.jpg"	"2026-09-05T21:27:34.469338+00:00"
"[U:1:185044984]"	"https://avatars.steamstatic.com/50216728ac5cd36055a696bed0827f33dcc02cb3_full.jpg"	"2026-09-05T21:27:34.469338+00:00"
"[U:1:105155306]"	"https://avatars.steamstatic.com/15ab01a4172501ce59bdf6b16cb68c8d72cf6e1c_full.jpg"	"2026-09-05T21:27:34.469338+00:00"
"[U:1:785209750]"	"https://avatars.steamstatic.com/6fe87ccfafa216da7a3f7a7b126edd472b5b3623_full.jpg"	"2026-09-05T21:27:34.469338+00:00"
"[U:1:237098861]"	"https://avatars.steamstatic.com/cbc0425ed12b50d36b6faa8367a209f22ec30508_full.jpg"	"2026-09-05T21:27:34.469338+00:00"
"[U:1:1611579151]"	"https://avatars.steamstatic.com/c575d9a6c650543cab38ecaf77f5f8772b3cf1be_full.jpg"	"2026-09-05T21:27:34.469338+00:00"
"[U:1:172282666]"	"https://avatars.steamstatic.com/eb781fb195219245ba9c93dceadce8485febe887_full.jpg"	"2026-09-05T21:27:34.469338+00:00"
"[U:1:77118827]"	"https://avatars.steamstatic.com/fcd8531bb25d45ab5e34dcb23a598d371a952e21_full.jpg"	"2026-09-05T21:27:34.469338+00:00"
"[U:1:37010796]"	"https://avatars.steamstatic.com/2e96aa2e3718a68b74c8cb7855b61dd9f308728b_full.jpg"	"2026-09-05T21:27:34.469338+00:00"
"[U:1:1101542777]"	"https://avatars.steamstatic.com/bd5ea8fd91afffef3f980379dfc5178e6583c16b_full.jpg"	"2026-09-05T21:27:34.469338+00:00"
"[U:1:1794202424]"	"https://avatars.steamstatic.com/4d79f34b2a95aa749f6f29f029000277842e656c_full.jpg"	"2026-09-05T21:27:34.469338+00:00"
"[U:1:926649655]"	"https://avatars.steamstatic.com/9b93b78f9c574e905e39dbb4f5af0b049f0dfcef_full.jpg"	"2026-09-05T21:27:34.469338+00:00"
"[U:1:133251398]"	"https://avatars.steamstatic.com/4f19063474b38991ae8431047d711222b879e2e2_full.jpg"	"2026-09-05T21:27:34.469338+00:00"
"[U:1:1230526456]"	"https://avatars.steamstatic.com/1b6f0d513d9db5c4be030df85ac9d8c4737232bf_full.jpg"	"2026-09-05T21:27:34.469338+00:00"
"[U:1:1284840346]"	"https://avatars.steamstatic.com/06d72070361d97847bf1e6f17cad22a948d52684_full.jpg"	"2026-09-05T21:27:34.469338+00:00"
"[U:1:1623788877]"	"https://avatars.steamstatic.com/ea0b4b966ba789b27b74b76168d67467340415b0_full.jpg"	"2026-09-05T21:27:34.469338+00:00"
"[U:1:1602689422]"	"https://avatars.steamstatic.com/e7fee61106c29a61f5e904bc6f97e43932d0be6b_full.jpg"	"2026-09-05T21:27:34.469338+00:00"
"[U:1:1273121757]"	"https://avatars.steamstatic.com/ab13353940176f6842b8aa5bdbd0f6b2f0d91e32_full.jpg"	"2026-09-05T21:27:34.469338+00:00"
"[U:1:1046127266]"	"https://avatars.steamstatic.com/11e8773bafbf69c7c983a084b055bd0dc0379702_full.jpg"	"2026-09-05T21:27:34.469338+00:00"
"[U:1:47990862]"	"https://avatars.steamstatic.com/64176b6fa6a22b55bc2eeb5bf6c2df82d755f749_full.jpg"	"2026-09-05T21:27:34.469338+00:00"
"[U:1:138504285]"	"https://avatars.steamstatic.com/72fa570681046047e6602e82adc9d08706bd1bc8_full.jpg"	"2026-09-05T21:27:34.469338+00:00"
"[U:1:1263293346]"	"https://avatars.steamstatic.com/8707319fd87ef78f9c3166d44d5a928d72230415_full.jpg"	"2026-09-05T21:27:34.469338+00:00"
"[U:1:417013982]"	"https://avatars.steamstatic.com/f1611d4cfc58ccfc493822f66231ebd3da276c42_full.jpg"	"2026-09-05T21:27:34.469338+00:00"
"[U:1:848354133]"	"https://avatars.steamstatic.com/90a3a994c269d0d419fbdce82dc6cda322c711d8_full.jpg"	"2026-09-05T21:27:34.469338+00:00"
"[U:1:417930868]"	"https://avatars.steamstatic.com/c5c038ed1bb962cad1d0e019d9d1bda8cf3b43d6_full.jpg"	"2026-09-05T21:27:34.469338+00:00"
"[U:1:770539048]"	"https://avatars.steamstatic.com/60a440af2abede123de577ec9272fc1a0951f33c_full.jpg"	"2026-09-05T21:27:34.469338+00:00"
"[U:1:100031079]"	"https://avatars.steamstatic.com/71eb10a8802e81c913d1f3eb2a66b1f73e5ec728_full.jpg"	"2026-09-05T21:27:34.469338+00:00"
"[U:1:1325536309]"	"https://avatars.steamstatic.com/a172e94c6c088bc7f1690ae88f230ddf6ef1c26c_full.jpg"	"2026-09-05T21:27:34.469338+00:00"
"[U:1:167973087]"	"https://avatars.steamstatic.com/07ca17ca31b573ed58ce3d6bea08e6b1e8a69d32_full.jpg"	"2026-09-05T21:27:34.469338+00:00"
"[U:1:63825333]"	"https://avatars.steamstatic.com/c72fd66d8bd545232dfe7d103e2c67c94d4940e5_full.jpg"	"2026-09-05T21:27:34.469338+00:00"
"[U:1:1202316459]"	"https://avatars.steamstatic.com/6796cf53d1b12f7e70b34f2d02f69a41e1de3d81_full.jpg"	"2026-09-05T21:27:34.469338+00:00"
"[U:1:275582706]"	"https://avatars.steamstatic.com/8c00f7e5570a17d9d164fba619993e84bc737564_full.jpg"	"2026-09-05T21:27:34.469338+00:00"
"[U:1:1548917846]"	"https://avatars.steamstatic.com/fef49e7fa7e1997310d705b2a6158ff8dc1cdfeb_full.jpg"	"2026-09-05T21:27:34.469338+00:00"
"[U:1:418523784]"	"https://avatars.steamstatic.com/da04d343289b7118ef7df273cb219eb2475a9c94_full.jpg"	"2026-09-05T21:27:34.469338+00:00"
"[U:1:1332120540]"	"https://avatars.steamstatic.com/176ea53feb42ea5c7358e50a818f2f4d942f3448_full.jpg"	"2026-09-05T21:27:34.469338+00:00"
"[U:1:360987612]"	"https://avatars.steamstatic.com/dd94a69d12256590be6cea5259207dd743d376ba_full.jpg"	"2026-09-05T21:27:34.469338+00:00"
"[U:1:1568863311]"	"https://avatars.steamstatic.com/65e94e24cfb9fe652c07950156d0490d9156dac2_full.jpg"	"2026-09-05T21:27:34.469338+00:00"
"[U:1:1613658112]"	"https://avatars.steamstatic.com/ec83efac2ebe3f974ac8bfe175fb4ea0c206b849_full.jpg"	"2026-09-05T21:27:34.469338+00:00"
"[U:1:311418077]"	"https://avatars.steamstatic.com/f11264821c63d687077334363f02585ac50d5a31_full.jpg"	"2026-09-05T21:27:34.469338+00:00"
"[U:1:109468015]"	"https://avatars.steamstatic.com/d60225402a46e46f1aa78c9aba9751c3bd3b1f26_full.jpg"	"2026-09-05T21:27:34.469338+00:00"
"[U:1:1263165485]"	"https://avatars.steamstatic.com/2e92ebeddc1d4a7a476a525e61c6ac6586fb38cd_full.jpg"	"2026-09-05T21:27:34.469338+00:00"
"[U:1:1761718532]"	"https://avatars.steamstatic.com/e78bdeb80921ada2bb570d5eb2d4ba8b82ff1675_full.jpg"	"2026-09-05T21:27:34.469338+00:00"
"[U:1:370141505]"	"https://avatars.steamstatic.com/20a5e33766172b0739afcd4f04c99544c9ffcb6d_full.jpg"	"2026-09-05T21:27:34.469338+00:00"
"[U:1:162358841]"	"https://avatars.steamstatic.com/eee516b7c3d43b948efa027dc9d1fbff24696cd1_full.jpg"	"2026-09-05T21:27:34.469338+00:00"
"[U:1:1809997465]"	"https://avatars.steamstatic.com/1b41fa11db9d1292dc63b1ce2ef2e4ed12db99fb_full.jpg"	"2026-09-05T21:27:34.469338+00:00"
"[U:1:27520505]"	"https://avatars.steamstatic.com/827c9197f6a38fa0798ea107b421692e0352a862_full.jpg"	"2026-09-05T21:27:34.469338+00:00"
"[U:1:305323781]"	"https://avatars.steamstatic.com/46512aec2e75eb36bfe651e91b8caf0c324247ed_full.jpg"	"2026-09-05T21:27:34.469338+00:00"
"[U:1:1569831090]"	"https://avatars.steamstatic.com/b718a3a613cbdfec1206b050f2ed6bc34542d803_full.jpg"	"2026-09-05T21:27:34.469338+00:00"
"[U:1:1033808435]"	"https://avatars.steamstatic.com/08268764be2bb8cb050ed15e9aceff7094c27084_full.jpg"	"2026-09-05T21:27:34.469338+00:00"
"[U:1:115917858]"	"https://avatars.steamstatic.com/6e29b815e065a41c3a9dbdeca70f2105f04f2878_full.jpg"	"2026-09-05T21:27:34.469338+00:00"
"[U:1:1166534196]"	"https://avatars.steamstatic.com/c4419cc2b020b62034dac608fb1c66ee4a424081_full.jpg"	"2026-09-05T21:27:34.469338+00:00"
"[U:1:1708675511]"	"https://avatars.steamstatic.com/22f8e59698ba319f66b551a87dba91cfd321a5c6_full.jpg"	"2026-09-05T21:27:34.469338+00:00"
"[U:1:170406162]"	"https://avatars.steamstatic.com/260ef0e57e58527bdcea072112b0b7ba68072a9b_full.jpg"	"2026-09-05T21:27:34.469338+00:00"
"[U:1:314281911]"	"https://avatars.steamstatic.com/99361e2a0b897e2ccc7c596728be90a85156ba88_full.jpg"	"2026-09-05T21:27:34.469338+00:00"
"[U:1:1085677859]"	"https://avatars.steamstatic.com/9d65616c2ae6f9bc666fb136f2bd01d5a8b6b746_full.jpg"	"2026-09-05T21:27:34.469338+00:00"
"[U:1:841225975]"	"https://avatars.steamstatic.com/59675e8d2862cd64f882fa35e923fbfc149998f3_full.jpg"	"2026-09-05T21:27:34.469338+00:00"
"[U:1:370218451]"	"https://avatars.steamstatic.com/a3fc7bb7848948a98800e1d18fc755f01a59f572_full.jpg"	"2026-09-05T21:27:34.469338+00:00"
"[U:1:198749248]"	"https://avatars.steamstatic.com/b210eefbf5adfb862eaa025f8e1b97fc20db8b3b_full.jpg"	"2026-09-05T21:27:34.469338+00:00"
"[U:1:72085244]"	"https://avatars.steamstatic.com/ca8dde94bd6153b383f75273f43cff45e455b597_full.jpg"	"2026-09-05T21:27:34.469338+00:00"
"[U:1:417607620]"	"https://avatars.steamstatic.com/ff4b4f16d8f420e843607d3d5d1b7fe1aca31206_full.jpg"	"2026-09-05T21:27:34.469338+00:00"
"[U:1:1579110412]"	"https://avatars.steamstatic.com/5fdd78dcc2edbda2dc721621d52cde9c2d2b6ecb_full.jpg"	"2026-09-05T21:27:34.469338+00:00"
"[U:1:1081085712]"	"https://avatars.steamstatic.com/ea3d931c5092c2ec26ce22e8e4c923eb611f30c0_full.jpg"	"2026-09-05T21:27:34.469338+00:00"
"[U:1:1072625803]"	"https://avatars.steamstatic.com/a6ece2cbe0375eb511fabaf08d08a2e228c8ee7b_full.jpg"	"2026-09-05T21:27:34.469338+00:00"
"[U:1:832347236]"	"https://avatars.steamstatic.com/d8e02ce0c88f3a7f6ff93cc5d50f4d0252d15e26_full.jpg"	"2026-09-05T21:27:34.469338+00:00"
"[U:1:1681467301]"	"https://avatars.steamstatic.com/809409dcbaaf3b5daeefe869250ae99982fb3cdf_full.jpg"	"2026-09-05T21:27:34.469338+00:00"
"[U:1:63892747]"	"https://avatars.steamstatic.com/b7d03f191ba2bab084e79e7d01fa1eef6b17b33a_full.jpg"	"2026-09-05T21:27:34.469338+00:00"
"[U:1:1708738545]"	"https://avatars.steamstatic.com/59586475a071cca76c011e725618bc1414b73404_full.jpg"	"2026-09-05T21:27:34.469338+00:00"
"[U:1:63826520]"	"https://avatars.steamstatic.com/ad290b045db7d7ade08c686552ce29dd65759199_full.jpg"	"2026-09-05T21:27:34.469338+00:00"
"[U:1:107505218]"	"https://avatars.steamstatic.com/1eac046f7e03eba38d5682060ce42616cd410d05_full.jpg"	"2026-09-05T21:27:34.469338+00:00"
"[U:1:343924164]"	"https://avatars.steamstatic.com/62bcfd8dbd0de21466070bd9a1336ee89b61d655_full.jpg"	"2026-09-05T21:27:34.469338+00:00"
"[U:1:458159512]"	"https://avatars.steamstatic.com/5d47b3b0a99ec3cb1b4cc2df29e52ba1699fac64_full.jpg"	"2026-09-05T21:27:34.469338+00:00"
"[U:1:59367372]"	"https://avatars.steamstatic.com/ce79f5eb95a5d8d53f0a2517fb7f719fa8a02fe3_full.jpg"	"2026-09-05T21:27:34.469338+00:00"
"[U:1:72266849]"	"https://avatars.steamstatic.com/4f20394402b64167ca9d39f9d5f53e9cbde21003_full.jpg"	"2026-09-05T21:27:34.469338+00:00"
"[U:1:1506112352]"	"https://avatars.steamstatic.com/fef49e7fa7e1997310d705b2a6158ff8dc1cdfeb_full.jpg"	"2026-09-05T21:27:34.469338+00:00"
"[U:1:476986579]"	"https://avatars.steamstatic.com/48a612887a2dd09f31fc490b7b0c990f5ba9a701_full.jpg"	"2026-09-05T21:27:34.469338+00:00"
"[U:1:13172342]"	"https://avatars.steamstatic.com/b6533ad96fa555fd5f6ef0f878db11893966a54d_full.jpg"	"2026-09-05T21:27:34.469338+00:00"
"[U:1:832649564]"	"https://avatars.steamstatic.com/fef49e7fa7e1997310d705b2a6158ff8dc1cdfeb_full.jpg"	"2026-09-05T21:27:34.469338+00:00"
"[U:1:30455705]"	"https://avatars.steamstatic.com/f398f7c59bd680b33dd7cdce8cd92cf780e3b363_full.jpg"	"2026-09-05T21:27:34.469338+00:00"
"[U:1:1301503815]"	"https://avatars.steamstatic.com/cd742b71775af0dbaf87b09934da3c3175f13df5_full.jpg"	"2026-09-05T21:27:34.469338+00:00"
"[U:1:1887892482]"	"https://avatars.steamstatic.com/d48607ad25733b13bb2e6337aa4d82246b224af4_full.jpg"	"2026-09-05T21:27:34.469338+00:00"
"[U:1:1216035179]"	"https://avatars.steamstatic.com/d91f0076fe628d09d52d844b636d8e8e08347011_full.jpg"	"2026-09-05T21:27:34.469338+00:00"
"[U:1:1437037754]"	"https://avatars.steamstatic.com/1919b32d0bbb20c88892ad7cf2a8fa979827ed2f_full.jpg"	"2026-09-05T21:27:34.469338+00:00"
"[U:1:793591305]"	"https://avatars.steamstatic.com/bab408dde164464f188ccc0ebf571d76a2291ff8_full.jpg"	"2026-09-05T21:27:34.469338+00:00"
"[U:1:343915213]"	"https://avatars.steamstatic.com/6198dbd290d1b919c6be3e9c2b6c4d51f20b0dd6_full.jpg"	"2026-09-05T21:27:34.469338+00:00"
"[U:1:1154797995]"	"https://avatars.steamstatic.com/b1fa6af6f62faddf86a36c19b321f7547a847983_full.jpg"	"2026-09-05T21:27:34.469338+00:00"
"[U:1:242457760]"	"https://avatars.steamstatic.com/5712c232dc7f368a8f48d0ad36771bfa9a5748cf_full.jpg"	"2026-09-05T21:27:34.469338+00:00"
"[U:1:1003992910]"	"https://avatars.steamstatic.com/1660208a94ec621c7e8a3a35b60e9a76bd31908b_full.jpg"	"2026-09-05T21:27:34.469338+00:00"
"[U:1:157905603]"	"https://avatars.steamstatic.com/59dd35728a0f3505e539814b43cbc240edb697b2_full.jpg"	"2026-09-05T21:27:34.469338+00:00"
"[U:1:1890113215]"	"https://avatars.steamstatic.com/9db4379c2531f5accd95570c7ac358f7169393dc_full.jpg"	"2026-09-05T21:27:34.469338+00:00"
"[U:1:1870725998]"	"https://avatars.steamstatic.com/1349af87f2fb6bc6a720e0e60e3088e48790ceac_full.jpg"	"2026-09-05T21:27:34.469338+00:00"
"[U:1:101164066]"	"https://avatars.steamstatic.com/c5da13940a3d4a9e6b84a5d7dc8527e57dcfe942_full.jpg"	"2026-09-05T21:27:34.469338+00:00"
"[U:1:1129467060]"	"https://avatars.steamstatic.com/5478c09f1db787240c935c32f7dc215a2b622231_full.jpg"	"2026-09-05T21:27:34.469338+00:00"
"[U:1:157148731]"	"https://avatars.steamstatic.com/17dd0b03f1e1890d7473a6c055e0b9264d433cf0_full.jpg"	"2026-09-05T21:27:34.469338+00:00"
"[U:1:1085693657]"	"https://avatars.steamstatic.com/751557f4af299e4b4bf4d263a26365532118e906_full.jpg"	"2026-09-05T21:27:34.469338+00:00"
"[U:1:860970473]"	"https://avatars.steamstatic.com/2d98c0629620e687c100c611934529ebe6136c30_full.jpg"	"2026-09-05T21:27:34.469338+00:00"
"[U:1:116643378]"	"https://avatars.steamstatic.com/5fd55e8aec52101cb0257fbcb2440560ded0e159_full.jpg"	"2026-09-05T21:27:34.469338+00:00"
"[U:1:92695663]"	"https://avatars.steamstatic.com/a41301d4b9e1d39dda8f88f1c057b74f846482c7_full.jpg"	"2026-09-05T21:27:34.469338+00:00"
"[U:1:1062684256]"	"https://avatars.steamstatic.com/e1cf42e73f5c5eb24eb42074a2d2ea9eb0fd2f06_full.jpg"	"2026-09-05T21:27:34.469338+00:00"
"[U:1:832936420]"	"https://avatars.steamstatic.com/fd1f0eb0fa19768651ac92c6bf827c0eea31a5b0_full.jpg"	"2026-09-05T21:27:34.469338+00:00"
"[U:1:1571365532]"	"https://avatars.steamstatic.com/a2997b20af105acdc432cb91856903792b705157_full.jpg"	"2026-09-05T21:27:34.469338+00:00"
"[U:1:926215985]"	"https://avatars.steamstatic.com/c9dbef408e1ec91da821aa9d9ceb0eed24c89909_full.jpg"	"2026-09-05T21:27:34.469338+00:00"
"[U:1:101632370]"	"https://avatars.steamstatic.com/8667483a12fe4cf07c2338f20ca2e49847725069_full.jpg"	"2026-09-05T21:27:34.469338+00:00"
"[U:1:187227018]"	"https://avatars.steamstatic.com/079197baceb8b4ff330956c602e3d530c70cd586_full.jpg"	"2026-09-05T21:27:34.469338+00:00"
"[U:1:845932385]"	"https://avatars.steamstatic.com/c110fd9fdea2504d7c3009b49b6719297663f08d_full.jpg"	"2026-09-05T21:27:34.469338+00:00"
"[U:1:210837655]"	"https://avatars.steamstatic.com/c557f5a5ec943187fdad7e729eafe2f021f13db0_full.jpg"	"2026-09-05T21:27:34.469338+00:00"
"[U:1:1023573062]"	"https://avatars.steamstatic.com/411a00b092ec688714df7282c78e3006218dba77_full.jpg"	"2026-09-05T21:27:34.469338+00:00"
"[U:1:1887344883]"	"https://avatars.steamstatic.com/99f50e0547534958a395d366c75ba4863e2c8be1_full.jpg"	"2026-09-05T21:27:34.469338+00:00"
"[U:1:420888748]"	"https://avatars.steamstatic.com/5bc9b7bad93e4e3f6ec5353fd8270bf70994d623_full.jpg"	"2026-09-05T21:27:34.469338+00:00"
"[U:1:360681858]"	"https://avatars.steamstatic.com/dcb43e1b667dd354d87fd1e8889bd5015292fe23_full.jpg"	"2026-09-05T21:27:34.469338+00:00"
"[U:1:1150503906]"	"https://avatars.steamstatic.com/bbb1a6f4088dfbc45d68ef467c5826429bd0700d_full.jpg"	"2026-09-05T21:27:34.469338+00:00"
"[U:1:70803429]"	"https://avatars.steamstatic.com/83ebe8a4fdd431bbba4ae81296f3a2482cb09706_full.jpg"	"2026-09-05T21:27:34.469338+00:00"
"[U:1:199137980]"	"https://avatars.steamstatic.com/c5867b7816d9f8ac799c30758c3020db88f098d5_full.jpg"	"2026-09-05T21:27:34.469338+00:00"
"[U:1:93083384]"	"https://avatars.steamstatic.com/995feb4ce46135da0b551c8dc4f5037b553e7eb7_full.jpg"	"2026-09-05T21:27:34.469338+00:00"
"[U:1:1578398242]"	"https://avatars.steamstatic.com/e5f5d1a7c141590ef873b20e2f26fea5c4797d78_full.jpg"	"2026-09-05T21:27:34.469338+00:00"
"[U:1:299416587]"	"https://avatars.steamstatic.com/c07852dcd051138d63ca75571949edb5a5e66a6b_full.jpg"	"2026-09-05T21:27:34.469338+00:00"
"[U:1:86005845]"	"https://avatars.steamstatic.com/88359d848c6d9c7467863e18fbbe247d1c93444c_full.jpg"	"2026-09-05T21:27:34.469338+00:00"
"[U:1:183770868]"	"https://avatars.steamstatic.com/38568fc634c42cee1544dcf91e6e00dfd5b7b79c_full.jpg"	"2026-09-05T21:27:34.469338+00:00"
"[U:1:168218547]"	"https://avatars.steamstatic.com/d8e3fd46f3388d63c88d542509f5b7efdac12bb1_full.jpg"	"2026-09-05T21:27:34.469338+00:00"
"[U:1:308396222]"	"https://avatars.steamstatic.com/e5d3b93b6ff86f073879c14bca7b942747e7b4c9_full.jpg"	"2026-09-05T21:27:34.469338+00:00"
"[U:1:1577806851]"	"https://avatars.steamstatic.com/4e0681994bfa5b0e8be3d679a880a37d71c1d598_full.jpg"	"2026-09-05T21:27:34.469338+00:00"
"[U:1:124484185]"	"https://avatars.steamstatic.com/fc122bfc018d0e508b241a6ef8f37756e37e863f_full.jpg"	"2026-09-05T21:27:34.469338+00:00"
"[U:1:1099151464]"	"https://avatars.steamstatic.com/f2a8f8b58f45131e73a12e0798030231661f6c72_full.jpg"	"2026-09-05T21:27:34.469338+00:00"
"[U:1:834106148]"	"https://avatars.steamstatic.com/834b8de859ff7bba90404136049bdd73aafd842f_full.jpg"	"2026-09-05T21:27:34.469338+00:00"
"[U:1:834568581]"	"https://avatars.steamstatic.com/a42ec579c51b19aa0c4f0b30a723656250f8308f_full.jpg"	"2026-09-05T21:27:34.469338+00:00"
"[U:1:273718572]"	"https://avatars.steamstatic.com/688effc28b6b6072525b85778accedef41ea2dcb_full.jpg"	"2026-09-05T21:27:34.469338+00:00"
"[U:1:63709946]"	"https://avatars.steamstatic.com/954ecdda746f4a4a74dce7fe898376135d1156ef_full.jpg"	"2026-09-05T21:27:34.469338+00:00"
"[U:1:345587277]"	"https://avatars.steamstatic.com/b41bb410709ad6f5af99eb7536e17cb8f27e7754_full.jpg"	"2026-09-05T21:27:34.469338+00:00"
"[U:1:1837995804]"	"https://avatars.steamstatic.com/b3318dea875e49d949752ff25e69474f40b9f4e0_full.jpg"	"2026-09-05T21:27:34.469338+00:00"
"[U:1:313991455]"	"https://avatars.steamstatic.com/6b852a8dd26e55581a62d5ce37c72557bcadc2e3_full.jpg"	"2026-09-05T21:27:34.469338+00:00"
"[U:1:1273290906]"	"https://avatars.steamstatic.com/94c8409d938ac58a16e3aec045099814ddb79fb3_full.jpg"	"2026-09-05T21:27:34.469338+00:00"
"[U:1:1769433970]"	"https://avatars.steamstatic.com/636251b2784fc9d83ae05f6553c79a629ad92227_full.jpg"	"2026-09-05T21:27:34.469338+00:00"
"[U:1:59507146]"	"https://avatars.steamstatic.com/90d4614b73227a549cd1ec23a56ea2b238c729ed_full.jpg"	"2026-09-05T21:27:34.469338+00:00"
"[U:1:467821030]"	"https://avatars.steamstatic.com/15f26c3f97688da45cd75d9104b4eb94785b010d_full.jpg"	"2026-09-05T21:27:34.469338+00:00"
"[U:1:1836856574]"	"https://avatars.steamstatic.com/360236e555049f204b12d3a8685a3b9b9764ebfe_full.jpg"	"2026-09-05T21:27:34.469338+00:00"
"[U:1:84178257]"	"https://avatars.steamstatic.com/79527e18c0b623f7412c9db687aa20c413fcd774_full.jpg"	"2026-09-05T21:27:34.469338+00:00"
"[U:1:1849195485]"	"https://avatars.steamstatic.com/fef49e7fa7e1997310d705b2a6158ff8dc1cdfeb_full.jpg"	"2026-09-05T21:27:34.469338+00:00"
"[U:1:1683635404]"	"https://avatars.steamstatic.com/ed8c730147d336c3dbfd12aefa29c6001bc0110b_full.jpg"	"2026-09-05T21:27:34.469338+00:00"
"[U:1:1484071395]"	"https://avatars.steamstatic.com/c293c28982636383df5d1a086ad95c20011158ac_full.jpg"	"2026-09-05T21:27:34.469338+00:00"
"[U:1:42174734]"	"https://avatars.steamstatic.com/1d10591c45aaeda1f17a812fa21e35c10c8c3bed_full.jpg"	"2026-09-05T21:27:34.469338+00:00"
"[U:1:707758280]"	"https://avatars.steamstatic.com/da91bd5e3bca94b2983a86130572f08edd690342_full.jpg"	"2026-09-05T21:27:34.469338+00:00"
"[U:1:25373259]"	"https://avatars.steamstatic.com/392a13cbc573cb8e498fc7a13160f88e87ae9c86_full.jpg"	"2026-09-05T21:27:34.469338+00:00"
"[U:1:13848646]"	"https://avatars.steamstatic.com/4ef5cc3e2689a4c51454b06f96970cb5569e6d4f_full.jpg"	"2026-09-05T21:27:34.469338+00:00"
"[U:1:35577438]"	"https://avatars.steamstatic.com/fef49e7fa7e1997310d705b2a6158ff8dc1cdfeb_full.jpg"	"2026-09-05T21:27:34.469338+00:00"
"[U:1:1117448472]"	"https://avatars.steamstatic.com/abd98cd5f106f4e310ebbd8314453da4c5e335c3_full.jpg"	"2026-09-05T21:27:34.469338+00:00"
"[U:1:1009675269]"	"https://avatars.steamstatic.com/08ded8ad415c7a3b2456d2f68706324a189d7283_full.jpg"	"2026-09-05T21:27:34.469338+00:00"
"[U:1:1124297264]"	"https://avatars.steamstatic.com/0fb352c98ce7af9621e81eaecc727ab1a29201b5_full.jpg"	"2026-09-05T21:27:34.469338+00:00"
"[U:1:100713]"	"https://avatars.steamstatic.com/9f6f46c807ac08dfe12badf77d32925a3485c1ff_full.jpg"	"2026-09-05T21:27:34.469338+00:00"
"[U:1:1890067278]"	"https://avatars.steamstatic.com/44bb9240672108ca509cc27d4454975cc6e23b2c_full.jpg"	"2026-09-05T21:27:34.469338+00:00"
"[U:1:420973561]"	"https://avatars.steamstatic.com/3f75b23b324cd54182f0bc5f414cc2b53f07aaa5_full.jpg"	"2026-09-05T21:27:34.469338+00:00"
"[U:1:50630460]"	"https://avatars.steamstatic.com/a216ab602e43ed163190309bc4e6e1048bd3e977_full.jpg"	"2026-09-05T21:27:34.469338+00:00"
"[U:1:1420142534]"	"https://avatars.steamstatic.com/7744a14dd3d9737d9c8522babbf709dbe3051549_full.jpg"	"2026-09-05T21:27:34.469338+00:00"
"[U:1:151584244]"	"https://avatars.steamstatic.com/e7f68c6534050558a9c096edcea92567edce0481_full.jpg"	"2026-09-05T21:27:34.469338+00:00"
"[U:1:841671433]"	"https://avatars.steamstatic.com/f05683efe885c54a15e152e8f7768875782b9c36_full.jpg"	"2026-09-05T21:27:34.469338+00:00"
"[U:1:199903813]"	"https://avatars.steamstatic.com/a3080c79862f773c165d075105713b6727b75cbd_full.jpg"	"2026-09-05T21:27:34.469338+00:00"
"[U:1:200020441]"	"https://avatars.steamstatic.com/0392a1f62c44f7a9d1a592f084bf46716198488f_full.jpg"	"2026-09-05T21:27:34.469338+00:00"
"[U:1:86012724]"	"https://avatars.steamstatic.com/4132ae92c09d2490e904a54c189ef8629c269fde_full.jpg"	"2026-09-05T21:27:34.469338+00:00"
"[U:1:127341741]"	"https://avatars.steamstatic.com/fcd2fa53b1d563749777919d438f91c0e3ca70b9_full.jpg"	"2026-09-05T21:27:34.469338+00:00"
"[U:1:214493653]"	"https://avatars.steamstatic.com/1f4a0e0ef2926e6a149bff61c49a10f8a543cca8_full.jpg"	"2026-09-05T21:27:34.469338+00:00"
"[U:1:1109356950]"	"https://avatars.steamstatic.com/c2a0973b75a63b03a5fc38c4d35db1930a1bb30a_full.jpg"	"2026-09-05T21:27:34.469338+00:00"
"[U:1:506866]"	"https://avatars.steamstatic.com/840e85057f277ef616889b8858d2c236c7e2e1d0_full.jpg"	"2026-09-05T21:27:34.469338+00:00"
"[U:1:739745190]"	"https://avatars.steamstatic.com/6a19da93d362e6d49f7eb888511d9f8397026732_full.jpg"	"2026-09-05T21:27:34.469338+00:00"
"[U:1:419477916]"	"https://avatars.steamstatic.com/854b1feb25b95c953b836fd95610097252885167_full.jpg"	"2026-09-05T21:27:34.469338+00:00"
"[U:1:1104441649]"	"https://avatars.steamstatic.com/415de1c4e7b58e929373a33df7646438f6cda245_full.jpg"	"2026-09-05T21:27:34.469338+00:00"
"[U:1:237545882]"	"https://avatars.steamstatic.com/37a33c14bdc276351f675f3e29438b4258814e16_full.jpg"	"2026-09-05T21:27:34.469338+00:00"
"[U:1:208511406]"	"https://avatars.steamstatic.com/623d8a342fef85a00a38c607fde8d5ef98d1a9ff_full.jpg"	"2026-09-05T21:27:34.469338+00:00"
"[U:1:99972060]"	"https://avatars.steamstatic.com/53b6349805763558615d6853f580c1f6380b6695_full.jpg"	"2026-09-05T21:27:34.469338+00:00"
"[U:1:273505632]"	"https://avatars.steamstatic.com/440fccb7c321034e3b1c89f299d73bc2c77a2910_full.jpg"	"2026-09-05T21:27:34.469338+00:00"
"[U:1:1578662866]"	"https://avatars.steamstatic.com/1fb517996d506891a457c5f38ca2009846c4de9f_full.jpg"	"2026-09-05T21:27:34.469338+00:00"
"[U:1:1523789866]"	"https://avatars.steamstatic.com/e2517f2a3d6644b6570536c20b38dd528e1835b7_full.jpg"	"2026-09-05T21:27:34.469338+00:00"
"[U:1:355864074]"	"https://avatars.steamstatic.com/987d04a4384ff0102c3bc7744d47620cbe201900_full.jpg"	"2026-09-05T21:27:34.469338+00:00"
"[U:1:313963414]"	"https://avatars.steamstatic.com/b4dfcaff0b4932f557f748c6be334ca260fffa71_full.jpg"	"2026-09-05T21:27:34.469338+00:00"
"[U:1:259739309]"	"https://avatars.steamstatic.com/a885dd5fc8241c4e7789db1bb7a34d6740890db6_full.jpg"	"2026-09-05T21:27:34.469338+00:00"
"[U:1:92996427]"	"https://avatars.steamstatic.com/ab784d9b427d701ebc187f952f87fa74b00f4bbc_full.jpg"	"2026-09-05T21:27:34.469338+00:00"
"[U:1:1131308520]"	"https://avatars.steamstatic.com/8bb9d49cda000b920baf942307329c5f76aa46ec_full.jpg"	"2026-09-05T21:27:34.469338+00:00"
"[U:1:859813042]"	"https://avatars.steamstatic.com/ef062d7e26161704d012a64dc341f6d0dcce01b2_full.jpg"	"2026-09-05T21:27:34.469338+00:00"
"[U:1:422000656]"	"https://avatars.steamstatic.com/e918a5ed532f02d28da888c3d110f10fdfd86f44_full.jpg"	"2026-09-05T21:27:34.469338+00:00"
"[U:1:299763824]"	"https://avatars.steamstatic.com/fef49e7fa7e1997310d705b2a6158ff8dc1cdfeb_full.jpg"	"2026-09-05T21:27:34.469338+00:00"
"[U:1:50600749]"	"https://avatars.steamstatic.com/682ce186e3b5a7c4157ddd4dba693ec06f42613d_full.jpg"	"2026-09-05T21:27:34.469338+00:00"
"[U:1:1296482716]"	"https://avatars.steamstatic.com/08a54f03f049f90efdf62d646f8120378ef5e3d8_full.jpg"	"2026-09-05T21:27:34.469338+00:00"
"[U:1:344857559]"	"https://avatars.steamstatic.com/b50285eb2e9f682a6b843ff59d5c8667347d8949_full.jpg"	"2026-09-05T21:27:34.469338+00:00"
"[U:1:1569056495]"	"https://avatars.steamstatic.com/fef49e7fa7e1997310d705b2a6158ff8dc1cdfeb_full.jpg"	"2026-09-05T21:27:34.469338+00:00"
"[U:1:1523597447]"	"https://avatars.steamstatic.com/f10a050c8bcee9ec9edaea57bd34cf6b55894c03_full.jpg"	"2026-09-05T21:27:34.469338+00:00"
"[U:1:93247894]"	"https://avatars.steamstatic.com/d52ef76d5024aa98a4a7fa2cf5f3d6db3525cc5c_full.jpg"	"2026-09-05T21:27:34.469338+00:00"
"[U:1:1202997815]"	"https://avatars.steamstatic.com/221e00924f4796bcb57d709addf4732b6191a73d_full.jpg"	"2026-09-05T21:27:34.469338+00:00"
"[U:1:153875717]"	"https://avatars.steamstatic.com/ee06ea91debc56e89418069942d2eca13900f2df_full.jpg"	"2026-09-05T21:27:34.469338+00:00"
"[U:1:1153126682]"	"https://avatars.steamstatic.com/d8bf67d045d602fd79875f54c7c880377e0c22de_full.jpg"	"2026-09-05T21:27:34.469338+00:00"
"[U:1:74041711]"	"https://avatars.steamstatic.com/d0895f7852286987bf461ea402f751ebc88e30d1_full.jpg"	"2026-09-05T21:27:34.469338+00:00"
"[U:1:1092933469]"	"https://avatars.steamstatic.com/22e090c25a72aeb5be26d4d040cfe7777716b88f_full.jpg"	"2026-09-05T21:27:34.469338+00:00"
"[U:1:85939035]"	"https://avatars.steamstatic.com/679b38a614f9683398596248d826a5204ba81ad2_full.jpg"	"2026-09-05T21:27:34.469338+00:00"
"[U:1:93338937]"	"https://avatars.steamstatic.com/b5b3ac6fc1ee996130d64f0120b4cf14a96078f0_full.jpg"	"2026-09-05T21:27:34.469338+00:00"
"[U:1:273958476]"	"https://avatars.steamstatic.com/023a3a065d6c6cdd7bd8b4c4e75ad0e184ef457d_full.jpg"	"2026-09-05T21:27:34.469338+00:00"
"[U:1:34606991]"	"https://avatars.steamstatic.com/9950ae9cd07c6ee95d2826573a5f7ddef738a1e8_full.jpg"	"2026-09-05T21:27:34.469338+00:00"
"[U:1:419926529]"	"https://avatars.steamstatic.com/d8812040780065b3b39180b3091ee46d1a58d266_full.jpg"	"2026-09-05T21:27:34.469338+00:00"
"[U:1:314050401]"	"https://avatars.steamstatic.com/3700adde8e1054a2595620563c7fb369f352f973_full.jpg"	"2026-09-05T21:27:34.469338+00:00"
"[U:1:93293816]"	"https://avatars.steamstatic.com/9fa5f109a7ae3611b68f8ecfb382962a3f90c10e_full.jpg"	"2026-09-05T21:27:34.469338+00:00"
"[U:1:1255783943]"	"https://avatars.steamstatic.com/1319e7148249105b6705e8118fe3116731716292_full.jpg"	"2026-09-05T21:27:34.469338+00:00"
"[U:1:1681660440]"	"https://avatars.steamstatic.com/e4a18b7e6821854a022bd8fb4450d7f90c160fa8_full.jpg"	"2026-09-05T21:27:34.469338+00:00"
"[U:1:443999453]"	"https://avatars.steamstatic.com/edcff94c25ba6155a7accc8aedf1da3061677dd2_full.jpg"	"2026-09-05T21:27:34.469338+00:00"
"[U:1:1872022521]"	"https://avatars.steamstatic.com/43a323bb5992ddbd47ecef2c28cc58bbf1852ed0_full.jpg"	"2026-09-05T21:27:34.469338+00:00"
"[U:1:299552558]"	"https://avatars.steamstatic.com/d8519c4cefad0222c79a8feaaadc2e5c02fbbcb2_full.jpg"	"2026-09-05T21:27:34.469338+00:00"
"[U:1:860157993]"	"https://avatars.steamstatic.com/82645fd1ae09cf85d44d9e6cc7f3bd89669fb519_full.jpg"	"2026-09-05T21:27:34.469338+00:00"
"[U:1:199346536]"	"https://avatars.steamstatic.com/1adb032bb4f6f4e16a238812c80d9d264fd14626_full.jpg"	"2026-09-05T21:27:34.469338+00:00"
"[U:1:42244426]"	"https://avatars.steamstatic.com/159fd86c98123e0271edb881667ca657f9f3eb9a_full.jpg"	"2026-09-05T21:27:34.469338+00:00"
"[U:1:272948692]"	"https://avatars.steamstatic.com/f9872fd91c3fd22a01252ecb7520f45bee5c6081_full.jpg"	"2026-09-05T21:27:34.469338+00:00"
"[U:1:84214958]"	"https://avatars.steamstatic.com/9db4379c2531f5accd95570c7ac358f7169393dc_full.jpg"	"2026-09-05T21:27:34.469338+00:00"
"[U:1:83509421]"	"https://avatars.steamstatic.com/6fcf4cbf72d55938f11d5144ca9b11edaa239fe4_full.jpg"	"2026-09-05T21:27:34.469338+00:00"
"[U:1:1684897467]"	"https://avatars.steamstatic.com/8442685651231b08503c282a75c5f324df2ae085_full.jpg"	"2026-09-05T21:27:34.469338+00:00"
"[U:1:991009299]"	"https://avatars.steamstatic.com/e3bdc52779f163a3ef907a03ca4ae8eed9602d33_full.jpg"	"2026-09-05T21:27:34.469338+00:00"
"[U:1:83609483]"	"https://avatars.steamstatic.com/c10c9b82e3f36908c635312f70847403abbaefbe_full.jpg"	"2026-09-05T21:27:34.469338+00:00"
"[U:1:114601433]"	"https://avatars.steamstatic.com/144f1bb349a9be8d0a7cfe1fb0581d00f89faeff_full.jpg"	"2026-09-05T21:27:34.469338+00:00"
"[U:1:77252918]"	"https://avatars.steamstatic.com/5f04faa02d4ed9d5960ed639f46b5b77ae7171ef_full.jpg"	"2026-09-05T21:27:34.469338+00:00"
"[U:1:127420456]"	"https://avatars.steamstatic.com/7bb96b65edfb0eaf2e66414880134135b76deb7c_full.jpg"	"2026-09-05T21:27:34.469338+00:00"
"[U:1:842300628]"	"https://avatars.steamstatic.com/3318182a22bb6568043027b214c9e266bd03382b_full.jpg"	"2026-09-05T21:27:34.469338+00:00"
"[U:1:253979291]"	"https://avatars.steamstatic.com/6945fd3fb8844ca8abb29c01a256fbeeb302ef7b_full.jpg"	"2026-09-05T21:27:34.469338+00:00"
"[U:1:1873997057]"	"https://avatars.steamstatic.com/092287323ed7ea8bd684fb16ecc25886365cb73e_full.jpg"	"2026-09-05T21:27:34.469338+00:00"
"[U:1:1435397755]"	"https://avatars.steamstatic.com/0104642467cd64c1785e3c9a3d8e312dce9b06b9_full.jpg"	"2026-09-05T21:27:34.469338+00:00"
"[U:1:780707627]"	"https://avatars.steamstatic.com/89d12304b34d86da4ecd98cd419a3cc1f81bfcb7_full.jpg"	"2026-09-05T21:27:34.469338+00:00"
"[U:1:42300120]"	"https://avatars.steamstatic.com/1c0b5c37a442a2d39f32902ec42f2e26ba6a142e_full.jpg"	"2026-09-05T21:27:34.469338+00:00"
"[U:1:179509806]"	"https://avatars.steamstatic.com/c9c401709045d8042452c61d9d12168ff0356f3b_full.jpg"	"2026-09-05T21:27:34.469338+00:00"
"[U:1:1615327329]"	"https://avatars.steamstatic.com/128297e3802445bc5cf0b2661b21ff8bf88d2635_full.jpg"	"2026-09-05T21:27:34.469338+00:00"
"[U:1:1296516002]"	"https://avatars.steamstatic.com/fef49e7fa7e1997310d705b2a6158ff8dc1cdfeb_full.jpg"	"2026-09-05T21:27:34.469338+00:00"
"[U:1:368022447]"	"https://avatars.steamstatic.com/c110fd9fdea2504d7c3009b49b6719297663f08d_full.jpg"	"2026-09-05T21:27:34.469338+00:00"
"[U:1:489273570]"	"https://avatars.steamstatic.com/ea506d6ad355a1922aed844577ec4aee33a6729b_full.jpg"	"2026-09-05T21:27:34.469338+00:00"
"[U:1:1151623379]"	"https://avatars.steamstatic.com/a8267fac4f09f375e5011174dc029d880ba0d45c_full.jpg"	"2026-09-05T21:27:34.469338+00:00"
"[U:1:452032470]"	"https://avatars.steamstatic.com/4b4232db2d900c0197b1105ac2a79e4f6ff2431a_full.jpg"	"2026-09-05T21:27:34.469338+00:00"
"[U:1:118120132]"	"https://avatars.steamstatic.com/403076b492ef4d7f10eaee3fe6d3b1cadcf0f263_full.jpg"	"2026-09-05T21:27:34.469338+00:00"
"[U:1:272352208]"	"https://avatars.steamstatic.com/72861c8c08272e1d994f19806eddb5f219c6b398_full.jpg"	"2026-09-05T21:27:34.469338+00:00"
"[U:1:109551080]"	"https://avatars.steamstatic.com/300af9381021933d3fb4b0d03ea1db8bb48d0ec0_full.jpg"	"2026-09-05T21:27:34.469338+00:00"
"[U:1:168537878]"	"https://avatars.steamstatic.com/bad3ae0a8e59e53b15b202d670ccb70b5ceb3f07_full.jpg"	"2026-09-05T21:27:34.469338+00:00"
"[U:1:272442404]"	"https://avatars.steamstatic.com/6ac8d1b217b543bbcc9f563e2cd1d1f4b12af57a_full.jpg"	"2026-09-05T21:27:34.469338+00:00"
"[U:1:1209972247]"	"https://avatars.steamstatic.com/e9fdfd6b2a4a1a881538c7f62b4f7a0c688ce12a_full.jpg"	"2026-09-05T21:27:34.469338+00:00"
"[U:1:259799789]"	"https://avatars.steamstatic.com/d8fc24ba00bcf6c2079cde3bca3dcf26e4582236_full.jpg"	"2026-09-05T21:27:34.469338+00:00"
"[U:1:1604444718]"	"https://avatars.steamstatic.com/df7c28bf8ecfa4fd27b4c6867effeb7854b29869_full.jpg"	"2026-09-05T21:27:34.469338+00:00"
"[U:1:939322598]"	"https://avatars.steamstatic.com/88119985399a381ef53b2f140b34489c9c91aa24_full.jpg"	"2026-09-05T21:27:34.469338+00:00"
"[U:1:179510579]"	"https://avatars.steamstatic.com/a17109b9ccdde909cbaf7003a8af05ef2ea3f6a9_full.jpg"	"2026-09-05T21:27:34.469338+00:00"
"[U:1:231267422]"	"https://avatars.steamstatic.com/9c4b3e4bbf8540454b0d78004ad22aae2603c178_full.jpg"	"2026-09-05T21:27:34.469338+00:00"
"[U:1:935124707]"	"https://avatars.steamstatic.com/c06aa79743f9cf4e9aa189ec760bce1ff7040e55_full.jpg"	"2026-09-05T21:27:34.469338+00:00"
"[U:1:200864918]"	"https://avatars.steamstatic.com/81790863c965ffed64e33f920960a68604b59f58_full.jpg"	"2026-09-05T21:27:34.469338+00:00"
"[U:1:208710301]"	"https://avatars.steamstatic.com/0e96fd1da4c91017a7c1de980d6361b139e6831d_full.jpg"	"2026-09-05T21:27:34.469338+00:00"
"[U:1:184886226]"	"https://avatars.steamstatic.com/434cede93538307f385fa93fe82cef1990c5080e_full.jpg"	"2026-09-05T21:27:34.469338+00:00"
"[U:1:45541187]"	"https://avatars.steamstatic.com/4f7bcfd19d6cfaec1b48a8d5b6512100e46b3059_full.jpg"	"2026-09-05T21:27:34.469338+00:00"
"[U:1:58084714]"	"https://avatars.steamstatic.com/dc36f7f45a66ec73d1e4bf6e32231e8ed802a45b_full.jpg"	"2026-09-05T21:27:34.469338+00:00"
"[U:1:111775304]"	"https://avatars.steamstatic.com/f690245864f35dddc4cfc7a3a89282463da37752_full.jpg"	"2026-09-05T21:27:34.469338+00:00"
"[U:1:1039360143]"	"https://avatars.steamstatic.com/17c2991a71cea1b276bdc55b1d582a8740cf687b_full.jpg"	"2026-09-05T21:27:34.469338+00:00"
"[U:1:773057164]"	"https://avatars.steamstatic.com/1eab7303b9a0153dec96ec259550f07b71c0cdfe_full.jpg"	"2026-09-05T21:27:34.469338+00:00"
"[U:1:85819086]"	"https://avatars.steamstatic.com/f1dd29feafcc71e9e513f5144a64f207e2f1c224_full.jpg"	"2026-09-05T21:27:34.469338+00:00"
"[U:1:1527106401]"	"https://avatars.steamstatic.com/ec48cb48218a84e568a9b995a412e4532a640c81_full.jpg"	"2026-09-05T21:27:34.469338+00:00"
"[U:1:1262923916]"	"https://avatars.steamstatic.com/9c6e7b8c687a1e00a3ef69a76431b1251b54c27d_full.jpg"	"2026-09-05T21:27:34.469338+00:00"
"[U:1:423855271]"	"https://avatars.steamstatic.com/bcb4bb1b44de54b5f085500604b23ee5de13646f_full.jpg"	"2026-09-05T21:27:34.469338+00:00"
"[U:1:368561125]"	"https://avatars.steamstatic.com/6cca64b05b6214c927a6b3f47f3776559342a65e_full.jpg"	"2026-09-05T21:27:34.469338+00:00"
"[U:1:9378130]"	"https://avatars.steamstatic.com/d877c5cec3bc845e108eb04a4fbc80f24b4daab4_full.jpg"	"2026-09-05T21:27:34.469338+00:00"
"[U:1:58139165]"	"https://avatars.steamstatic.com/5c9a888a8dec24ee3821355a9ff91c29dad8c27a_full.jpg"	"2026-09-05T21:27:34.469338+00:00"
"[U:1:160481302]"	"https://avatars.steamstatic.com/b60e1f3b6834554dba80629480d8db6f8be7fcc4_full.jpg"	"2026-09-05T21:27:34.469338+00:00"
"[U:1:1383483522]"	"https://avatars.steamstatic.com/c1fc2e77c4655e167e40481fcfdb9e3fda05f434_full.jpg"	"2026-09-05T21:27:34.469338+00:00"
"[U:1:136056483]"	"https://avatars.steamstatic.com/52038ec9bdadb2e9cf664bf1614ef3e3661484fe_full.jpg"	"2026-09-05T21:27:34.469338+00:00"
"[U:1:1486212226]"	"https://avatars.steamstatic.com/1562408834bc95fa8bf8bb4584f0c70f36e8e26f_full.jpg"	"2026-09-05T21:27:34.469338+00:00"
"[U:1:990824790]"	"https://avatars.steamstatic.com/07b2974d335bb4ecbcb8657bba91f64b98247372_full.jpg"	"2026-09-05T21:27:34.469338+00:00"
"[U:1:83528286]"	"https://avatars.steamstatic.com/188f30af00afeda2e32c1c97294b0251f793e041_full.jpg"	"2026-09-05T21:27:34.469338+00:00"
"[U:1:70950033]"	"https://avatars.steamstatic.com/dd628efaf814a325e81a2f628f188844bb84b50c_full.jpg"	"2026-09-05T21:27:34.469338+00:00"
"[U:1:1137563047]"	"https://avatars.steamstatic.com/33018871e7ea4469fa5983476d4e31d0e0e5ff13_full.jpg"	"2026-09-05T21:27:34.469338+00:00"
"[U:1:2010836]"	"https://avatars.steamstatic.com/79d3fe5839617eb83a9661071ed021dd56ac8a5b_full.jpg"	"2026-09-05T21:27:34.469338+00:00"
"[U:1:70972398]"	"https://avatars.steamstatic.com/69a28668f789f0ec10baf169c94276a96d43f0a7_full.jpg"	"2026-09-05T21:27:34.469338+00:00"
"[U:1:1018307381]"	"https://avatars.steamstatic.com/4cf1cffa479d9c9857a03467ec6e3d2027f7b6db_full.jpg"	"2026-09-05T21:27:34.469338+00:00"
"[U:1:1093035422]"	"https://avatars.steamstatic.com/c110fd9fdea2504d7c3009b49b6719297663f08d_full.jpg"	"2026-09-05T21:27:34.469338+00:00"
"[U:1:1890023857]"	"https://avatars.steamstatic.com/3238da76067b7d3b7bc0586cc139707a74b45250_full.jpg"	"2026-09-05T21:27:34.469338+00:00"
"[U:1:94071255]"	"https://avatars.steamstatic.com/7d11ead7c39d6563e6ee21b3b2fec56ce1787b6d_full.jpg"	"2026-09-05T21:27:34.469338+00:00"
"[U:1:31106595]"	"https://avatars.steamstatic.com/fab2c8e9fbdd7405aa7d7ce6924ec0dbb30b9e26_full.jpg"	"2026-09-05T21:27:34.469338+00:00"
"[U:1:1875087513]"	"https://avatars.steamstatic.com/5650a856c0bd7c678378e9895afec491786ce595_full.jpg"	"2026-09-05T21:27:34.469338+00:00"
"[U:1:772897030]"	"https://avatars.steamstatic.com/318b178494b9104830c1247b418043968b892165_full.jpg"	"2026-09-05T21:27:34.469338+00:00"
"[U:1:772991190]"	"https://avatars.steamstatic.com/0bcb78b4f93246d9f432ce3d6b3bc3601efc8955_full.jpg"	"2026-09-05T21:27:34.469338+00:00"
"[U:1:1117802822]"	"https://avatars.steamstatic.com/3fa44664d727e04fca1e716c773a8925a306a614_full.jpg"	"2026-09-05T21:27:34.469338+00:00"
"[U:1:1085933232]"	"https://avatars.steamstatic.com/fdb3369ff50342e2092cda44eca166d78f6b5c37_full.jpg"	"2026-09-05T21:27:34.469338+00:00"
"[U:1:423444887]"	"https://avatars.steamstatic.com/cb5b08bea2b58cb3098cc4776333f784cd445f18_full.jpg"	"2026-09-05T21:27:34.469338+00:00"
"[U:1:150993992]"	"https://avatars.steamstatic.com/430e01053fd59b82d7a1987f860b639011e5936b_full.jpg"	"2026-09-05T21:27:34.469338+00:00"
"[U:1:1145935987]"	"https://avatars.steamstatic.com/b75b6ad5df56f6c0072d877d1c48ef6c3a36f12a_full.jpg"	"2026-09-05T21:27:34.469338+00:00"
"[U:1:422396279]"	"https://avatars.steamstatic.com/572210a057b2a73a759021c8146f4e025992bc91_full.jpg"	"2026-09-05T21:27:34.469338+00:00"
"[U:1:112130585]"	"https://avatars.steamstatic.com/c8a241c259a703862cc6aa94219790aa8a8af64f_full.jpg"	"2026-09-05T21:27:34.469338+00:00"
"[U:1:11882274]"	"https://avatars.steamstatic.com/8442685651231b08503c282a75c5f324df2ae085_full.jpg"	"2026-09-05T21:27:34.469338+00:00"
"[U:1:112428066]"	"https://avatars.steamstatic.com/83a425d40c7c08a6060e8620ce6a27988452f0ac_full.jpg"	"2026-09-05T21:27:34.469338+00:00"
"[U:1:1508622752]"	"https://avatars.steamstatic.com/ee05be5623177080abdcb11273b91f3da9f9036c_full.jpg"	"2026-09-05T21:27:34.469338+00:00"
"[U:1:157130065]"	"https://avatars.steamstatic.com/8dfe278c7493b6984540e57ecd57b791df13841e_full.jpg"	"2026-09-05T21:27:34.469338+00:00"
"[U:1:423434768]"	"https://avatars.steamstatic.com/ad2d656481899c0635737ff98318162f79870b2f_full.jpg"	"2026-09-05T21:27:34.469338+00:00"
"[U:1:200937416]"	"https://avatars.steamstatic.com/001c5971f10fd6e63a40ca21b115aa25ccc684cb_full.jpg"	"2026-09-05T21:27:34.469338+00:00"
"[U:1:122347920]"	"https://avatars.steamstatic.com/880643ed592d74cc219957b29aa9eea2c416297e_full.jpg"	"2026-09-05T21:27:34.469338+00:00"
"[U:1:367781197]"	"https://avatars.steamstatic.com/1849638c6dccb0e575d9fbd865bb315ba9a46a05_full.jpg"	"2026-09-05T21:27:34.469338+00:00"
"[U:1:1203547401]"	"https://avatars.steamstatic.com/b93f04b9194fba8980a2dc74947d47d0087ba113_full.jpg"	"2026-09-05T21:27:34.469338+00:00"
"[U:1:424538314]"	"https://avatars.steamstatic.com/69bfa8cd765f1d64cc695bfcb216d525f8c47b77_full.jpg"	"2026-09-05T21:27:34.469338+00:00"
"[U:1:444548826]"	"https://avatars.steamstatic.com/3bd6bf9de705865a4e1b37841e597608b0941e87_full.jpg"	"2026-09-05T21:27:34.469338+00:00"
"[U:1:300087742]"	"https://avatars.steamstatic.com/885c4029fff92a6978617e0b730bcf245df812bb_full.jpg"	"2026-09-05T21:27:34.469338+00:00"
"[U:1:109330395]"	"https://avatars.steamstatic.com/f3a5ead0964dc3cf4dd36e4af1941a52491a4927_full.jpg"	"2026-09-05T21:27:34.469338+00:00"
"[U:1:208727938]"	"https://avatars.steamstatic.com/c4801ef3bf90b14759e26a6d5fbe14572a97e237_full.jpg"	"2026-09-05T21:27:34.469338+00:00"
"[U:1:79207809]"	"https://avatars.steamstatic.com/4f7bcfd19d6cfaec1b48a8d5b6512100e46b3059_full.jpg"	"2026-09-05T21:27:34.469338+00:00"
"[U:1:46635262]"	"https://avatars.steamstatic.com/0f0ac3ebabb38d517e6ebe32c80e84566043d05e_full.jpg"	"2026-09-05T21:27:34.469338+00:00"
"[U:1:1121328810]"	"https://avatars.steamstatic.com/d7d82d6d59e0061f91af94c651874861531017a4_full.jpg"	"2026-09-05T21:27:34.469338+00:00"
"[U:1:990977164]"	"https://avatars.steamstatic.com/dd58ec3beafc6afc36b58080172c4fab78d00d00_full.jpg"	"2026-09-05T21:27:34.469338+00:00"
"[U:1:1053679349]"	"https://avatars.steamstatic.com/9025ddaf0b30453679a61d5cdc75e1e8c8bd9d94_full.jpg"	"2026-09-05T21:27:34.469338+00:00"
"[U:1:1033286251]"	"https://avatars.steamstatic.com/591a56870dd00c01828f12b534879653ee3a10f8_full.jpg"	"2026-09-05T21:27:34.469338+00:00"
"[U:1:1421571270]"	"https://avatars.steamstatic.com/7c25aa4a469bb537a8e7fb9eeea4fd3d8b81f8ea_full.jpg"	"2026-09-05T21:27:34.469338+00:00"
"[U:1:240422625]"	"https://avatars.steamstatic.com/a92260a10daeb85ab4cae3f10bcab1f6c7b36173_full.jpg"	"2026-09-05T21:27:34.469338+00:00"
"[U:1:170467085]"	"https://avatars.steamstatic.com/a6c1178f41586eddef31715e5089d6bb51c5ae28_full.jpg"	"2026-09-05T21:27:34.469338+00:00"
"[U:1:272276056]"	"https://avatars.steamstatic.com/fef49e7fa7e1997310d705b2a6158ff8dc1cdfeb_full.jpg"	"2026-09-05T21:27:34.469338+00:00"
"[U:1:129471964]"	"https://avatars.steamstatic.com/58ce9520dca47a25d9d5f01046e2f496f6d4bbfb_full.jpg"	"2026-09-05T21:27:34.469338+00:00"
"[U:1:1281175820]"	"https://avatars.steamstatic.com/0c31ad53b17e5fc89b4a04252cc6776fc7635557_full.jpg"	"2026-09-05T21:27:34.469338+00:00"
"[U:1:857277213]"	"https://avatars.steamstatic.com/f57e45f99f4e93c716f031b4c1f7895bd5c71d14_full.jpg"	"2026-09-05T21:27:34.469338+00:00"
"[U:1:425969795]"	"https://avatars.steamstatic.com/e7db437c0b10013389183201baef9456c807709f_full.jpg"	"2026-09-05T21:27:34.469338+00:00"
"[U:1:836461436]"	"https://avatars.steamstatic.com/bb7feb17b5275f678492bb7f218cdab6004776de_full.jpg"	"2026-09-05T21:27:34.469338+00:00"
"[U:1:1080321600]"	"https://avatars.steamstatic.com/f1b500287ad1a677cfa7679a118053b9f5e94a6e_full.jpg"	"2026-09-05T21:27:34.469338+00:00"
"[U:1:737013458]"	"https://avatars.steamstatic.com/bbc7e7b4748d8cfb0cbd60192b1cdff36188f187_full.jpg"	"2026-09-05T21:27:34.469338+00:00"
"[U:1:1040313751]"	"https://avatars.steamstatic.com/b03d8044e28ea3edc8723aa7224ebd182849b5b6_full.jpg"	"2026-09-05T21:27:34.469338+00:00"
"[U:1:313033423]"	"https://avatars.steamstatic.com/c20716609c4d39870f08ff72d5c71d6fef568833_full.jpg"	"2026-09-05T21:27:34.469338+00:00"
"[U:1:1077438908]"	"https://avatars.steamstatic.com/dcc89e568a176059b617244b0abde12208273915_full.jpg"	"2026-09-05T21:27:34.469338+00:00"
"[U:1:231190163]"	"https://avatars.steamstatic.com/97e463a36f2693f6158631fb69c4074694019c20_full.jpg"	"2026-09-05T21:27:34.469338+00:00"
"[U:1:95166538]"	"https://avatars.steamstatic.com/c0f3e194d6d44120a40d30f5c43b09ff1e74359c_full.jpg"	"2026-09-05T21:27:34.469338+00:00"
"[U:1:132514808]"	"https://avatars.steamstatic.com/f2dd8f7e89d82c65c5f7bc6df3bf7e9742154cd6_full.jpg"	"2026-09-05T21:27:34.469338+00:00"
"[U:1:1523834595]"	"https://avatars.steamstatic.com/fef49e7fa7e1997310d705b2a6158ff8dc1cdfeb_full.jpg"	"2026-09-05T21:27:34.469338+00:00"
"[U:1:1049173256]"	"https://avatars.steamstatic.com/a053817e4301a808323ec41fd0cbe7f758e653fd_full.jpg"	"2026-09-05T21:27:34.469338+00:00"
"[U:1:85573106]"	"https://avatars.steamstatic.com/5406b8b6d5f6879ccc31e83d0b3597f5cfd8befc_full.jpg"	"2026-09-05T21:27:34.469338+00:00"
"[U:1:1262644610]"	"https://avatars.steamstatic.com/fef49e7fa7e1997310d705b2a6158ff8dc1cdfeb_full.jpg"	"2026-09-05T21:27:34.469338+00:00"
"[U:1:1011634089]"	"https://avatars.steamstatic.com/1b266977fc313c5d8976a1520ece62648f9134d6_full.jpg"	"2026-09-05T21:27:34.469338+00:00"
"[U:1:301337214]"	"https://avatars.steamstatic.com/e40afc88d0ad8670ec666143e5a2c3fd52324af8_full.jpg"	"2026-09-05T21:27:34.469338+00:00"
"[U:1:254600641]"	"https://avatars.steamstatic.com/a4f0e29a54fd7ade40d9d8289599faf6fd331ac1_full.jpg"	"2026-09-05T21:27:34.469338+00:00"
"[U:1:94953188]"	"https://avatars.steamstatic.com/b76f355c7e30003d80554f560782308dc0be7908_full.jpg"	"2026-09-05T21:27:34.469338+00:00"
"[U:1:347773542]"	"https://avatars.steamstatic.com/5b7010b7bccb6bf242cd4c60ee9a27471c8e4238_full.jpg"	"2026-09-05T21:27:34.469338+00:00"
"[U:1:1262550785]"	"https://avatars.steamstatic.com/0173b02cca6d8ac6e5da06136b8902aca1a55430_full.jpg"	"2026-09-05T21:27:34.469338+00:00"
"[U:1:1012924302]"	"https://avatars.steamstatic.com/bfff154618efac6b101ac23c58e9a00420202570_full.jpg"	"2026-09-05T21:27:34.469338+00:00"
"[U:1:1887719767]"	"https://avatars.steamstatic.com/fef49e7fa7e1997310d705b2a6158ff8dc1cdfeb_full.jpg"	"2026-09-05T21:27:34.469338+00:00"
"[U:1:945442768]"	"https://avatars.steamstatic.com/a6d187b8e04e26ba8e506f3dade7cecc16a64710_full.jpg"	"2026-09-05T21:27:34.469338+00:00"
"[U:1:156664604]"	"https://avatars.steamstatic.com/787df0371a5f7cc2fde9cc8ef6a13544bd07f064_full.jpg"	"2026-09-05T21:27:34.469338+00:00"
"[U:1:1146770734]"	"https://avatars.steamstatic.com/7d1c3a2697542ec55d2bc84c15f9325814f0ea44_full.jpg"	"2026-09-05T21:27:34.469338+00:00"
"[U:1:427016073]"	"https://avatars.steamstatic.com/73233a862e6b68757ed857222702a3e14c0a974f_full.jpg"	"2026-09-05T21:27:34.469338+00:00"
"[U:1:1721917648]"	"https://avatars.steamstatic.com/5a34bceb0e1390af4893909454be94350297e287_full.jpg"	"2026-09-05T21:27:34.469338+00:00"
"[U:1:1486561659]"	"https://avatars.steamstatic.com/d1749a70849bf530324e58aef74493bd75119932_full.jpg"	"2026-09-05T21:27:34.469338+00:00"
"[U:1:1187967595]"	"https://avatars.steamstatic.com/2cda70e43f383b327cf003370cb69c75b0be100d_full.jpg"	"2026-09-05T21:27:34.469338+00:00"
"[U:1:836511912]"	"https://avatars.steamstatic.com/b06db26b73c9c9a540c025a1289e3190b4118fba_full.jpg"	"2026-09-05T21:27:34.469338+00:00"
"[U:1:160611672]"	"https://avatars.steamstatic.com/a697b890409a9f4a1cd4b155c564815468f8c88f_full.jpg"	"2026-09-05T21:27:34.469338+00:00"
"[U:1:16051067]"	"https://avatars.steamstatic.com/8692e5df0d833bed1ba6ef42f73aa0789aaa2c86_full.jpg"	"2026-09-05T21:27:34.469338+00:00"
"[U:1:230445011]"	"https://avatars.steamstatic.com/851106b4f6bfa3ab6ea1ca86856b908da3ce1778_full.jpg"	"2026-09-05T21:27:34.469338+00:00"
"[U:1:857129377]"	"https://avatars.steamstatic.com/3f2f4bc4f332267b095d750b741954973e5734d9_full.jpg"	"2026-09-05T21:27:34.469338+00:00"
"[U:1:1120142670]"	"https://avatars.steamstatic.com/120b8a55edfe680c79e2f56000a05eaadaf6a273_full.jpg"	"2026-09-05T21:27:34.469338+00:00"
"[U:1:261730872]"	"https://avatars.steamstatic.com/20aa2f2d4741f6f7a9e7f1e9c77c1c4e211c0018_full.jpg"	"2026-09-05T21:27:34.469338+00:00"
"[U:1:1539197453]"	"https://avatars.steamstatic.com/766f77ee8b5bb9af0678f974d2741a8b3c87e2ea_full.jpg"	"2026-09-05T21:27:34.469338+00:00"
"[U:1:160557664]"	"https://avatars.steamstatic.com/77c4e42d0647ed05ceb5fea953eabb042d41b043_full.jpg"	"2026-09-05T21:27:34.469338+00:00"
"[U:1:857644711]"	"https://avatars.steamstatic.com/5fea668694c95ff82c2d9cc2b2afdb06a9d2bbb4_full.jpg"	"2026-09-05T21:27:34.469338+00:00"
"[U:1:356116302]"	"https://avatars.steamstatic.com/6e45b021ca8a8882c46befa84a65429f9787a759_full.jpg"	"2026-09-05T21:27:34.469338+00:00"
"[U:1:60517286]"	"https://avatars.steamstatic.com/7f0ccaab4125a39e7d522f4b8d9fda3ec5665aed_full.jpg"	"2026-09-05T21:27:34.469338+00:00"
"[U:1:1764060738]"	"https://avatars.steamstatic.com/1da862e28a9f02d59765383263cf1161371c5416_full.jpg"	"2026-09-05T21:27:34.469338+00:00"
"[U:1:348124085]"	"https://avatars.steamstatic.com/b136504bae54c0dd3ae549ec53bf4733ef2701cc_full.jpg"	"2026-09-05T21:27:34.469338+00:00"
"[U:1:1021549517]"	"https://avatars.steamstatic.com/b06db26b73c9c9a540c025a1289e3190b4118fba_full.jpg"	"2026-09-05T21:27:34.469338+00:00"
"[U:1:131841389]"	"https://avatars.steamstatic.com/4ffcf8758a42eede1585257692497a3acaa5a19f_full.jpg"	"2026-09-05T21:27:34.469338+00:00"
"[U:1:103320799]"	"https://avatars.steamstatic.com/0f9d41a4581063a0e5f3706ac21a3e80527e6789_full.jpg"	"2026-09-05T21:27:34.469338+00:00"
"[U:1:111060984]"	"https://avatars.steamstatic.com/8c2f68500da5ebee3ea8cd5d8ca452e6cb288ba4_full.jpg"	"2026-09-05T21:27:34.469338+00:00"
"[U:1:184364665]"	"https://avatars.steamstatic.com/3b29aba102c014d5a0ca6e537b358fc25a67ab7e_full.jpg"	"2026-09-05T21:27:34.469338+00:00"
"[U:1:85628168]"	"https://avatars.steamstatic.com/1502f96efa6c4d308a49a4d3b95cac04245295ce_full.jpg"	"2026-09-05T21:27:34.469338+00:00"
"[U:1:110965102]"	"https://avatars.steamstatic.com/00119eb26aaa727c888c4ff927ecb753bd5db641_full.jpg"	"2026-09-05T21:27:34.469338+00:00"
"[U:1:444991990]"	"https://avatars.steamstatic.com/a604532ffae9b484a88871b7af10ebc1f2393e46_full.jpg"	"2026-09-05T21:27:34.469338+00:00"
"[U:1:180752990]"	"https://avatars.steamstatic.com/8c5229ab42e8d2de541e6cc8d41e10ccc1677233_full.jpg"	"2026-09-05T21:27:34.469338+00:00"
"[U:1:348544350]"	"https://avatars.steamstatic.com/1f90eff057d8b7bbdd8a7e31963c58681c6de73a_full.jpg"	"2026-09-05T21:27:34.469338+00:00"
"[U:1:1275844298]"	"https://avatars.steamstatic.com/8bd99da8d2a1afae0206b245daef2a0241e8a71d_full.jpg"	"2026-09-05T21:27:34.469338+00:00"
"[U:1:1006005495]"	"https://avatars.steamstatic.com/cb1aa489891f2fae30fdaa08047f61678899bda5_full.jpg"	"2026-09-05T21:27:34.469338+00:00"
"[U:1:427438331]"	"https://avatars.steamstatic.com/b62b5e44b1861eddc2ebefc49573f3b0f3aea8b3_full.jpg"	"2026-09-05T21:27:34.469338+00:00"
"[U:1:1800697074]"	"https://avatars.steamstatic.com/c2e8027e1b6e72773ba7c82eedb4e43c75243c5e_full.jpg"	"2026-09-05T21:27:34.469338+00:00"
"[U:1:189422363]"	"https://avatars.steamstatic.com/1a0b97a8df13e0dabfaaaeec9d5206d32b84eb54_full.jpg"	"2026-09-05T21:27:34.469338+00:00"
"[U:1:1064465661]"	"https://avatars.steamstatic.com/88af61300c13adb3810355f8968342f39d2317f2_full.jpg"	"2026-09-05T21:27:34.469338+00:00"
"[U:1:212217739]"	"https://avatars.steamstatic.com/233f6ab700b2092420540644292aeff68b7ceb46_full.jpg"	"2026-09-05T21:27:34.469338+00:00"
"[U:1:844899979]"	"https://avatars.steamstatic.com/0aa63ba1aaa963b8653481200ac1634ab6d5a586_full.jpg"	"2026-09-05T21:27:34.469338+00:00"
"[U:1:367393449]"	"https://avatars.steamstatic.com/b2edbc430cffa963966ebafc9e7844414a9c51c1_full.jpg"	"2026-09-05T21:27:34.469338+00:00"
"[U:1:1161983224]"	"https://avatars.steamstatic.com/81301457b9c325665a4b1b517235ad4bb2bea2e1_full.jpg"	"2026-09-05T21:27:34.469338+00:00"
"[U:1:1688286083]"	"https://avatars.steamstatic.com/507ca5805f10c49fe8e1f6aded4db655e56d7530_full.jpg"	"2026-09-05T21:27:34.469338+00:00"
"[U:1:138191896]"	"https://avatars.steamstatic.com/ad0fa244295ea44d131b7b62d2ff67ce055d1d1a_full.jpg"	"2026-09-05T21:27:34.469338+00:00"
"[U:1:1295120455]"	"https://avatars.steamstatic.com/7ba37a35b4decb7a9334b02946bd43deca98a429_full.jpg"	"2026-09-05T21:27:34.469338+00:00"
"[U:1:493811491]"	"https://avatars.steamstatic.com/d35cf41a9f887342a6e82ae8ec54752843469f39_full.jpg"	"2026-09-05T21:27:34.469338+00:00"
"[U:1:1807948714]"	"https://avatars.steamstatic.com/fef49e7fa7e1997310d705b2a6158ff8dc1cdfeb_full.jpg"	"2026-09-05T21:27:34.469338+00:00"
"[U:1:1230518188]"	"https://avatars.steamstatic.com/5996ca099a18a306cabb4b8b33ac783107459868_full.jpg"	"2026-09-05T21:27:34.469338+00:00"
"[U:1:201707162]"	"https://avatars.steamstatic.com/ce199fb48e1836737908c02f76ada4940d7a214d_full.jpg"	"2026-09-05T21:27:34.469338+00:00"
"[U:1:348021037]"	"https://avatars.steamstatic.com/86d3bff70648a0e2574ce7cd63229ee261bbb9c7_full.jpg"	"2026-09-05T21:27:34.469338+00:00"
"[U:1:270642760]"	"https://avatars.steamstatic.com/f784031c62a0acdbc1ec5aeb15c607fe2e8ab40a_full.jpg"	"2026-09-05T21:27:34.469338+00:00"
"[U:1:367380361]"	"https://avatars.steamstatic.com/37cf1dc1f48ac849fb89a0b11182816609a9e6eb_full.jpg"	"2026-09-05T21:27:34.469338+00:00"
"[U:1:1046112752]"	"https://avatars.steamstatic.com/079e0e2a86ab91caa112ebe1e78c6d63ef66f94e_full.jpg"	"2026-09-05T21:27:34.469338+00:00"
"[U:1:85745527]"	"https://avatars.steamstatic.com/504ff655ab923602ec97fa400e88d070a7e8abef_full.jpg"	"2026-09-05T21:27:34.469338+00:00"
"[U:1:115996986]"	"https://avatars.steamstatic.com/a6073a15c563646efa5599dd1a708d63ab3daf3f_full.jpg"	"2026-09-05T21:27:34.469338+00:00"
"[U:1:221066135]"	"https://avatars.steamstatic.com/1d38c6c8517f39dec02be7074fab3b6aba1c7198_full.jpg"	"2026-09-05T21:27:34.469338+00:00"
"[U:1:1146441545]"	"https://avatars.steamstatic.com/3eb65815dfdc526012bc578425ca4ced5c6cebb2_full.jpg"	"2026-09-05T21:27:34.469338+00:00"
"[U:1:118753077]"	"https://avatars.steamstatic.com/6bb11e51cf873539e8b74cb69c11e734258e423c_full.jpg"	"2026-09-05T21:27:34.469338+00:00"
"[U:1:1381896695]"	"https://avatars.steamstatic.com/bf4c170f8a69e211ab42923be1efe0dc6d389c0b_full.jpg"	"2026-09-05T21:27:34.469338+00:00"
"[U:1:1118142366]"	"https://avatars.steamstatic.com/febaed4969e56330b7748146fb13c4fd5c8bcba4_full.jpg"	"2026-09-05T21:27:34.469338+00:00"
"[U:1:13185132]"	"https://avatars.steamstatic.com/c970e66ccc7b4f3d6c11d526cdf6eb2ffdefc84e_full.jpg"	"2026-09-05T21:27:34.469338+00:00"
"[U:1:445071170]"	"https://avatars.steamstatic.com/f01d641f4b816ed70a0cbdd52bace38d2581fdbf_full.jpg"	"2026-09-05T21:27:34.469338+00:00"
"[U:1:9435667]"	"https://avatars.steamstatic.com/9321338d142166246cd07770ca4fd7e7ea6bec4c_full.jpg"	"2026-09-05T21:27:34.469338+00:00"
"[U:1:1876135888]"	"https://avatars.steamstatic.com/c8bc059ee022a3902abd2c4893eb5e03836d56ae_full.jpg"	"2026-09-05T21:27:34.469338+00:00"
"[U:1:95054359]"	"https://avatars.steamstatic.com/ea04d6667a65b992ae6b0b08f97448c1b98bb9f5_full.jpg"	"2026-09-05T21:27:34.469338+00:00"
"[U:1:847872348]"	"https://avatars.steamstatic.com/5ba8334d55a64b88b412ff729471dd2c873af244_full.jpg"	"2026-09-05T21:27:34.469338+00:00"
"[U:1:237950887]"	"https://avatars.steamstatic.com/bc349705f36bb34ee91b380fe38c285b547289e4_full.jpg"	"2026-09-05T21:27:34.469338+00:00"
"[U:1:1187267108]"	"https://avatars.steamstatic.com/ad3f7446e0e155a425c45e945c5d5d33d8e0a72e_full.jpg"	"2026-09-05T21:27:34.469338+00:00"
"[U:1:95036960]"	"https://avatars.steamstatic.com/0e89b78232bf6b63fbe6d8500fc9ded9b681f32c_full.jpg"	"2026-09-05T21:27:34.469338+00:00"
"[U:1:312656597]"	"https://avatars.steamstatic.com/b7066fb6ff81e0241bea7620e0bda9e06b669c13_full.jpg"	"2026-09-05T21:27:34.469338+00:00"
"[U:1:1839417227]"	"https://avatars.steamstatic.com/960eae50f7ae2327bb33f5025b15b0c7b5d22ed4_full.jpg"	"2026-09-05T21:27:34.469338+00:00"
"[U:1:445138389]"	"https://avatars.steamstatic.com/92706c470c1d3407999add7ae8a734006da475e2_full.jpg"	"2026-09-05T21:27:34.469338+00:00"
"[U:1:1317905591]"	"https://avatars.steamstatic.com/206c3cfc3653a7c2e8ccfae9551873efa6abd9c2_full.jpg"	"2026-09-05T21:27:34.469338+00:00"
"[U:1:427142505]"	"https://avatars.steamstatic.com/f01537a555f1fb9e4e651ae33aa99ad7b98e673b_full.jpg"	"2026-09-05T21:27:34.469338+00:00"
"[U:1:1093533056]"	"https://avatars.steamstatic.com/bbcadcc8201f08305d5b97c82e0ec25c13e69e7b_full.jpg"	"2026-09-05T21:27:34.469338+00:00"
"[U:1:347892264]"	"https://avatars.steamstatic.com/da8d8d07297066d2eaa181fe6ba78d3a00f2f7b7_full.jpg"	"2026-09-05T21:27:34.469338+00:00"
"[U:1:255162361]"	"https://avatars.steamstatic.com/3b28e0661ebed825d52fb3c9d2beedb2fefa425e_full.jpg"	"2026-09-05T21:27:34.469338+00:00"
"[U:1:31017940]"	"https://avatars.steamstatic.com/3604ac34b47c87e187d151f22aa17e107253ce34_full.jpg"	"2026-09-05T21:27:34.469338+00:00"
"[U:1:174243591]"	"https://avatars.steamstatic.com/c18aa834919635fc1490e1ede87bcf616a6a41b3_full.jpg"	"2026-09-05T21:27:34.469338+00:00"
"[U:1:884480574]"	"https://avatars.steamstatic.com/e9e46834a0fdbe81027d32e40542b5b646e27c63_full.jpg"	"2026-09-05T21:27:34.469338+00:00"
"[U:1:885500320]"	"https://avatars.steamstatic.com/e43e55ca3fd750eef116e3378dc2d9bb3623bd98_full.jpg"	"2026-09-05T21:27:34.469338+00:00"
"[U:1:1140397712]"	"https://avatars.steamstatic.com/a225dead682aef58897cac43148d9801a73bfe43_full.jpg"	"2026-09-05T21:27:34.469338+00:00"
"[U:1:80303537]"	"https://avatars.steamstatic.com/1b47450a9cab194066fea85050e155b932b5275e_full.jpg"	"2026-09-05T21:27:34.469338+00:00"
"[U:1:154090380]"	"https://avatars.steamstatic.com/c61756ac909ba9e93a3f3b07af606994f0a3d28a_full.jpg"	"2026-09-05T21:27:34.469338+00:00"
"[U:1:132044209]"	"https://avatars.steamstatic.com/f14359c57840b98fb9433900573558a5b7d3bb7c_full.jpg"	"2026-09-05T21:27:34.469338+00:00"
"[U:1:191278226]"	"https://avatars.steamstatic.com/61ab70962972708287fbe01bbf30a073e02557fb_full.jpg"	"2026-09-05T21:27:34.469338+00:00"
"[U:1:66367562]"	"https://avatars.steamstatic.com/cee79cf87671ccf80541fdaa99e4d48dcca7827e_full.jpg"	"2026-09-05T21:27:34.469338+00:00"
"[U:1:88273529]"	"https://avatars.steamstatic.com/e8ef2b11eee5e2b7b13c3a82cbbbb5e4efdb454a_full.jpg"	"2026-09-05T21:27:34.469338+00:00"
"[U:1:38824360]"	"https://avatars.steamstatic.com/653449da155863ba241258376f97fbecab0dc45c_full.jpg"	"2026-09-05T21:27:34.469338+00:00"
"[U:1:446430969]"	"https://avatars.steamstatic.com/63af3ea5c3820e66910c8909bcca2633bc3e523c_full.jpg"	"2026-09-05T21:27:34.469338+00:00"
"[U:1:111377969]"	"https://avatars.steamstatic.com/1d52b1f7cd635ac8c6471a8774ee5d7d9b5008bc_full.jpg"	"2026-09-05T21:27:34.469338+00:00"
"[U:1:1192992879]"	"https://avatars.steamstatic.com/fbd65c1a885413cfbac8927e4439c01cd1e76dfd_full.jpg"	"2026-09-05T21:27:34.469338+00:00"
"[U:1:191209753]"	"https://avatars.steamstatic.com/a7ac0c6ac98dc87fa42c700e7f638973521efd55_full.jpg"	"2026-09-05T21:27:34.469338+00:00"
"[U:1:1854117123]"	"https://avatars.steamstatic.com/a9f98f35cf31ef37f2fd1bd5d64c72d1c6ac25ed_full.jpg"	"2026-09-05T21:27:34.469338+00:00"
"[U:1:26572671]"	"https://avatars.steamstatic.com/9c26e2311016064c4e183610eaebca10e6c0acf1_full.jpg"	"2026-09-05T21:27:34.469338+00:00"
"[U:1:1530966296]"	"https://avatars.steamstatic.com/0e6d1fd1264fa3fef414858e503dba4d2713db10_full.jpg"	"2026-09-05T21:27:34.469338+00:00"
"[U:1:218066303]"	"https://avatars.steamstatic.com/b7eda1b643c6d9a418009d2a637bcd66229ae36d_full.jpg"	"2026-09-05T21:27:34.469338+00:00"
"[U:1:325043089]"	"https://avatars.steamstatic.com/d473fddc38f6d7914b2ca7bef51a91ce49db8afd_full.jpg"	"2026-09-05T21:27:34.469338+00:00"
"[U:1:30237775]"	"https://avatars.steamstatic.com/57947d25b01689390b4c488b1295f35d0bc3fed4_full.jpg"	"2026-09-05T21:27:34.469338+00:00"
"[U:1:1340870117]"	"https://avatars.steamstatic.com/12d014a2708080689010e9537b57d13b2c8c38b5_full.jpg"	"2026-09-05T21:27:34.469338+00:00"
"[U:1:52551305]"	"https://avatars.steamstatic.com/67641f7182e6f802477e0a6d82be53965477db2e_full.jpg"	"2026-09-05T21:27:34.469338+00:00"
"[U:1:1055135909]"	"https://avatars.steamstatic.com/b4964a02f97b80d4ac824fe4ced6fbea2ff1565c_full.jpg"	"2026-09-05T21:27:34.469338+00:00"
"[U:1:179766740]"	"https://avatars.steamstatic.com/cde80f50ba4fa74abbd3f7b2b44354ef8e3b1685_full.jpg"	"2026-09-05T21:27:34.469338+00:00"
"[U:1:117454305]"	"https://avatars.steamstatic.com/ae238d3ce19d5b22990cfd27776b73c9342f3645_full.jpg"	"2026-09-05T21:27:34.469338+00:00"
"[U:1:753029972]"	"https://avatars.steamstatic.com/9ed36beb5d09f2eafba210f988322cf050f1eb08_full.jpg"	"2026-09-05T21:27:34.469338+00:00"
"[U:1:1635200760]"	"https://avatars.steamstatic.com/fef49e7fa7e1997310d705b2a6158ff8dc1cdfeb_full.jpg"	"2026-09-05T21:27:34.469338+00:00"
"[U:1:752585511]"	"https://avatars.steamstatic.com/3968104f2133d94d57773bdd874be2e5efa71160_full.jpg"	"2026-09-05T21:27:34.469338+00:00"
"[U:1:1054739107]"	"https://avatars.steamstatic.com/994a419b3df2cacbbd11ab623e16eaf9af19f827_full.jpg"	"2026-09-05T21:27:34.469338+00:00"
"[U:1:1587361675]"	"https://avatars.steamstatic.com/c0370d2db5e08222868fe96eefbc3c25e23a2763_full.jpg"	"2026-09-05T21:27:34.469338+00:00"
"[U:1:351694498]"	"https://avatars.steamstatic.com/5152744148842300104773c57c65bd69a145489f_full.jpg"	"2026-09-05T21:27:34.469338+00:00"
"[U:1:282305724]"	"https://avatars.steamstatic.com/7022ce04a9b72a8919cab4ca59229d5c80352e2b_full.jpg"	"2026-09-05T21:27:34.469338+00:00"
"[U:1:1520535895]"	"https://avatars.steamstatic.com/664c5828b231d3791df96b81e9d8e5e913e8dc85_full.jpg"	"2026-09-05T21:27:34.469338+00:00"
"[U:1:185471856]"	"https://avatars.steamstatic.com/50f623aefaa88daedbf9675a47453455111bbbcb_full.jpg"	"2026-09-05T21:27:34.469338+00:00"
"[U:1:204718371]"	"https://avatars.steamstatic.com/f934502fee91af891dda00eeecb978ad22c9aedc_full.jpg"	"2026-09-05T21:27:34.469338+00:00"
"[U:1:1914227753]"	"https://avatars.steamstatic.com/253f1b11155bb8394d5496f06e1f23ed1a0bbd19_full.jpg"	"2026-09-05T21:27:34.469338+00:00"
"[U:1:1287886332]"	"https://avatars.steamstatic.com/cdc8af52a2a5ddc3110b13de1160d62b6bfcbd0f_full.jpg"	"2026-09-05T21:27:34.469338+00:00"
"[U:1:35197187]"	"https://avatars.steamstatic.com/0f68c253d6255aad418c67105006c7966dfd81ad_full.jpg"	"2026-09-05T21:27:34.469338+00:00"
"[U:1:884252061]"	"https://avatars.steamstatic.com/d8c0d503371c35df6640ae251d8e33c63452be16_full.jpg"	"2026-09-05T21:27:34.469338+00:00"
"[U:1:324555554]"	"https://avatars.steamstatic.com/c6b3154f2292632245d384520d32e085e718ecdf_full.jpg"	"2026-09-05T21:27:34.469338+00:00"
"[U:1:107297751]"	"https://avatars.steamstatic.com/af4eec11f459a162ff577ed7111709fc745448f1_full.jpg"	"2026-09-05T21:27:34.469338+00:00"
"[U:1:451563523]"	"https://avatars.steamstatic.com/4290f7c16da72a80387c7d44a72125a00ef2803e_full.jpg"	"2026-09-05T21:27:34.469338+00:00"
"[U:1:1248413747]"	"https://avatars.steamstatic.com/85740755c361d0be1a6680a972936b2b2d11f650_full.jpg"	"2026-09-05T21:27:34.469338+00:00"
"[U:1:96813338]"	"https://avatars.steamstatic.com/79964d409fc99f54a08bddc62564d3476c49a13c_full.jpg"	"2026-09-05T21:27:34.469338+00:00"
"[U:1:325239526]"	"https://avatars.steamstatic.com/f853adb1289f97cbd363c28276bad8cfff6c696a_full.jpg"	"2026-09-05T21:27:34.469338+00:00"
"[U:1:169497387]"	"https://avatars.steamstatic.com/d76b15d9ca58a4d9d046e76f1c0d121833e9dd40_full.jpg"	"2026-09-05T21:27:34.469338+00:00"
"[U:1:245651716]"	"https://avatars.steamstatic.com/8339afc9e4fdb6a2f8aaf44d8b95941804f76858_full.jpg"	"2026-09-05T21:27:34.469338+00:00"
"[U:1:185369293]"	"https://avatars.steamstatic.com/87caffcbdad22f2f2d1623e90e082124242fe3d8_full.jpg"	"2026-09-05T21:27:34.469338+00:00"
"[U:1:1248567949]"	"https://avatars.steamstatic.com/d59817211e8c80b5999af16ac1c3473ea6258a82_full.jpg"	"2026-09-05T21:27:34.469338+00:00"
"[U:1:752384536]"	"https://avatars.steamstatic.com/fef49e7fa7e1997310d705b2a6158ff8dc1cdfeb_full.jpg"	"2026-09-05T21:27:34.469338+00:00"
"[U:1:446491829]"	"https://avatars.steamstatic.com/958ae6a5adb38fe1daa7c7778e6e58fe5e27df7f_full.jpg"	"2026-09-05T21:27:34.469338+00:00"
"[U:1:96892644]"	"https://avatars.steamstatic.com/53b4d51eab502c23b63e5a6386143d3a74bbcb63_full.jpg"	"2026-09-05T21:27:34.469338+00:00"
"[U:1:1854014836]"	"https://avatars.steamstatic.com/7fa8686c979c05e00ebd91756c1f038aa3d24c6f_full.jpg"	"2026-09-05T21:27:34.469338+00:00"
"[U:1:36385965]"	"https://avatars.steamstatic.com/a047c1dbd310130577489bda9a5c0d975e724a65_full.jpg"	"2026-09-05T21:27:34.469338+00:00"
"[U:1:389000939]"	"https://avatars.steamstatic.com/1ba4cbf33924a2324d10fbe4ae2d31c56813b2cd_full.jpg"	"2026-09-05T21:27:34.469338+00:00"
"[U:1:886183945]"	"https://avatars.steamstatic.com/e8401014ef85550b2e7cb705ddb5da7413821215_full.jpg"	"2026-09-05T21:27:34.469338+00:00"
"[U:1:1493184269]"	"https://avatars.steamstatic.com/843bff3a0cd97fab4f06f9de1d451c742c6d8f8b_full.jpg"	"2026-09-05T21:27:34.469338+00:00"
"[U:1:386966986]"	"https://avatars.steamstatic.com/cb80798659f746c3773fcdc5bd04d2823d755c93_full.jpg"	"2026-09-05T21:27:34.469338+00:00"
"[U:1:145263945]"	"https://avatars.steamstatic.com/c74874813df58c6a9abbe0a6f08348f63b9ae870_full.jpg"	"2026-09-05T21:27:34.469338+00:00"
"[U:1:1633656565]"	"https://avatars.steamstatic.com/393cd62c04130afc616d0d588df80e0ae91b573a_full.jpg"	"2026-09-05T21:27:34.469338+00:00"
"[U:1:66096425]"	"https://avatars.steamstatic.com/194ccac071cf62949c4495f8a72deb0da9d67747_full.jpg"	"2026-09-05T21:27:34.469338+00:00"
"[U:1:1298977959]"	"https://avatars.steamstatic.com/455008747c628cc1bc41b5ef0add4635af8f4b0a_full.jpg"	"2026-09-05T21:27:34.469338+00:00"
"[U:1:35707312]"	"https://avatars.steamstatic.com/6cbade59d928a192e864f8d8b5a7a0f2479813b7_full.jpg"	"2026-09-05T21:27:34.469338+00:00"
"[U:1:1174447957]"	"https://avatars.steamstatic.com/0a75a4126d036b304b57fae756afd64095e5d65c_full.jpg"	"2026-09-05T21:27:34.469338+00:00"
"[U:1:66375379]"	"https://avatars.steamstatic.com/ad68a140244a4c0f85d210c48180c92d302bc17c_full.jpg"	"2026-09-05T21:27:34.469338+00:00"
"[U:1:119300956]"	"https://avatars.steamstatic.com/c718b0c234a3f5ff5fc8f0b99c3f64f0de4ccefe_full.jpg"	"2026-09-05T21:27:34.469338+00:00"
"[U:1:88482374]"	"https://avatars.steamstatic.com/0b5287e07da888e8d02dcf534399dc9675698e5d_full.jpg"	"2026-09-05T21:27:34.469338+00:00"
"[U:1:1127199927]"	"https://avatars.steamstatic.com/131b9c738d832783f6b9b11c4e330e8ce5d357b2_full.jpg"	"2026-09-05T21:27:34.469338+00:00"
"[U:1:75225134]"	"https://avatars.steamstatic.com/0abe713631df8f12fda07313af70656ef8f73e33_full.jpg"	"2026-09-05T21:27:34.469338+00:00"
"[U:1:1056583442]"	"https://avatars.steamstatic.com/7391e82a0ea238b9e80cbe0525039305f893258b_full.jpg"	"2026-09-05T21:27:34.469338+00:00"
"[U:1:1038239232]"	"https://avatars.steamstatic.com/fef49e7fa7e1997310d705b2a6158ff8dc1cdfeb_full.jpg"	"2026-09-05T21:27:34.469338+00:00"
"[U:1:1170234614]"	"https://avatars.steamstatic.com/246db9ab04cce0135f1c21d85c46b8a8ada53abe_full.jpg"	"2026-09-05T21:27:34.469338+00:00"
"[U:1:801059500]"	"https://avatars.steamstatic.com/1502f96efa6c4d308a49a4d3b95cac04245295ce_full.jpg"	"2026-09-05T21:27:34.469338+00:00"
"[U:1:803111783]"	"https://avatars.steamstatic.com/cb23d5a8baf5f9f9a89c22755c34b8546628e287_full.jpg"	"2026-09-05T21:27:34.469338+00:00"
"[U:1:1248568599]"	"https://avatars.steamstatic.com/cb96c65d96688fe8c9269af28c46032ac8263f16_full.jpg"	"2026-09-05T21:27:34.469338+00:00"
"[U:1:49750839]"	"https://avatars.steamstatic.com/eba657fd841a189375278eeb5d2434f6a177ea30_full.jpg"	"2026-09-05T21:27:34.469338+00:00"
"[U:1:1118732988]"	"https://avatars.steamstatic.com/38d43dcf3119e005373139676b0ce9d75b3fc023_full.jpg"	"2026-09-05T21:27:34.469338+00:00"
"[U:1:386765365]"	"https://avatars.steamstatic.com/f9379e277da162a3d4ecf04fe59768c81f1f7d8b_full.jpg"	"2026-09-05T21:27:34.469338+00:00"
"[U:1:119375554]"	"https://avatars.steamstatic.com/aa0ca8a38f01afd5ae6f1b0d9364a255076c91d0_full.jpg"	"2026-09-05T21:27:34.469338+00:00"
"[U:1:753306126]"	"https://avatars.steamstatic.com/913d6d3147995df70a2e567350f329f0ecfa3f27_full.jpg"	"2026-09-05T21:27:34.469338+00:00"
"[U:1:386403376]"	"https://avatars.steamstatic.com/b7066fb6ff81e0241bea7620e0bda9e06b669c13_full.jpg"	"2026-09-05T21:27:34.469338+00:00"
"[U:1:1077375418]"	"https://avatars.steamstatic.com/b478059259ed4ebbc94a13568930bcb754a47cf4_full.jpg"	"2026-09-05T21:27:34.469338+00:00"
"[U:1:800874695]"	"https://avatars.steamstatic.com/6db2ac365ae4ee52c350ac4e9a34fdbf013c64ce_full.jpg"	"2026-09-05T21:27:34.469338+00:00"
"[U:1:1632613082]"	"https://avatars.steamstatic.com/0e5e037d86a74e6adfc8a867721bc5d05d946374_full.jpg"	"2026-09-05T21:27:34.469338+00:00"
"[U:1:968661078]"	"https://avatars.steamstatic.com/5a018d8636572aa0eeeb86cc4c9970a2a26e8f3d_full.jpg"	"2026-09-05T21:27:34.469338+00:00"
"[U:1:1047904238]"	"https://avatars.steamstatic.com/3fe566e272aba75875a78b0339182e2e82aa173c_full.jpg"	"2026-09-05T21:27:34.469338+00:00"
"[U:1:884167791]"	"https://avatars.steamstatic.com/2e1f9185435d45131dd7f3a028bf891437a1d25b_full.jpg"	"2026-09-05T21:27:34.469338+00:00"
"[U:1:1635137854]"	"https://avatars.steamstatic.com/4f4c99d04496a830ae03b3dd0a214be34db0e2b2_full.jpg"	"2026-09-05T21:27:34.469338+00:00"
"[U:1:49757128]"	"https://avatars.steamstatic.com/65c4fe63f1db0896527904fb9823a25f2610bea3_full.jpg"	"2026-09-05T21:27:34.469338+00:00"
"[U:1:28376917]"	"https://avatars.steamstatic.com/980c5e29559f3a0431c6fe45cc50656206ffbc14_full.jpg"	"2026-09-05T21:27:34.469338+00:00"
"[U:1:884868747]"	"https://avatars.steamstatic.com/33f55e79bf2280489b068922a0b5738470f25ab8_full.jpg"	"2026-09-05T21:27:34.469338+00:00"
"[U:1:7767316]"	"https://avatars.steamstatic.com/5906857ffb8b384e570d9ffe6ca83b6b13e19dc7_full.jpg"	"2026-09-05T21:27:34.469338+00:00"
"[U:1:324060341]"	"https://avatars.steamstatic.com/6d6049da2cb233848d2d5a68ca87562eebfd8ce7_full.jpg"	"2026-09-05T21:27:34.469338+00:00"
"[U:1:1636177714]"	"https://avatars.steamstatic.com/fe357a7c538ef894ecb376c16744634b990807f6_full.jpg"	"2026-09-05T21:27:34.469338+00:00"
"[U:1:1011630988]"	"https://avatars.steamstatic.com/eb9add7ab32c3d07693dd833c4b3c1672e6a497f_full.jpg"	"2026-09-05T21:27:34.469338+00:00"
"[U:1:1073390271]"	"https://avatars.steamstatic.com/7361d30927d638342222353a4d3e73f86274dbfe_full.jpg"	"2026-09-05T21:27:34.469338+00:00"
"[U:1:241553544]"	"https://avatars.steamstatic.com/8a3eb2c17133e47c9fbcd2147fb2890080357bdd_full.jpg"	"2026-09-05T21:27:34.469338+00:00"
"[U:1:1619125250]"	"https://avatars.steamstatic.com/4ed539891128fecfac68d70639256fde36ce0b96_full.jpg"	"2026-09-05T21:27:34.469338+00:00"
"[U:1:1267950053]"	"https://avatars.steamstatic.com/baf96e3b0fd94d6c30f01140de98a83770cd95be_full.jpg"	"2026-09-05T21:27:34.469338+00:00"
"[U:1:1193933566]"	"https://avatars.steamstatic.com/7ffc06ae8b1259198f46b3330f32d4cb6decec86_full.jpg"	"2026-09-05T21:27:34.469338+00:00"
"[U:1:140388562]"	"https://avatars.steamstatic.com/91d0ac705c6148d636a6361cf2a6be65499da830_full.jpg"	"2026-09-05T21:27:34.469338+00:00"
"[U:1:88091192]"	"https://avatars.steamstatic.com/c303ae0c2a09b2cd87805ab518f3a4df21da021d_full.jpg"	"2026-09-05T21:27:34.469338+00:00"
"[U:1:158572622]"	"https://avatars.steamstatic.com/50153d4e8e8bbc4f0da5fbcfa9596b96798ae4f4_full.jpg"	"2026-09-05T21:27:34.469338+00:00"
"[U:1:78737110]"	"https://avatars.steamstatic.com/bde3c22c2ab8118d052013a1cf4f1ca4f1aefab9_full.jpg"	"2026-09-05T21:27:34.469338+00:00"
"[U:1:799619198]"	"https://avatars.steamstatic.com/d67c360ba466de0b27bc502bb338ef9d7d8a6f90_full.jpg"	"2026-09-05T21:27:34.469338+00:00"
"[U:1:32620006]"	"https://avatars.steamstatic.com/a395d68fd1a44c546c4afad079f8cd7fefe47934_full.jpg"	"2026-09-05T21:27:34.469338+00:00"
"[U:1:326473944]"	"https://avatars.steamstatic.com/2ff383e76e3d98ee3a5cfcb95e20167799e8313f_full.jpg"	"2026-09-05T21:27:34.469338+00:00"
"[U:1:205140363]"	"https://avatars.steamstatic.com/04b5e57e7d9a297d738e60a0f9a374d0f5aad31d_full.jpg"	"2026-09-05T21:27:34.469338+00:00"
"[U:1:14933053]"	"https://avatars.steamstatic.com/11e462ab6128f2121617015296f4131a33558cba_full.jpg"	"2026-09-05T21:27:34.469338+00:00"
"[U:1:32622316]"	"https://avatars.steamstatic.com/2158a68090be7b64dcb7fe7d6e2c63a7a7808c23_full.jpg"	"2026-09-05T21:27:34.469338+00:00"
"[U:1:163869688]"	"https://avatars.steamstatic.com/a24c476d115e0bdd5fd9d77980739bd66763c67d_full.jpg"	"2026-09-05T21:27:34.469338+00:00"
"[U:1:1532221808]"	"https://avatars.steamstatic.com/474238debcd32eb2db21125b2cb0a327d89a0294_full.jpg"	"2026-09-05T21:27:34.469338+00:00"
"[U:1:1399738822]"	"https://avatars.steamstatic.com/c2fe292ba31ce13f0d3679702a53910b5cf37ea3_full.jpg"	"2026-09-05T21:27:34.469338+00:00"
"[U:1:2126497]"	"https://avatars.steamstatic.com/cc2ad38f2142fc953432bf5462a37a91ad4a8b0c_full.jpg"	"2026-09-05T21:27:34.469338+00:00"
"[U:1:1507909318]"	"https://avatars.steamstatic.com/182655828f1fbcf72a632a44ba0cb231ec665daf_full.jpg"	"2026-09-05T21:27:34.469338+00:00"
"[U:1:1287219443]"	"https://avatars.steamstatic.com/a92260a10daeb85ab4cae3f10bcab1f6c7b36173_full.jpg"	"2026-09-05T21:27:34.469338+00:00"
"[U:1:1248626257]"	"https://avatars.steamstatic.com/3b7052d16b3508451b0a46c8720bf622017c5ff0_full.jpg"	"2026-09-05T21:27:34.469338+00:00"
"[U:1:158799314]"	"https://avatars.steamstatic.com/784fe1dabeb31bc4e429424d4f25ec3dcdb2590f_full.jpg"	"2026-09-05T21:27:34.469338+00:00"
"[U:1:265295624]"	"https://avatars.steamstatic.com/efc5cbbd771e3ec8f0cf06e994c23fda32f6b9c2_full.jpg"	"2026-09-05T21:27:34.469338+00:00"
"[U:1:461946742]"	"https://avatars.steamstatic.com/8c0b125d96d8f4de8b51e06042bbe76b382eb29f_full.jpg"	"2026-09-05T21:27:34.469338+00:00"
"[U:1:1167995625]"	"https://avatars.steamstatic.com/cd076d964664849aa79f9e73c9cc65965a185342_full.jpg"	"2026-09-05T21:27:34.469338+00:00"
"[U:1:1075549480]"	"https://avatars.steamstatic.com/0a35943d436d13953b954f10b9199bb1282150a8_full.jpg"	"2026-09-05T21:27:34.469338+00:00"
"[U:1:52879936]"	"https://avatars.steamstatic.com/1cf90d56a81bbf81098f119e87d4c6505794bdb2_full.jpg"	"2026-09-05T21:27:34.469338+00:00"
"[U:1:1050509125]"	"https://avatars.steamstatic.com/dd544b78f2dce813e554a4b680fb13aa22c8056a_full.jpg"	"2026-09-05T21:27:34.469338+00:00"
"[U:1:1063546266]"	"https://avatars.steamstatic.com/97c0527e74795a3b6a56dd958f6c87e04fdbfd1d_full.jpg"	"2026-09-05T21:27:34.469338+00:00"
"[U:1:149345452]"	"https://avatars.steamstatic.com/72bf2e984918216cac84f025b0d5f105bbd08b89_full.jpg"	"2026-09-05T21:27:34.469338+00:00"
"[U:1:1781709770]"	"https://avatars.steamstatic.com/05db0317f5158a456fdb09df4cca3babd74d6457_full.jpg"	"2026-09-05T21:27:34.469338+00:00"
"[U:1:115395408]"	"https://avatars.steamstatic.com/1fad9810d35069072911ac1ec57253738452b896_full.jpg"	"2026-09-05T21:27:34.469338+00:00"
"[U:1:163668974]"	"https://avatars.steamstatic.com/d8260930bcb1834558b463966adc6a965fec8914_full.jpg"	"2026-09-05T21:27:34.469338+00:00"
"[U:1:800446428]"	"https://avatars.steamstatic.com/9cc5c77d13af4362f4442f6e826456a55432bff8_full.jpg"	"2026-09-05T21:27:34.469338+00:00"
"[U:1:1268034979]"	"https://avatars.steamstatic.com/8c1f869d0315f5210444ff9e4647f1ed538c6a84_full.jpg"	"2026-09-05T21:27:34.469338+00:00"
"[U:1:32585016]"	"https://avatars.steamstatic.com/382e052b8e42b31d59f4ee1415a43bf809ad0bd7_full.jpg"	"2026-09-05T21:27:34.469338+00:00"
"[U:1:39095983]"	"https://avatars.steamstatic.com/6db2ac365ae4ee52c350ac4e9a34fdbf013c64ce_full.jpg"	"2026-09-05T21:27:34.469338+00:00"
"[U:1:28185006]"	"https://avatars.steamstatic.com/6633e90bd47241d842819b4040286106b2b25478_full.jpg"	"2026-09-05T21:27:34.469338+00:00"
"[U:1:1268155354]"	"https://avatars.steamstatic.com/beff044aa3b243a3b466bf6d3308bfb0bf21908a_full.jpg"	"2026-09-05T21:27:34.469338+00:00"
"[U:1:969530867]"	"https://avatars.steamstatic.com/58131f3eb7443a50c245ebc318bcda7d554bfa5b_full.jpg"	"2026-09-05T21:27:34.469338+00:00"
"[U:1:390429236]"	"https://avatars.steamstatic.com/42345bd283759e032b947942293e55d9be133ef5_full.jpg"	"2026-09-05T21:27:34.469338+00:00"
"[U:1:881137391]"	"https://avatars.steamstatic.com/24b37bcf2d618cdbdda2629cb8bd109590a22677_full.jpg"	"2026-09-05T21:27:34.469338+00:00"
"[U:1:32604711]"	"https://avatars.steamstatic.com/99094f7e3326953fd854b62ffcbe73f0ee83bfd2_full.jpg"	"2026-09-05T21:27:34.469338+00:00"
"[U:1:1114365571]"	"https://avatars.steamstatic.com/d0efa2e6ef4870d6fb62aee1db9e352ac0f8ef4b_full.jpg"	"2026-09-05T21:27:34.469338+00:00"
"[U:1:385646023]"	"https://avatars.steamstatic.com/a92260a10daeb85ab4cae3f10bcab1f6c7b36173_full.jpg"	"2026-09-05T21:27:34.469338+00:00"
"[U:1:284913076]"	"https://avatars.steamstatic.com/a0d96003a162718477dd55f8fa216dab6c74c13e_full.jpg"	"2026-09-05T21:27:34.469338+00:00"
"[U:1:88076007]"	"https://avatars.steamstatic.com/c8c8695b07d359d7cb7ddfe828902b5c0b55a7b9_full.jpg"	"2026-09-05T21:27:34.469338+00:00"
"[U:1:886499610]"	"https://avatars.steamstatic.com/49c7dc0024021307d7279c50588c0268d464aadf_full.jpg"	"2026-09-05T21:27:34.469338+00:00"
"[U:1:1911148499]"	"https://avatars.steamstatic.com/0c39a2279edbe13f82537b1768383d98461c6836_full.jpg"	"2026-09-05T21:27:34.469338+00:00"
"[U:1:136597188]"	"https://avatars.steamstatic.com/570dadbb59231d6fdcb4ac8242702f6bb1ce5c97_full.jpg"	"2026-09-05T21:27:34.469338+00:00"
"[U:1:110697463]"	"https://avatars.steamstatic.com/3af144a46803e0d93851b1e0cb74226998afb346_full.jpg"	"2026-09-05T21:27:34.469338+00:00"
"[U:1:1586082440]"	"https://avatars.steamstatic.com/7d491037de629e04bfb1b73aa66e81b154c2b494_full.jpg"	"2026-09-05T21:27:34.469338+00:00"
"[U:1:325905217]"	"https://avatars.steamstatic.com/5229545cc3d0e7e1622214b4154c3d420f0e9a8b_full.jpg"	"2026-09-05T21:27:34.469338+00:00"
"[U:1:110709763]"	"https://avatars.steamstatic.com/c2e3e3d90a44ba33c8a43caf2f34f2f5f42a1024_full.jpg"	"2026-09-05T21:27:34.469338+00:00"
"[U:1:391979160]"	"https://avatars.steamstatic.com/6297bf4c11fbd1d52761a3c1007555fb6f79a348_full.jpg"	"2026-09-05T21:27:34.469338+00:00"
"[U:1:246251432]"	"https://avatars.steamstatic.com/332aacfa8c467c22368f9527a13646d9d4f656c8_full.jpg"	"2026-09-05T21:27:34.469338+00:00"
"[U:1:1268599460]"	"https://avatars.steamstatic.com/99db00bd494a1703ef7d81af47292ab7a62d49c2_full.jpg"	"2026-09-05T21:27:34.469338+00:00"
"[U:1:1915511339]"	"https://avatars.steamstatic.com/fef49e7fa7e1997310d705b2a6158ff8dc1cdfeb_full.jpg"	"2026-09-05T21:27:34.469338+00:00"
"[U:1:88145541]"	"https://avatars.steamstatic.com/5bcfbd9af21fbc394de40ecfcd1ded001fc8d5e5_full.jpg"	"2026-09-05T21:27:34.469338+00:00"
"[U:1:185496079]"	"https://avatars.steamstatic.com/a56f38f81c0599ccc7a78a92383c40327d7e6abb_full.jpg"	"2026-09-05T21:27:34.469338+00:00"
"[U:1:1706450686]"	"https://avatars.steamstatic.com/8a78a24d3ae3031caf2695bc4dede2d6eb7af7cf_full.jpg"	"2026-09-05T21:27:34.469338+00:00"
"[U:1:120698031]"	"https://avatars.steamstatic.com/7b73463b65dc471ff1cfc6eb3a17fdf74327301d_full.jpg"	"2026-09-05T21:27:34.469338+00:00"
"[U:1:776915805]"	"https://avatars.steamstatic.com/0d385d784bd88b310fc673884294da337b9b0836_full.jpg"	"2026-09-05T21:27:34.469338+00:00"
"[U:1:886870068]"	"https://avatars.steamstatic.com/d63297d41df831932b2e99e7f029994cbc19dc87_full.jpg"	"2026-09-05T21:27:34.469338+00:00"
"[U:1:386040698]"	"https://avatars.steamstatic.com/c9180f93ac892fa7d078f5946239d049e987e3b6_full.jpg"	"2026-09-05T21:27:34.469338+00:00"
"[U:1:1554890717]"	"https://avatars.steamstatic.com/166d758dbfda69fe47089be2c343415fdebc7e54_full.jpg"	"2026-09-05T21:27:34.469338+00:00"
"[U:1:191542392]"	"https://avatars.steamstatic.com/e7dc3556c3e561b7ab0c2c4ae31b927bd38e6a68_full.jpg"	"2026-09-05T21:27:34.469338+00:00"
"[U:1:325881644]"	"https://avatars.steamstatic.com/f6c4dfe9bd4bb6d617ab9db23ca5aa6ea8412157_full.jpg"	"2026-09-05T21:27:34.469338+00:00"
"[U:1:1618850612]"	"https://avatars.steamstatic.com/6e8ad2867ef637f2650eb90ae41b20b52859af98_full.jpg"	"2026-09-05T21:27:34.469338+00:00"
"[U:1:754639129]"	"https://avatars.steamstatic.com/73ffbae66db0e0f0b41654193971207f5b17a9e2_full.jpg"	"2026-09-05T21:27:34.469338+00:00"
"[U:1:326082468]"	"https://avatars.steamstatic.com/52410faa12ec3c8d508890ba860a70c2d174fb1f_full.jpg"	"2026-09-05T21:27:34.469338+00:00"
"[U:1:390622733]"	"https://avatars.steamstatic.com/c2d3b24b0cb7fb816eca77f26c26ed8414ae90a3_full.jpg"	"2026-09-05T21:27:34.469338+00:00"
"[U:1:1192555251]"	"https://avatars.steamstatic.com/04899f2c02ebf4269bb982fd7fdbc15942e56993_full.jpg"	"2026-09-05T21:27:34.469338+00:00"
"[U:1:1006736367]"	"https://avatars.steamstatic.com/e7fd64bdcfa508cebb2ac115dff841b64afcd78b_full.jpg"	"2026-09-05T21:27:34.469338+00:00"
"[U:1:799994978]"	"https://avatars.steamstatic.com/e30405510c39cc0a20cb63ecb1ff2e7c9d763a8e_full.jpg"	"2026-09-05T21:27:34.469338+00:00"
"[U:1:325617312]"	"https://avatars.steamstatic.com/350eacfbe36825a481fcae43857777f2fdbfc472_full.jpg"	"2026-09-05T21:27:34.469338+00:00"
"[U:1:245015868]"	"https://avatars.steamstatic.com/694158df4d415913ed5fb96ff6eca5f984aebbe6_full.jpg"	"2026-09-05T21:27:34.469338+00:00"
"[U:1:66609996]"	"https://avatars.steamstatic.com/792a934165d1faef4c8e461ea72ca5fe13bd90c8_full.jpg"	"2026-09-05T21:27:34.469338+00:00"
"[U:1:210996351]"	"https://avatars.steamstatic.com/6956e9cce6d5cc63873d3649d1e4f33927468378_full.jpg"	"2026-09-05T21:27:34.469338+00:00"
"[U:1:132055864]"	"https://avatars.steamstatic.com/8e83c06cc2b8b42fa2bc107edb5004664c061d24_full.jpg"	"2026-09-05T21:27:34.469338+00:00"
"[U:1:172532963]"	"https://avatars.steamstatic.com/09821fce66f2331953aaebacd97fb4c7602e25c9_full.jpg"	"2026-09-05T21:27:34.469338+00:00"
"[U:1:325522908]"	"https://avatars.steamstatic.com/be24ed3687005e97eafbae55a80797e796197fc2_full.jpg"	"2026-09-05T21:27:34.469338+00:00"
"[U:1:1287963148]"	"https://avatars.steamstatic.com/1c52b805f6200e2b2c265988531d5fbd8e3ebd7d_full.jpg"	"2026-09-05T21:27:34.469338+00:00"
"[U:1:284890682]"	"https://avatars.steamstatic.com/0ac4198f08ae2419ab9f28bb24eebecb8712569a_full.jpg"	"2026-09-05T21:27:34.469338+00:00"
"[U:1:886614725]"	"https://avatars.steamstatic.com/4f4098db75bd7fec494464f41e3868aaf485032b_full.jpg"	"2026-09-05T21:27:34.469338+00:00"
"[U:1:139982650]"	"https://avatars.steamstatic.com/9bf797eb046fe6aea04d4a75e65cee18534bc5ee_full.jpg"	"2026-09-05T21:27:34.469338+00:00"
"[U:1:66675348]"	"https://avatars.steamstatic.com/be5c670aff09527093c19c6c9065256fdafaabd7_full.jpg"	"2026-09-05T21:27:34.469338+00:00"
"[U:1:1631544976]"	"https://avatars.steamstatic.com/8679a638ae1f8c4fb4003166da3b2acdd667cc3f_full.jpg"	"2026-09-05T21:27:34.469338+00:00"
"[U:1:66681205]"	"https://avatars.steamstatic.com/44ffe8816944cf4ae7ac0fdbe8f44be75f1546a6_full.jpg"	"2026-09-05T21:27:34.469338+00:00"
"[U:1:215138195]"	"https://avatars.steamstatic.com/4823f3b4d19196a4774511d14d4009c71c2f285e_full.jpg"	"2026-09-05T21:27:34.469338+00:00"
"[U:1:1312010918]"	"https://avatars.steamstatic.com/56c6128508d17d8b5ea79a66d14ac799b4a585cb_full.jpg"	"2026-09-05T21:27:34.469338+00:00"
"[U:1:38564790]"	"https://avatars.steamstatic.com/d31a7d1444cf6845a74638cbea78398ed23933f6_full.jpg"	"2026-09-05T21:27:34.469338+00:00"
"[U:1:1053130043]"	"https://avatars.steamstatic.com/fe639f5fbb94c58dcd7d2ab782121be7b3e5b1f4_full.jpg"	"2026-09-05T21:27:34.469338+00:00"
"[U:1:839038460]"	"https://avatars.steamstatic.com/3e484ff3c942d6142348d966213ea28908ee4ccd_full.jpg"	"2026-09-05T21:27:34.469338+00:00"
"[U:1:106618086]"	"https://avatars.steamstatic.com/55e8b6a8f30ce7fe99c2b1ecb55e87a3e21f0947_full.jpg"	"2026-09-05T21:27:34.469338+00:00"
"[U:1:799802713]"	"https://avatars.steamstatic.com/e353102df327551105d544b7d14b24232e0b77e0_full.jpg"	"2026-09-05T21:27:34.469338+00:00"
"[U:1:169554686]"	"https://avatars.steamstatic.com/eb3efbc9215246df22e91662948cb2b9050f73e9_full.jpg"	"2026-09-05T21:27:34.469338+00:00"
"[U:1:879943971]"	"https://avatars.steamstatic.com/d2a86ee538bec6359b429fbb0f9dd96a2d94bc2c_full.jpg"	"2026-09-05T21:27:34.469338+00:00"
"[U:1:1291156813]"	"https://avatars.steamstatic.com/7ae2b7205c0288c3eaac2dae59cf818f3e144f63_full.jpg"	"2026-09-05T21:27:34.469338+00:00"
"[U:1:144931097]"	"https://avatars.steamstatic.com/3951ea04894c6e7a3e22870dacaeeda75003d352_full.jpg"	"2026-09-05T21:27:34.469338+00:00"
"[U:1:1267385022]"	"https://avatars.steamstatic.com/18fdbbc6d104eac389202ce6859e5a13d55a2841_full.jpg"	"2026-09-05T21:27:34.469338+00:00"
"[U:1:172534634]"	"https://avatars.steamstatic.com/2a7ae531e4a1fe5f9e4e82033f027e31c90e50da_full.jpg"	"2026-09-05T21:27:34.469338+00:00"
"[U:1:1139904088]"	"https://avatars.steamstatic.com/1454c7d29372359bf8b4b3f42b4158b837f41c9c_full.jpg"	"2026-09-05T21:27:34.469338+00:00"
"[U:1:1132065922]"	"https://avatars.steamstatic.com/b2992d0e7c790040fff90a5d66173ef804e0322a_full.jpg"	"2026-09-05T21:27:34.469338+00:00"
"[U:1:58821616]"	"https://avatars.steamstatic.com/4342f92acc13b15f16c634416078d915c36c60d0_full.jpg"	"2026-09-05T21:27:34.469338+00:00"
"[U:1:1140943857]"	"https://avatars.steamstatic.com/7a76c14caab19047f20157059615176e6f528d3d_full.jpg"	"2026-09-05T21:27:34.469338+00:00"
"[U:1:1278551213]"	"https://avatars.steamstatic.com/113ee64a6fb2eb7f388c90f399ff911b308fa411_full.jpg"	"2026-09-05T21:27:34.469338+00:00"
"[U:1:392832255]"	"https://avatars.steamstatic.com/9c87db7012ef002a02e07eb675363135d39e64dc_full.jpg"	"2026-09-05T21:27:34.469338+00:00"
"[U:1:39283604]"	"https://avatars.steamstatic.com/0e449d55f5646cf05c3feb57c9fec30039295b7b_full.jpg"	"2026-09-05T21:27:34.469338+00:00"
"[U:1:1161128270]"	"https://avatars.steamstatic.com/05adbe916b1a802a951688bd337ed75820bf2aa3_full.jpg"	"2026-09-05T21:27:34.469338+00:00"
"[U:1:65596712]"	"https://avatars.steamstatic.com/e1e44b3fa0093457b72667f66608393efc04fa3c_full.jpg"	"2026-09-05T21:27:34.469338+00:00"
"[U:1:1003833024]"	"https://avatars.steamstatic.com/e3806581b692f5010d0ea9876ef8fa3f0160e253_full.jpg"	"2026-09-05T21:27:34.469338+00:00"
"[U:1:383458932]"	"https://avatars.steamstatic.com/5ecc54c70289c75e865d116239e18c365b7bc2ef_full.jpg"	"2026-09-05T21:27:34.469338+00:00"
"[U:1:38432498]"	"https://avatars.steamstatic.com/ef422fa34c8e1e8db8ca74b2cab753d2b58fb9d6_full.jpg"	"2026-09-05T21:27:34.469338+00:00"
"[U:1:888949075]"	"https://avatars.steamstatic.com/e4240ff15f79278ea919e75df8499e34dfda33df_full.jpg"	"2026-09-05T21:27:34.469338+00:00"
"[U:1:241510351]"	"https://avatars.steamstatic.com/7d57d13e959edc8c11aebff6ac218148f932b331_full.jpg"	"2026-09-05T21:27:34.469338+00:00"
"[U:1:161295806]"	"https://avatars.steamstatic.com/648aa5c9c7447fda72b28832242ce1996734315f_full.jpg"	"2026-09-05T21:27:34.469338+00:00"
"[U:1:285552588]"	"https://avatars.steamstatic.com/61950b7d2f71d8967a802d7c8984cb34aa564d2a_full.jpg"	"2026-09-05T21:27:34.469338+00:00"
"[U:1:890405489]"	"https://avatars.steamstatic.com/d0bb111aa06961a0b7970954c8e4ddd4cc05d465_full.jpg"	"2026-09-05T21:27:34.469338+00:00"
"[U:1:1192315383]"	"https://avatars.steamstatic.com/cce1d39cc849f2368e5de06d57ceaccca02651d4_full.jpg"	"2026-09-05T21:27:34.469338+00:00"
"[U:1:384458684]"	"https://avatars.steamstatic.com/0c39a2279edbe13f82537b1768383d98461c6836_full.jpg"	"2026-09-05T21:27:34.469338+00:00"
"[U:1:1175199175]"	"https://avatars.steamstatic.com/928e4641484f1b17a6227d1e07e09a68ee391041_full.jpg"	"2026-09-05T21:27:34.469338+00:00"
"[U:1:994751182]"	"https://avatars.steamstatic.com/229b73321b63419be981686e1b4b7f63017e3763_full.jpg"	"2026-09-05T21:27:34.469338+00:00"
"[U:1:327595076]"	"https://avatars.steamstatic.com/b6321c77b2ef04740d7219f406459d704c5b9eb4_full.jpg"	"2026-09-05T21:27:34.469338+00:00"
"[U:1:1266997613]"	"https://avatars.steamstatic.com/644d0f5780f93287243e8b0ac88924532fdb68b8_full.jpg"	"2026-09-05T21:27:34.469338+00:00"
"[U:1:1141112310]"	"https://avatars.steamstatic.com/0227a240393e6d62f539ee7b306dd048b0830eeb_full.jpg"	"2026-09-05T21:27:34.469338+00:00"
"[U:1:322285586]"	"https://avatars.steamstatic.com/cfa61c110433ad7e320c8242a2f86e7c6359bbb4_full.jpg"	"2026-09-05T21:27:34.469338+00:00"
"[U:1:1053145216]"	"https://avatars.steamstatic.com/364daef3e1461391b5dc085544d86f584e424668_full.jpg"	"2026-09-05T21:27:34.469338+00:00"
"[U:1:87911234]"	"https://avatars.steamstatic.com/cbda8a836c5f1b151147e974edf1c08c0a98d0da_full.jpg"	"2026-09-05T21:27:34.469338+00:00"
"[U:1:65526228]"	"https://avatars.steamstatic.com/b2edbc430cffa963966ebafc9e7844414a9c51c1_full.jpg"	"2026-09-05T21:27:34.469338+00:00"
"[U:1:67034233]"	"https://avatars.steamstatic.com/fef49e7fa7e1997310d705b2a6158ff8dc1cdfeb_full.jpg"	"2026-09-05T21:27:34.469338+00:00"
"[U:1:846907600]"	"https://avatars.steamstatic.com/4625ace2f2fa70ae90380eaf2e151832b4526980_full.jpg"	"2026-09-05T21:27:34.469338+00:00"
"[U:1:52096561]"	"https://avatars.steamstatic.com/61e4808e3b18cb4c8662b518d409363e94cbb009_full.jpg"	"2026-09-05T21:27:34.469338+00:00"
"[U:1:1235023315]"	"https://avatars.steamstatic.com/ee08cd55e2e86b36369b3581574426789abf3967_full.jpg"	"2026-09-05T21:27:34.469338+00:00"
"[U:1:1225887348]"	"https://avatars.steamstatic.com/646cb3a7e8a2d2ed519415385ea8f35c0b938111_full.jpg"	"2026-09-05T21:27:34.469338+00:00"
"[U:1:322412826]"	"https://avatars.steamstatic.com/d8a0dd684703c91eaeb184733bd133aff0813f8a_full.jpg"	"2026-09-05T21:27:34.469338+00:00"
"[U:1:72207481]"	"https://avatars.steamstatic.com/88ef508300c7f149f01651395398caa5f0ea77c6_full.jpg"	"2026-09-05T21:27:34.469338+00:00"
"[U:1:205256877]"	"https://avatars.steamstatic.com/fc4e9e66eb4b73b008e5c55db70dd453eefc00d9_full.jpg"	"2026-09-05T21:27:34.469338+00:00"
"[U:1:1269085126]"	"https://avatars.steamstatic.com/7d8731d02c96ed68deb7afc3a2c4284e8adf3be0_full.jpg"	"2026-09-05T21:27:34.469338+00:00"
"[U:1:393358364]"	"https://avatars.steamstatic.com/d068d26e7fcf8812f7a4bd3afd2cee4a2eb95598_full.jpg"	"2026-09-05T21:27:34.469338+00:00"
"[U:1:322003786]"	"https://avatars.steamstatic.com/d084a4d9715e0a5bb391bf437f14ce2494478009_full.jpg"	"2026-09-05T21:27:34.469338+00:00"
"[U:1:1909983181]"	"https://avatars.steamstatic.com/6b6f5facf5b4e828985f4ce7a7ebaf3b80bd8dad_full.jpg"	"2026-09-05T21:27:34.469338+00:00"
"[U:1:1125070711]"	"https://avatars.steamstatic.com/7653786d067f8be5d3d4cb669d4fe52726788a3c_full.jpg"	"2026-09-05T21:27:34.469338+00:00"
"[U:1:311734189]"	"https://avatars.steamstatic.com/01f267b6304e779c1f2727dc6a9826161030f7e3_full.jpg"	"2026-09-05T21:27:34.469338+00:00"
"[U:1:1585385813]"	"https://avatars.steamstatic.com/69dd99d211afa597e133bc35eb56051d1ee1c078_full.jpg"	"2026-09-05T21:27:34.469338+00:00"
"[U:1:1014425235]"	"https://avatars.steamstatic.com/8217aa7660b1c3a65ac5ca1a057fe3569ea31ace_full.jpg"	"2026-09-05T21:27:34.469338+00:00"
"[U:1:384662122]"	"https://avatars.steamstatic.com/dcbda75ba6be0eb354b741b26f3c07d8e4c82be0_full.jpg"	"2026-09-05T21:27:34.469338+00:00"
"[U:1:392189014]"	"https://avatars.steamstatic.com/62cbb1b79572e3f1149efc9662513f80d1b2f682_full.jpg"	"2026-09-05T21:27:34.469338+00:00"
"[U:1:321677640]"	"https://avatars.steamstatic.com/e6288cc547e4573ac05a788d463d98bfd77a6113_full.jpg"	"2026-09-05T21:27:34.469338+00:00"
"[U:1:1075579860]"	"https://avatars.steamstatic.com/1a59e60acd7e89d10a43e03b61508c99cbdd3bfd_full.jpg"	"2026-09-05T21:27:34.469338+00:00"
"[U:1:436712626]"	"https://avatars.steamstatic.com/01d78b2b4a283f9cdbc6958a2e3bd361e16ae215_full.jpg"	"2026-09-05T21:27:34.469338+00:00"
"[U:1:750782326]"	"https://avatars.steamstatic.com/ec48cb48218a84e568a9b995a412e4532a640c81_full.jpg"	"2026-09-05T21:27:34.469338+00:00"
"[U:1:839096436]"	"https://avatars.steamstatic.com/3754cfa33f16c4084e160aa644b5b971738be6a0_full.jpg"	"2026-09-05T21:27:34.469338+00:00"
"[U:1:246862]"	"https://avatars.steamstatic.com/d670b05d74e9fdfc3617d12119a9087d3d3ff082_full.jpg"	"2026-09-05T21:27:34.469338+00:00"
"[U:1:8062516]"	"https://avatars.steamstatic.com/ded7859c2b67ca855a894723e39910dff76ff6c1_full.jpg"	"2026-09-05T21:27:34.469338+00:00"
"[U:1:121011947]"	"https://avatars.steamstatic.com/0874f5c49c6008a307473f9708b0a64ddfe3d0e4_full.jpg"	"2026-09-05T21:27:34.469338+00:00"
"[U:1:1048028055]"	"https://avatars.steamstatic.com/39e1362a28ae8c7a42e9e9d998dc335b734f3a4a_full.jpg"	"2026-09-05T21:27:34.469338+00:00"
"[U:1:1852987352]"	"https://avatars.steamstatic.com/45d89547553b11e5cb4ade7d8a95a5806383dd96_full.jpg"	"2026-09-05T21:27:34.469338+00:00"
"[U:1:889945867]"	"https://avatars.steamstatic.com/b04630c1a3b6ad43923ae256b08f6e8344a0e0cc_full.jpg"	"2026-09-05T21:27:34.469338+00:00"
"[U:1:133796922]"	"https://avatars.steamstatic.com/623e805754e08ce32b9cdf3860987ac2fca74a5f_full.jpg"	"2026-09-05T21:27:34.469338+00:00"
"[U:1:384486384]"	"https://avatars.steamstatic.com/f3b61ecb263d6f85dc31451998a648a52495d7f0_full.jpg"	"2026-09-05T21:27:34.469338+00:00"
"[U:1:100970152]"	"https://avatars.steamstatic.com/5076cb4b31180b9fb9b6520693e7906f4c89b8ba_full.jpg"	"2026-09-05T21:27:34.469338+00:00"
"[U:1:878246522]"	"https://avatars.steamstatic.com/e92aedbc9a954d436d3a9c4f1f7e7cd8df6b778c_full.jpg"	"2026-09-05T21:27:34.469338+00:00"
"[U:1:478434427]"	"https://avatars.steamstatic.com/3d3e5d774e070a065679393516a26fd1b64dd784_full.jpg"	"2026-09-05T21:27:34.469338+00:00"
"[U:1:1110688200]"	"https://avatars.steamstatic.com/0df04df646c7f0430c467517e5e642a00896359b_full.jpg"	"2026-09-05T21:27:34.469338+00:00"
"[U:1:755667751]"	"https://avatars.steamstatic.com/f249da9390246755b770fca1eefa2ce84611a1af_full.jpg"	"2026-09-05T21:27:34.469338+00:00"
"[U:1:80589520]"	"https://avatars.steamstatic.com/49ca46bd1f3a0c7846a1ec9f192e0624951a58e0_full.jpg"	"2026-09-05T21:27:34.469338+00:00"
"[U:1:113050283]"	"https://avatars.steamstatic.com/195fe861f1381aea8be06ba02638a29d449136c8_full.jpg"	"2026-09-05T21:27:34.469338+00:00"
"[U:1:1113316959]"	"https://avatars.steamstatic.com/e063ade1333e80dab68b4caa6d189549316cbec8_full.jpg"	"2026-09-05T21:27:34.469338+00:00"
"[U:1:879039414]"	"https://avatars.steamstatic.com/4d3caaa2faaabdc1a3323c5d9273f5078d53fd76_full.jpg"	"2026-09-05T21:27:34.469338+00:00"
"[U:1:1141040974]"	"https://avatars.steamstatic.com/a1c35837ce52a5876e713c6bba9f182c97ac2402_full.jpg"	"2026-09-05T21:27:34.469338+00:00"
"[U:1:1217915399]"	"https://avatars.steamstatic.com/282b140b7a1bc5de7290dda1cb8916bff0086af1_full.jpg"	"2026-09-05T21:27:34.469338+00:00"
"[U:1:384732362]"	"https://avatars.steamstatic.com/ad9b29f9064cb3f26ccb70efe5a705d08dd133b9_full.jpg"	"2026-09-05T21:27:34.469338+00:00"
"[U:1:970378179]"	"https://avatars.steamstatic.com/de9486536692fb40f6a02456934ff7bd42dab718_full.jpg"	"2026-09-05T21:27:34.469338+00:00"
"[U:1:449953632]"	"https://avatars.steamstatic.com/ec7a6c46ab9c60a958129ee2bf735fef0db99a21_full.jpg"	"2026-09-05T21:27:34.469338+00:00"
"[U:1:969751532]"	"https://avatars.steamstatic.com/e29c9e89506a9d0c319bee9c71d0516d86126761_full.jpg"	"2026-09-05T21:27:34.469338+00:00"
"[U:1:1609080061]"	"https://avatars.steamstatic.com/608e8b4eba936298226f034ca745e3169d245a7e_full.jpg"	"2026-09-05T21:27:34.469338+00:00"
"[U:1:969951003]"	"https://avatars.steamstatic.com/bc63260e3b5b44dee3e0cb094a7fcc6b4a083fdc_full.jpg"	"2026-09-05T21:27:34.469338+00:00"
"[U:1:878320834]"	"https://avatars.steamstatic.com/a28c526b865e0f99d794f127767dcbbe37d9f651_full.jpg"	"2026-09-05T21:27:34.469338+00:00"
"[U:1:392823284]"	"https://avatars.steamstatic.com/cf2675f538611cd8ef0c6ae34e97ad27359a9c04_full.jpg"	"2026-09-05T21:27:34.469338+00:00"
"[U:1:890047820]"	"https://avatars.steamstatic.com/dbebbc7fe386356afd3e988dc1e6b47c24053cdc_full.jpg"	"2026-09-05T21:27:34.469338+00:00"
"[U:1:140570593]"	"https://avatars.steamstatic.com/683ea9c48a7ae3f5149d50a2ecd45412841a14ab_full.jpg"	"2026-09-05T21:27:34.469338+00:00"
"[U:1:185267902]"	"https://avatars.steamstatic.com/7ecaa4eedf5b3705fcbb79dcba8835a86a67e973_full.jpg"	"2026-09-05T21:27:34.469338+00:00"
"[U:1:229401017]"	"https://avatars.steamstatic.com/807d2b5c6cfb86db2f4112dda10343083ac2f0fa_full.jpg"	"2026-09-05T21:27:34.469338+00:00"
"[U:1:891355962]"	"https://avatars.steamstatic.com/7e6c71d57f75cae49b0c2bb6fd6f1e8be207a881_full.jpg"	"2026-09-05T21:27:34.469338+00:00"
"[U:1:1266869003]"	"https://avatars.steamstatic.com/2c4ccec8f9d0233e6b4976a5bdf5995ce2cdda89_full.jpg"	"2026-09-05T21:27:34.469338+00:00"
"[U:1:23382816]"	"https://avatars.steamstatic.com/f21c7c99772c639d33e362e37ffa7b8fd4ceecae_full.jpg"	"2026-09-05T21:27:34.469338+00:00"
"[U:1:122485734]"	"https://avatars.steamstatic.com/74e8465fe67b67e27cda209c324f1efdbfd47d51_full.jpg"	"2026-09-05T21:27:34.469338+00:00"
"[U:1:1053167992]"	"https://avatars.steamstatic.com/061e322b31878ec0a5ccd2a4591d6ed6f24e98d8_full.jpg"	"2026-09-05T21:27:34.469338+00:00"
"[U:1:1005483042]"	"https://avatars.steamstatic.com/ade7fe71a10d878cb37de3f77af0ac3cb44f4bd1_full.jpg"	"2026-09-05T21:27:34.469338+00:00"
"[U:1:878859162]"	"https://avatars.steamstatic.com/24055f6f5403795248866928f578a1ca9f53761e_full.jpg"	"2026-09-05T21:27:34.469338+00:00"
"[U:1:799114536]"	"https://avatars.steamstatic.com/fbec6ba6e69f2717f1945674be7a71cd6f16c002_full.jpg"	"2026-09-05T21:27:34.469338+00:00"
"[U:1:1141361723]"	"https://avatars.steamstatic.com/de4f7906b06a0be975d9b64066b5691cebd77cb5_full.jpg"	"2026-09-05T21:27:34.469338+00:00"
"[U:1:1141228046]"	"https://avatars.steamstatic.com/935d485ec18a45bfe26fbb50dfe6e00c67994658_full.jpg"	"2026-09-05T21:27:34.469338+00:00"
"[U:1:20946194]"	"https://avatars.steamstatic.com/dd50cba1e4f4baddd20282d7cb7e924c7bacdd9a_full.jpg"	"2026-09-05T21:27:34.469338+00:00"
"[U:1:5310726]"	"https://avatars.steamstatic.com/af19a86b0f2a1ba76fe9d013f86679e12bc4f19c_full.jpg"	"2026-09-05T21:27:34.469338+00:00"
"[U:1:1194706433]"	"https://avatars.steamstatic.com/b06db26b73c9c9a540c025a1289e3190b4118fba_full.jpg"	"2026-09-05T21:27:34.469338+00:00"
"[U:1:483898215]"	"https://avatars.steamstatic.com/86f1ce8e69f9fa21c359774f902242934a8dfed8_full.jpg"	"2026-09-05T21:27:34.469338+00:00"
"[U:1:171261081]"	"https://avatars.steamstatic.com/fc0000c9083385e8501e2b722c4ac0a80e0f3eee_full.jpg"	"2026-09-05T21:27:34.469338+00:00"
"[U:1:159004734]"	"https://avatars.steamstatic.com/e6c4fbdfb866b688179e3e88526e6fa318e3a973_full.jpg"	"2026-09-05T21:27:34.469338+00:00"
"[U:1:1312522307]"	"https://avatars.steamstatic.com/61ab70962972708287fbe01bbf30a073e02557fb_full.jpg"	"2026-09-05T21:27:34.469338+00:00"
"[U:1:1916783350]"	"https://avatars.steamstatic.com/7344a507cbeab939451d29292e3cb706ace6fdb6_full.jpg"	"2026-09-05T21:27:34.469338+00:00"
"[U:1:1463162674]"	"https://avatars.steamstatic.com/3d409364c569f54b5e5cd713f7634ff2fd810ddd_full.jpg"	"2026-09-05T21:27:34.469338+00:00"
"[U:1:1908852878]"	"https://avatars.steamstatic.com/9ed36beb5d09f2eafba210f988322cf050f1eb08_full.jpg"	"2026-09-05T21:27:34.469338+00:00"
"[U:1:393821042]"	"https://avatars.steamstatic.com/3f030a0c44e5a4465d6fdd9cd166882609c2bef4_full.jpg"	"2026-09-05T21:27:34.469338+00:00"
"[U:1:382996479]"	"https://avatars.steamstatic.com/59da413069e3a501fa77225c09ee4bad2e4508e1_full.jpg"	"2026-09-05T21:27:34.469338+00:00"
"[U:1:181677809]"	"https://avatars.steamstatic.com/5c02d0d2b5015c838d17823186efa8e12eef5b67_full.jpg"	"2026-09-05T21:27:34.469338+00:00"
"[U:1:891517276]"	"https://avatars.steamstatic.com/4f6ab69f6c12e4ddec783d7c3f09232f16d92eeb_full.jpg"	"2026-09-05T21:27:34.469338+00:00"
"[U:1:287288010]"	"https://avatars.steamstatic.com/f4e7432889c3773c1f585f0f5ccf488fec760a5b_full.jpg"	"2026-09-05T21:27:34.469338+00:00"
"[U:1:30993129]"	"https://avatars.steamstatic.com/8e50a71160821fb2cf54c1720805e6f1dfc6306f_full.jpg"	"2026-09-05T21:27:34.469338+00:00"
"[U:1:210432943]"	"https://avatars.steamstatic.com/dc4687d88bc3b4e836f0f4c06117bd20713788f0_full.jpg"	"2026-09-05T21:27:34.469338+00:00"
"[U:1:169704152]"	"https://avatars.steamstatic.com/1e9eb2b4e152ac21afb7582ac3ae8c5654f30a36_full.jpg"	"2026-09-05T21:27:34.469338+00:00"
"[U:1:1269182344]"	"https://avatars.steamstatic.com/84e3d677762aa4dac8b29f1c94e1ed9a6163bf1b_full.jpg"	"2026-09-05T21:27:34.469338+00:00"
"[U:1:107193262]"	"https://avatars.steamstatic.com/360489442f3a49ae3b947abae2b5ec7ffec4792a_full.jpg"	"2026-09-05T21:27:34.469338+00:00"
"[U:1:214014026]"	"https://avatars.steamstatic.com/ef98a82a8ee88e3fc7501c9b27a2c813d6abacb8_full.jpg"	"2026-09-05T21:27:34.469338+00:00"
"[U:1:205568716]"	"https://avatars.steamstatic.com/f1e96886ea7e1ca054fb510a2f079021f64f2e54_full.jpg"	"2026-09-05T21:27:34.469338+00:00"
"[U:1:1843042736]"	"https://avatars.steamstatic.com/d63e264097cf7d38769fad29a65059abc785576f_full.jpg"	"2026-09-05T21:27:34.469338+00:00"
"[U:1:142993338]"	"https://avatars.steamstatic.com/53e3cee425fc7f94645bdd762b9268e228cb5701_full.jpg"	"2026-09-05T21:27:34.469338+00:00"
"[U:1:363136101]"	"https://avatars.steamstatic.com/6ec831c483046b0a48527088806e2a0e6454a6bf_full.jpg"	"2026-09-05T21:27:34.469338+00:00"
"[U:1:1163902918]"	"https://avatars.steamstatic.com/1fee0fd0a2251c12c694f0b378e9314801918caa_full.jpg"	"2026-09-05T21:27:34.469338+00:00"
"[U:1:1010306043]"	"https://avatars.steamstatic.com/32b69a6c7fb97529caf7d78a6e94a23652483aff_full.jpg"	"2026-09-05T21:27:34.469338+00:00"
"[U:1:1269186436]"	"https://avatars.steamstatic.com/b06db26b73c9c9a540c025a1289e3190b4118fba_full.jpg"	"2026-09-05T21:27:34.469338+00:00"
"[U:1:1141522352]"	"https://avatars.steamstatic.com/1502f96efa6c4d308a49a4d3b95cac04245295ce_full.jpg"	"2026-09-05T21:27:34.469338+00:00"
"[U:1:894008690]"	"https://avatars.steamstatic.com/d927b1085a36a34dd4abc24a1a47326ce16c4c41_full.jpg"	"2026-09-05T21:27:34.469338+00:00"
"[U:1:1066623853]"	"https://avatars.steamstatic.com/c52f737557cc42a05170aff4302fcc8e2037bbcd_full.jpg"	"2026-09-05T21:27:34.469338+00:00"
"[U:1:155193155]"	"https://avatars.steamstatic.com/d69ae1139924a9e376ab333eb5893e8e78fed2f4_full.jpg"	"2026-09-05T21:27:34.469338+00:00"
"[U:1:11500173]"	"https://avatars.steamstatic.com/79d6622c26ba6615aed0ae29534f13e84e97c8da_full.jpg"	"2026-09-05T21:27:34.469338+00:00"
"[U:1:164745735]"	"https://avatars.steamstatic.com/8a17e1c687db7487a76b03029bbd4fc323176c5a_full.jpg"	"2026-09-05T21:27:34.469338+00:00"
"[U:1:851899220]"	"https://avatars.steamstatic.com/a6073a15c563646efa5599dd1a708d63ab3daf3f_full.jpg"	"2026-09-05T21:27:34.469338+00:00"
"[U:1:892389981]"	"https://avatars.steamstatic.com/dbcec356eb037056961705521a68b9cca7802f91_full.jpg"	"2026-09-05T21:27:34.469338+00:00"
"[U:1:171322759]"	"https://avatars.steamstatic.com/9feb15ac1f3ebf786d4776bb25f6ed584ddbf075_full.jpg"	"2026-09-05T21:27:34.469338+00:00"
"[U:1:394166633]"	"https://avatars.steamstatic.com/7586b9982e8cf9835240a34e28b579fe66ae5ed2_full.jpg"	"2026-09-05T21:27:34.469338+00:00"
"[U:1:112047884]"	"https://avatars.steamstatic.com/70e70497d845c32929e0795de45fdcbe3a639297_full.jpg"	"2026-09-05T21:27:34.469338+00:00"
"[U:1:113277706]"	"https://avatars.steamstatic.com/8767ec85c5f36ed7e623b1574cb2f463e757115a_full.jpg"	"2026-09-05T21:27:34.469338+00:00"
"[U:1:75059332]"	"https://avatars.steamstatic.com/50fc056f1fbff1320625b69f26cc997a77b95f57_full.jpg"	"2026-09-05T21:27:34.469338+00:00"
"[U:1:97175789]"	"https://avatars.steamstatic.com/b58bb6defe81bc235fd673d66b723ba9b108ed96_full.jpg"	"2026-09-05T21:27:34.469338+00:00"
"[U:1:234131701]"	"https://avatars.steamstatic.com/0e735979970e40d6561ecc79ae0fb7c62d875848_full.jpg"	"2026-09-05T21:27:34.469338+00:00"
"[U:1:137816274]"	"https://avatars.steamstatic.com/5ee3760437aa5969270089a1c2824e52a270e135_full.jpg"	"2026-09-05T21:27:34.469338+00:00"
"[U:1:1216887084]"	"https://avatars.steamstatic.com/266744b1a2ae1b9fab820741f1d9414751cf4b97_full.jpg"	"2026-09-05T21:27:34.469338+00:00"
"[U:1:146332872]"	"https://avatars.steamstatic.com/8031d516372271986d9cfd8ce1c3f0cf5ef5173e_full.jpg"	"2026-09-05T21:27:34.469338+00:00"
"[U:1:53195671]"	"https://avatars.steamstatic.com/2ad6dac54fa6fba394ad84321d71df3df1935236_full.jpg"	"2026-09-05T21:27:34.469338+00:00"
"[U:1:119208924]"	"https://avatars.steamstatic.com/d4176101165983c159d26241d98819b77cdce48f_full.jpg"	"2026-09-05T21:27:34.469338+00:00"
"[U:1:877367548]"	"https://avatars.steamstatic.com/3a53e293d9a7c1542b41b862b4147ef328254941_full.jpg"	"2026-09-05T21:27:34.469338+00:00"
"[U:1:119595681]"	"https://avatars.steamstatic.com/1dc151d47b5dcb59d983632ffa9f3dd5e9804229_full.jpg"	"2026-09-05T21:27:34.469338+00:00"
"[U:1:1288304846]"	"https://avatars.steamstatic.com/0956986cbade6f1154a69f6e574ed7312b0d3798_full.jpg"	"2026-09-05T21:27:34.469338+00:00"
"[U:1:450975370]"	"https://avatars.steamstatic.com/e1c0d90bbd5dd7798ca9c47de2f1153e7d116e0e_full.jpg"	"2026-09-05T21:27:34.469338+00:00"
"[U:1:382969530]"	"https://avatars.steamstatic.com/1814c5c368b21b759fe8f77f78da0b68a1447160_full.jpg"	"2026-09-05T21:27:34.469338+00:00"
"[U:1:437214162]"	"https://avatars.steamstatic.com/e8f89b3e17daa8a5fd05bea66dba9b1253ee1da7_full.jpg"	"2026-09-05T21:27:34.469338+00:00"
"[U:1:178474597]"	"https://avatars.steamstatic.com/e69182b9ccfe5bfda2662dfd24da9d606815796e_full.jpg"	"2026-09-05T21:27:34.469338+00:00"
"[U:1:894405131]"	"https://avatars.steamstatic.com/707805455e1d8aea12335ffc406444d3a0796eca_full.jpg"	"2026-09-05T21:27:34.469338+00:00"
"[U:1:17104423]"	"https://avatars.steamstatic.com/cde77c65fd31eed3a27bd058f137e093e19ad8d3_full.jpg"	"2026-09-05T21:27:34.469338+00:00"
"[U:1:182535233]"	"https://avatars.steamstatic.com/1119e0e6075080833016ec30ffd1542a3716f379_full.jpg"	"2026-09-05T21:27:34.469338+00:00"
"[U:1:1064201720]"	"https://avatars.steamstatic.com/b400dcea9e2d5d754bc15a9b35a40db06a33eb53_full.jpg"	"2026-09-05T21:27:34.469338+00:00"
"[U:1:1106722328]"	"https://avatars.steamstatic.com/cc271ba3f756e41409c22a65b073dc283657645b_full.jpg"	"2026-09-05T21:27:34.469338+00:00"
"[U:1:1099771179]"	"https://avatars.steamstatic.com/d870cbae5db4c0b428fc1170a1babad8c9fa00e7_full.jpg"	"2026-09-05T21:27:34.469338+00:00"
"[U:1:1909251366]"	"https://avatars.steamstatic.com/d1a47a339becc65aa3570a94502da6ed89ef7628_full.jpg"	"2026-09-05T21:27:34.469338+00:00"
"[U:1:394592976]"	"https://avatars.steamstatic.com/f859996e0a1530801c8e3efe1b689b59b9d26f59_full.jpg"	"2026-09-05T21:27:34.469338+00:00"
"[U:1:1647421959]"	"https://avatars.steamstatic.com/fe60a73288fec188f16e1aa91fc35799bb83e7ae_full.jpg"	"2026-09-05T21:27:34.469338+00:00"
"[U:1:394350851]"	"https://avatars.steamstatic.com/887623ba90b0a74acf98b562c4cd4a050c1a193b_full.jpg"	"2026-09-05T21:27:34.469338+00:00"
"[U:1:1114861381]"	"https://avatars.steamstatic.com/17095feb91bbf94cd5faccd07ef8b24e0a9ffbfe_full.jpg"	"2026-09-05T21:27:34.469338+00:00"
"[U:1:839163015]"	"https://avatars.steamstatic.com/975ac0f53101135805fce32432e71ece082554c9_full.jpg"	"2026-09-05T21:27:34.469338+00:00"
"[U:1:71734390]"	"https://avatars.steamstatic.com/5055aaabce1457204f09451201abaa27a28e278c_full.jpg"	"2026-09-05T21:27:34.469338+00:00"
"[U:1:67449620]"	"https://avatars.steamstatic.com/280ffbce03512a380473fe4253b414712430edcc_full.jpg"	"2026-09-05T21:27:34.469338+00:00"
"[U:1:132768711]"	"https://avatars.steamstatic.com/90291dcc741e5d94e6078ea93d3c9a4ecc8e49b3_full.jpg"	"2026-09-05T21:27:34.469338+00:00"
"[U:1:393716595]"	"https://avatars.steamstatic.com/e1dde7fe207a397634580d4755f7890ccf24ddd7_full.jpg"	"2026-09-05T21:27:34.469338+00:00"
"[U:1:1132604181]"	"https://avatars.steamstatic.com/055438bfee25899f098e77958a504addcdf97f85_full.jpg"	"2026-09-05T21:27:34.469338+00:00"
"[U:1:971315312]"	"https://avatars.steamstatic.com/7f3d0b268166dbda90b24ba5dedbfe01d2b90764_full.jpg"	"2026-09-05T21:27:34.469338+00:00"
"[U:1:152971016]"	"https://avatars.steamstatic.com/3e7fa82d331c950cc2dffca68c4e0f723849cff0_full.jpg"	"2026-09-05T21:27:34.469338+00:00"
"[U:1:394198283]"	"https://avatars.steamstatic.com/e53323d5ba3fd353be1b67ef0133007f763f32b1_full.jpg"	"2026-09-05T21:27:34.469338+00:00"
"[U:1:1920321011]"	"https://avatars.steamstatic.com/6f2b18a4a865cff606b86834598eebe81dc8db04_full.jpg"	"2026-09-05T21:27:34.469338+00:00"
"[U:1:114162347]"	"https://avatars.steamstatic.com/43e72dbaf7321d53723dbe1aff7d5cd6879ca392_full.jpg"	"2026-09-05T21:27:34.469338+00:00"
"[U:1:482273837]"	"https://avatars.steamstatic.com/86ca18a3d9887873d77cfc7a4d68193436c68fa8_full.jpg"	"2026-09-05T21:27:34.469338+00:00"
"[U:1:287158]"	"https://avatars.steamstatic.com/2d8e849099f24dc1d1201fea2e3896a5c59dd35c_full.jpg"	"2026-09-05T21:27:34.469338+00:00"
"[U:1:1920227786]"	"https://avatars.steamstatic.com/922ee05a71a172ac480ff1a046579e50d8185ed5_full.jpg"	"2026-09-05T21:27:34.469338+00:00"
"[U:1:87695090]"	"https://avatars.steamstatic.com/fa63db8308f5f6a646c870d4928836e44d3e323c_full.jpg"	"2026-09-05T21:27:34.469338+00:00"
"[U:1:49599276]"	"https://avatars.steamstatic.com/898696e25c6da7bc3772a30e1999ef032c825f97_full.jpg"	"2026-09-05T21:27:34.469338+00:00"
"[U:1:891698980]"	"https://avatars.steamstatic.com/51e6dbc1b8007a442d91f54e47490598d5d63e6f_full.jpg"	"2026-09-05T21:27:34.469338+00:00"
"[U:1:437235024]"	"https://avatars.steamstatic.com/6e6dfeae39604e2d6b32c9c458a9cfbd207047c8_full.jpg"	"2026-09-05T21:27:34.469338+00:00"
"[U:1:891629493]"	"https://avatars.steamstatic.com/9f37aeb8a2786c3c91ece677fad39430d29cc96c_full.jpg"	"2026-09-05T21:27:34.469338+00:00"
"[U:1:188067679]"	"https://avatars.steamstatic.com/485011804d998fa8c72c0d2c7bc3a5205e63446b_full.jpg"	"2026-09-05T21:27:34.469338+00:00"
"[U:1:995321632]"	"https://avatars.steamstatic.com/e52ecd7c9b89e48cee3db575718fc65a509f99e6_full.jpg"	"2026-09-05T21:27:34.469338+00:00"
"[U:1:798274135]"	"https://avatars.steamstatic.com/66c87c2adbbb81fa711b75c36fc57391c02271a9_full.jpg"	"2026-09-05T21:27:34.469338+00:00"
"[U:1:437162315]"	"https://avatars.steamstatic.com/2158a68090be7b64dcb7fe7d6e2c63a7a7808c23_full.jpg"	"2026-09-05T21:27:34.469338+00:00"
"[U:1:1645464350]"	"https://avatars.steamstatic.com/9130744dcfd7cc3f3fc4cfff50145aff87355b11_full.jpg"	"2026-09-05T21:27:34.469338+00:00"
"[U:1:1630085420]"	"https://avatars.steamstatic.com/842bea0222b96a2cb82667755a2a1b82c8192d0a_full.jpg"	"2026-09-05T21:27:34.469338+00:00"
"[U:1:11067552]"	"https://avatars.steamstatic.com/9b75cb8641bec11676f66f3d8eb4995ddec08908_full.jpg"	"2026-09-05T21:27:34.469338+00:00"
"[U:1:38264672]"	"https://avatars.steamstatic.com/528a21598c989a48376916250263daa194f24214_full.jpg"	"2026-09-05T21:27:34.469338+00:00"
"[U:1:756777078]"	"https://avatars.steamstatic.com/8671ae1e8e3d32e8948b0033a76bd5da4cf4a3df_full.jpg"	"2026-09-05T21:27:34.469338+00:00"
"[U:1:777490313]"	"https://avatars.steamstatic.com/0499cdb4f5ec632c0d16f902fb609b1605005c69_full.jpg"	"2026-09-05T21:27:34.469338+00:00"
"[U:1:79784352]"	"https://avatars.steamstatic.com/a41301d4b9e1d39dda8f88f1c057b74f846482c7_full.jpg"	"2026-09-05T21:27:34.469338+00:00"
"[U:1:264896968]"	"https://avatars.steamstatic.com/227aec4a9a2b550ef890cdae97ab3c02d0359ac4_full.jpg"	"2026-09-05T21:27:34.469338+00:00"
"[U:1:1857123011]"	"https://avatars.steamstatic.com/3347685d5b0ffdf9fb2eacdabdcfe12d672d3294_full.jpg"	"2026-09-05T21:27:34.469338+00:00"
"[U:1:1406549820]"	"https://avatars.steamstatic.com/fc1d5b10e94a097066d52e5cc6cb9a5c75dac5ce_full.jpg"	"2026-09-05T21:27:34.469338+00:00"
"[U:1:32938947]"	"https://avatars.steamstatic.com/037723b57ebe6f864a0095597121e0c6b6e030c8_full.jpg"	"2026-09-05T21:27:34.469338+00:00"
"[U:1:877496631]"	"https://avatars.steamstatic.com/38ea9f6c56cbacaccd686b4eaba7e7989311e7b2_full.jpg"	"2026-09-05T21:27:34.469338+00:00"
"[U:1:461523862]"	"https://avatars.steamstatic.com/0322ebc56576421ac9392d7834de64d9e4b93a20_full.jpg"	"2026-09-05T21:27:34.469338+00:00"
"[U:1:130966257]"	"https://avatars.steamstatic.com/3f96b93dc3143b3e2af7088b661cfa3d4892c087_full.jpg"	"2026-09-05T21:27:34.469338+00:00"
"[U:1:116385967]"	"https://avatars.steamstatic.com/3959f117d0488c2fc49e110d254b6a57bb090a58_full.jpg"	"2026-09-05T21:27:34.469338+00:00"
"[U:1:1103261594]"	"https://avatars.steamstatic.com/ee156c369a4e7334a35389abfa34c11195e94e3f_full.jpg"	"2026-09-05T21:27:34.469338+00:00"
"[U:1:153298858]"	"https://avatars.steamstatic.com/7196dbc5238230236f0213634bf98a3f7781a0da_full.jpg"	"2026-09-05T21:27:34.469338+00:00"
"[U:1:32906468]"	"https://avatars.steamstatic.com/94197a78f62a79c07db487dc2c96bb9ac4b65366_full.jpg"	"2026-09-05T21:27:34.469338+00:00"
"[U:1:1148297998]"	"https://avatars.steamstatic.com/ca52def48d707a8675c40b4bed56b358ddbeffb4_full.jpg"	"2026-09-05T21:27:34.469338+00:00"
"[U:1:36286836]"	"https://avatars.steamstatic.com/53b67a0a665929984e85899ac5e4305406d44aaa_full.jpg"	"2026-09-05T21:27:34.469338+00:00"
"[U:1:185958391]"	"https://avatars.steamstatic.com/64f3d95272d9e16cf92f14716cd8b90384d43f6f_full.jpg"	"2026-09-05T21:27:34.469338+00:00"
"[U:1:814359809]"	"https://avatars.steamstatic.com/fef49e7fa7e1997310d705b2a6158ff8dc1cdfeb_full.jpg"	"2026-09-05T21:27:34.469338+00:00"
"[U:1:331809124]"	"https://avatars.steamstatic.com/ec48cb48218a84e568a9b995a412e4532a640c81_full.jpg"	"2026-09-05T21:27:34.469338+00:00"
"[U:1:331650151]"	"https://avatars.steamstatic.com/8a8ef19fb782d8daa0654e5cd1b08291ef9d9acb_full.jpg"	"2026-09-05T21:27:34.469338+00:00"
"[U:1:182683605]"	"https://avatars.steamstatic.com/2ebe936ad025fffda8e2e3fb9e4f6e3bdf23710f_full.jpg"	"2026-09-05T21:27:34.469338+00:00"
"[U:1:396732948]"	"https://avatars.steamstatic.com/c110fd9fdea2504d7c3009b49b6719297663f08d_full.jpg"	"2026-09-05T21:27:34.469338+00:00"
"[U:1:1247126980]"	"https://avatars.steamstatic.com/57f70cee77e782c1bd7e3b05d68ec29af601b27c_full.jpg"	"2026-09-05T21:27:34.469338+00:00"
"[U:1:230682813]"	"https://avatars.steamstatic.com/2c3a4d66d79f0e303d871fb6726017c3bf1445b8_full.jpg"	"2026-09-05T21:27:34.469338+00:00"
"[U:1:90046220]"	"https://avatars.steamstatic.com/1869eb64ed9e616ac8d488c23cf8b18b8e38376a_full.jpg"	"2026-09-05T21:27:34.469338+00:00"
"[U:1:1139271522]"	"https://avatars.steamstatic.com/072bcc42ba5d4c3a33e3b53642ae297e635051d6_full.jpg"	"2026-09-05T21:27:34.469338+00:00"
"[U:1:1719549478]"	"https://avatars.steamstatic.com/761d093cd22ed35474cac049ccb298ff66d4189b_full.jpg"	"2026-09-05T21:27:34.469338+00:00"
"[U:1:33201306]"	"https://avatars.steamstatic.com/5d9b1613854dff71fbcf541bed61fc253ff4115d_full.jpg"	"2026-09-05T21:27:34.469338+00:00"
"[U:1:1924083652]"	"https://avatars.steamstatic.com/3f1186629f17fedbf51db524910dc421b914745d_full.jpg"	"2026-09-05T21:27:34.469338+00:00"
"[U:1:106995420]"	"https://avatars.steamstatic.com/31bc33bc6f52fc234b83698c3a37630784cd6dc9_full.jpg"	"2026-09-05T21:27:34.469338+00:00"
"[U:1:206582076]"	"https://avatars.steamstatic.com/9916e3db38dd117341356f07a05aac324269bbd9_full.jpg"	"2026-09-05T21:27:34.469338+00:00"
"[U:1:319827811]"	"https://avatars.steamstatic.com/1a1a39f9bdf656107a0e07ef3739452069f63381_full.jpg"	"2026-09-05T21:27:34.469338+00:00"
"[U:1:101911543]"	"https://avatars.steamstatic.com/97cd6917d0b035379bca7f01d8a9b1e30036a326_full.jpg"	"2026-09-05T21:27:34.469338+00:00"
"[U:1:190746356]"	"https://avatars.steamstatic.com/1aeacebc9af4f8b617e662e929ae1922f93c45f0_full.jpg"	"2026-09-05T21:27:34.469338+00:00"
"[U:1:33137426]"	"https://avatars.steamstatic.com/85885ab678f9c5942b1e0672506d29850287db5e_full.jpg"	"2026-09-05T21:27:34.469338+00:00"
"[U:1:192482155]"	"https://avatars.steamstatic.com/62d77dd23c537e80dd5e02d5a778eb0ca35ea903_full.jpg"	"2026-09-05T21:27:34.469338+00:00"
"[U:1:748934680]"	"https://avatars.steamstatic.com/13df93c3fc9c213b54bdc4ccc6bd9000a9842a7a_full.jpg"	"2026-09-05T21:27:34.469338+00:00"
"[U:1:9751680]"	"https://avatars.steamstatic.com/360236e555049f204b12d3a8685a3b9b9764ebfe_full.jpg"	"2026-09-05T21:27:34.469338+00:00"
"[U:1:103375166]"	"https://avatars.steamstatic.com/c910dd03cac345f4c13e4e7f34cfbc5afdc12cec_full.jpg"	"2026-09-05T21:27:34.469338+00:00"
"[U:1:15927766]"	"https://avatars.steamstatic.com/029e71b32e767854ff0bd7de6c5961ac8f6a8912_full.jpg"	"2026-09-05T21:27:34.469338+00:00"
"[U:1:1006940430]"	"https://avatars.steamstatic.com/4aa4e443b18c585e8d98a113d0a57eb4dcbc4b0f_full.jpg"	"2026-09-05T21:27:34.469338+00:00"
"[U:1:9747585]"	"https://avatars.steamstatic.com/cb2f22f4722021d7f2edf94155cfcb3383ca30f7_full.jpg"	"2026-09-05T21:27:34.469338+00:00"
"[U:1:260171268]"	"https://avatars.steamstatic.com/ec6484bb550aef4e74dc78c6061f82bf3df56584_full.jpg"	"2026-09-05T21:27:34.469338+00:00"
"[U:1:1164402465]"	"https://avatars.steamstatic.com/b67d66bf4a41cbfb69f016422d8476abcc2669b0_full.jpg"	"2026-09-05T21:27:34.469338+00:00"
"[U:1:1629250445]"	"https://avatars.steamstatic.com/1da2a51b7429f0ecadb078b8c432f2fc9de0c1ee_full.jpg"	"2026-09-05T21:27:34.469338+00:00"
"[U:1:1014725955]"	"https://avatars.steamstatic.com/b1a3b51477ec5c2711711fd67f971d19e590d8e8_full.jpg"	"2026-09-05T21:27:34.469338+00:00"
"[U:1:1013321278]"	"https://avatars.steamstatic.com/9a8e23537f12a5181954ddf2322237b748a43802_full.jpg"	"2026-09-05T21:27:34.469338+00:00"
"[U:1:380654654]"	"https://avatars.steamstatic.com/51229bfe41441746a3cda3d0dd03b057fe004955_full.jpg"	"2026-09-05T21:27:34.469338+00:00"
"[U:1:1108056448]"	"https://avatars.steamstatic.com/fef49e7fa7e1997310d705b2a6158ff8dc1cdfeb_full.jpg"	"2026-09-05T21:27:34.469338+00:00"
"[U:1:132152661]"	"https://avatars.steamstatic.com/aedd3476a8269fe823d285913017ede1b5156be7_full.jpg"	"2026-09-05T21:27:34.469338+00:00"
"[U:1:58951087]"	"https://avatars.steamstatic.com/e8eb5dbb8de21397556a865f9953416d10204be7_full.jpg"	"2026-09-05T21:27:34.469338+00:00"
"[U:1:1012141]"	"https://avatars.steamstatic.com/7c3990e5acb719159cfd8d332bf8785b482d3861_full.jpg"	"2026-09-05T21:27:34.469338+00:00"
"[U:1:1907511187]"	"https://avatars.steamstatic.com/67abd7675690fd9d5ed274d0677ebe07858f0e05_full.jpg"	"2026-09-05T21:27:34.469338+00:00"
"[U:1:1907064240]"	"https://avatars.steamstatic.com/380d51c6aac8e30682f9c71768150c1e2c1227bd_full.jpg"	"2026-09-05T21:27:34.469338+00:00"
"[U:1:797064862]"	"https://avatars.steamstatic.com/4e4c6d03345df0c2dfdbafbad3bff199c0ee856c_full.jpg"	"2026-09-05T21:27:34.469338+00:00"
"[U:1:1161006760]"	"https://avatars.steamstatic.com/4a158e54bdbe744eff344403e5c1df1d5c9ad633_full.jpg"	"2026-09-05T21:27:34.469338+00:00"
"[U:1:396583648]"	"https://avatars.steamstatic.com/bf2423cb0ca09314529292843537bbd146b96f1a_full.jpg"	"2026-09-05T21:27:34.469338+00:00"
"[U:1:225324865]"	"https://avatars.steamstatic.com/fdc1f1946a4c255c19643fcfd7110b887fd9495b_full.jpg"	"2026-09-05T21:27:34.469338+00:00"
"[U:1:206559842]"	"https://avatars.steamstatic.com/863750d67271f26ba26c15ab726be2b6de24e6f6_full.jpg"	"2026-09-05T21:27:34.469338+00:00"
"[U:1:1003909860]"	"https://avatars.steamstatic.com/4d41adb05c265c5b3cf8b7a5d67386ca1d1d51ed_full.jpg"	"2026-09-05T21:27:34.469338+00:00"
"[U:1:289523050]"	"https://avatars.steamstatic.com/75169ac0e7afcfa56ebe597e041f4b6512a55748_full.jpg"	"2026-09-05T21:27:34.469338+00:00"
"[U:1:1077818802]"	"https://avatars.steamstatic.com/dbc3331ba193af054badca72f06234d2c43f9c68_full.jpg"	"2026-09-05T21:27:34.469338+00:00"
"[U:1:72425413]"	"https://avatars.steamstatic.com/065d30f0ea004cf986cc1ed5e5916294d2c5c226_full.jpg"	"2026-09-05T21:27:34.469338+00:00"
"[U:1:679876]"	"https://avatars.steamstatic.com/1d5c2d8653aa7072ee6529c749d212889e69e19f_full.jpg"	"2026-09-05T21:27:34.469338+00:00"
"[U:1:1233496427]"	"https://avatars.steamstatic.com/3d6d8084600f8c5c60729909fefce465496c161b_full.jpg"	"2026-09-05T21:27:34.469338+00:00"
"[U:1:39682568]"	"https://avatars.steamstatic.com/04561f364e86d01d056962535b1bf025ec0383f4_full.jpg"	"2026-09-05T21:27:34.469338+00:00"
"[U:1:843801264]"	"https://avatars.steamstatic.com/f06f9242010e208682afa53ac1691da8d4c5fbbd_full.jpg"	"2026-09-05T21:27:34.469338+00:00"
"[U:1:1609879563]"	"https://avatars.steamstatic.com/12c182155c1a07b879458da395daf4f0122d1d70_full.jpg"	"2026-09-05T21:27:34.469338+00:00"
"[U:1:899111593]"	"https://avatars.steamstatic.com/5e4dc543aa2adec1cf5926c90d2117b2d1065532_full.jpg"	"2026-09-05T21:27:34.469338+00:00"
"[U:1:239423855]"	"https://avatars.steamstatic.com/ec6e877a60f5f97185b19dd5768188eba5be7980_full.jpg"	"2026-09-05T21:27:34.469338+00:00"
"[U:1:165497424]"	"https://avatars.steamstatic.com/8bfbe2f5cd76cf82af5515b43aeaf2da151844c8_full.jpg"	"2026-09-05T21:27:34.469338+00:00"
"[U:1:190689556]"	"https://avatars.steamstatic.com/83f658d05fc4e52f6d057e8d1081d4f2e0adf402_full.jpg"	"2026-09-05T21:27:34.469338+00:00"
"[U:1:90075277]"	"https://avatars.steamstatic.com/a214933622ef439e4b1bd08804b371f692f2e27f_full.jpg"	"2026-09-05T21:27:34.469338+00:00"
"[U:1:438665847]"	"https://avatars.steamstatic.com/9201780e4bb5dae34335e44f6e07e779404b77a3_full.jpg"	"2026-09-05T21:27:34.469338+00:00"
"[U:1:79721601]"	"https://avatars.steamstatic.com/885471d7f68215018fac6c47ab9ea0e4e669fd3d_full.jpg"	"2026-09-05T21:27:34.469338+00:00"
"[U:1:175296528]"	"https://avatars.steamstatic.com/c670aad0f8381cbcb22492ec63b8d22f0aa118f7_full.jpg"	"2026-09-05T21:27:34.469338+00:00"
"[U:1:1105695355]"	"https://avatars.steamstatic.com/0f8c5b982f00f4bffbe10b62e5c80de9acebce62_full.jpg"	"2026-09-05T21:27:34.469338+00:00"
"[U:1:232435151]"	"https://avatars.steamstatic.com/94e3e2269f4c13dc187c733652b02c090ceba0a9_full.jpg"	"2026-09-05T21:27:34.469338+00:00"
"[U:1:1176577085]"	"https://avatars.steamstatic.com/45251b6b4e2e921a4af6169ad14641082ab02d2c_full.jpg"	"2026-09-05T21:27:34.469338+00:00"
"[U:1:303007338]"	"https://avatars.steamstatic.com/ce7beb72e6f2e4e40474cb76668a3da37d487729_full.jpg"	"2026-09-05T21:27:34.469338+00:00"
"[U:1:380366176]"	"https://avatars.steamstatic.com/51b91dab58141f25b43572db4fb4a1d7fc0e6a87_full.jpg"	"2026-09-05T21:27:34.469338+00:00"
"[U:1:1699036166]"	"https://avatars.steamstatic.com/d47db87f987a4ec3c3a858787ec84650fcf2ac92_full.jpg"	"2026-09-05T21:27:34.469338+00:00"
"[U:1:1429715517]"	"https://avatars.steamstatic.com/f8a8de627fbd71c8a29597b7bfbc8ac0d11e5cce_full.jpg"	"2026-09-05T21:27:34.469338+00:00"
"[U:1:1256483774]"	"https://avatars.steamstatic.com/9195f71f242b1b661897f601d90ff0416373b740_full.jpg"	"2026-09-05T21:29:23.555753+00:00"
"[U:1:413924460]"	"https://avatars.steamstatic.com/8f9af17b44b0a91ec6373c29ffd2b31243ffc00a_full.jpg"	"2026-09-05T21:29:23.555753+00:00"
"[U:1:261932936]"	"https://avatars.steamstatic.com/5d8c1ff56d4fdc682020913259d1d11481bebdd8_full.jpg"	"2026-09-05T21:29:23.555753+00:00"
"[U:1:838815853]"	"https://avatars.steamstatic.com/9ac24eb3fc429097ed1e3d0a232a52f38dd553b8_full.jpg"	"2026-09-05T21:29:23.555753+00:00"
"[U:1:27919377]"	"https://avatars.steamstatic.com/85467dfea6c30cd2faf04360684f4456d1d3b7d6_full.jpg"	"2026-09-05T21:29:23.555753+00:00"
"[U:1:75287881]"	"https://avatars.steamstatic.com/01a11df79d7dd6fb390c008a5657103efd717e1d_full.jpg"	"2026-09-05T21:29:23.555753+00:00"
"[U:1:1827198914]"	"https://avatars.steamstatic.com/9130744dcfd7cc3f3fc4cfff50145aff87355b11_full.jpg"	"2026-09-05T21:29:23.555753+00:00"
"[U:1:72151879]"	"https://avatars.steamstatic.com/fef49e7fa7e1997310d705b2a6158ff8dc1cdfeb_full.jpg"	"2026-09-05T21:29:23.555753+00:00"
"[U:1:181972397]"	"https://avatars.steamstatic.com/849c3eef30dfdc61d8f553dccf99eaef2ea21a69_full.jpg"	"2026-09-05T21:29:23.555753+00:00"
"[U:1:1629234122]"	"https://avatars.steamstatic.com/75d0b82ef8703aa16a54ba652f593523b4e9e949_full.jpg"	"2026-09-05T21:29:23.555753+00:00"
"[U:1:240857342]"	"https://avatars.steamstatic.com/8d779822fb10e8a94bc70eb58f2ba05fd4616024_full.jpg"	"2026-09-05T21:29:23.555753+00:00"
"[U:1:1142887255]"	"https://avatars.steamstatic.com/808456fccd2793d7274494f0e145eeb4a47b9955_full.jpg"	"2026-09-05T21:29:23.555753+00:00"
"[U:1:395617437]"	"https://avatars.steamstatic.com/ccad5eca3d5d6173f960b3e4f110166f0cb111f6_full.jpg"	"2026-09-05T21:29:23.555753+00:00"
"[U:1:1133905533]"	"https://avatars.steamstatic.com/b575ebe4e0c0ca8487f90c669c924c9fa051a414_full.jpg"	"2026-09-05T21:29:23.555753+00:00"
"[U:1:1066339387]"	"https://avatars.steamstatic.com/1d7819eb1ad14103d3da9a01204f17d19434e02a_full.jpg"	"2026-09-05T21:29:23.555753+00:00"
"[U:1:1612831268]"	"https://avatars.steamstatic.com/05f10dc521cc9f08bb48f0921deb676e1e3f3441_full.jpg"	"2026-09-05T21:29:23.555753+00:00"
"[U:1:393643632]"	"https://avatars.steamstatic.com/03f853dc9758502dc9caca01ee6e11c857e50405_full.jpg"	"2026-09-05T21:29:23.555753+00:00"
"[U:1:19650679]"	"https://avatars.steamstatic.com/2d9d8629d4a52ecb990dbe551fae20aabb23c45b_full.jpg"	"2026-09-05T21:29:23.555753+00:00"
"[U:1:13539906]"	"https://avatars.steamstatic.com/8d7e4b703cdd0b740777834677a77ff167f048d9_full.jpg"	"2026-09-05T21:29:23.555753+00:00"
"[U:1:880483529]"	"https://avatars.steamstatic.com/6a0fd441dbcaa86572b538a21e81c125968de326_full.jpg"	"2026-09-05T21:29:23.555753+00:00"
"[U:1:170180194]"	"https://avatars.steamstatic.com/f54136630a0871f95e9ed7dc3ec01aad94bc146b_full.jpg"	"2026-09-05T21:29:23.555753+00:00"
"[U:1:32806778]"	"https://avatars.steamstatic.com/565da40e8e718a857fd0013755b2eea8e40f4a4b_full.jpg"	"2026-09-05T21:29:23.555753+00:00"
"[U:1:1131843526]"	"https://avatars.steamstatic.com/4e89f1357b9ef527b43a5fabdfa6a90da1525ea0_full.jpg"	"2026-09-05T21:29:23.555753+00:00"
"[U:1:123890918]"	"https://avatars.steamstatic.com/2f1e0027fbe71180d9d6914e1c7d2512538b9a0d_full.jpg"	"2026-09-05T21:29:23.555753+00:00"
"[U:1:30217809]"	"https://avatars.steamstatic.com/44900c5a0ab28136cf4b82a41f99610271699773_full.jpg"	"2026-09-05T21:29:23.555753+00:00"
"[U:1:87914646]"	"https://avatars.steamstatic.com/0e96fd1da4c91017a7c1de980d6361b139e6831d_full.jpg"	"2026-09-05T21:29:23.555753+00:00"
"[U:1:302156381]"	"https://avatars.steamstatic.com/4d5f2ed0887b5033214260bffa45509049aa8ca5_full.jpg"	"2026-09-05T21:29:23.555753+00:00"
"[U:1:9020808]"	"https://avatars.steamstatic.com/1ee582430d6610cac465d2f145d751752083d53d_full.jpg"	"2026-09-05T21:29:23.555753+00:00"
"[U:1:253119711]"	"https://avatars.steamstatic.com/39a2b4982c9e557484aaa40d77684593ab718906_full.jpg"	"2026-09-05T21:29:23.555753+00:00"
"[U:1:1506551318]"	"https://avatars.steamstatic.com/c102c76de459e0510874132622aa4e95f12b3671_full.jpg"	"2026-09-05T21:29:23.555753+00:00"
"[U:1:34494527]"	"https://avatars.steamstatic.com/460f9c2f2c89ec23e1c2f7614bd48922fe8bb290_full.jpg"	"2026-09-05T21:29:23.555753+00:00"
"[U:1:1072584187]"	"https://avatars.steamstatic.com/d473fddc38f6d7914b2ca7bef51a91ce49db8afd_full.jpg"	"2026-09-05T21:29:23.555753+00:00"
"[U:1:159039167]"	"https://avatars.steamstatic.com/85ee384bec86399cc79728cbde046516fa704b23_full.jpg"	"2026-09-05T21:29:23.555753+00:00"
"[U:1:14697473]"	"https://avatars.steamstatic.com/fef49e7fa7e1997310d705b2a6158ff8dc1cdfeb_full.jpg"	"2026-09-05T21:29:23.555753+00:00"
"[U:1:1257659379]"	"https://avatars.steamstatic.com/ae3b475531d3d31151b5b0c6484cbf6af466e874_full.jpg"	"2026-09-05T21:29:23.555753+00:00"
"[U:1:1258338325]"	"https://avatars.steamstatic.com/06dac346474a62dd7e4915690c4151be7ff0f69a_full.jpg"	"2026-09-05T21:29:23.555753+00:00"
"[U:1:800463271]"	"https://avatars.steamstatic.com/f2b7bb38ce2f5055efcd4f0294051263792523f5_full.jpg"	"2026-09-05T21:29:23.555753+00:00"
"[U:1:898017104]"	"https://avatars.steamstatic.com/a521352ec938d97a89f4b9655f75924d3cea6344_full.jpg"	"2026-09-05T21:29:23.555753+00:00"
"[U:1:1172817078]"	"https://avatars.steamstatic.com/3f56d86c61cc4940ae0ea726adc1665feecf0ce9_full.jpg"	"2026-09-05T21:29:23.555753+00:00"
"[U:1:1297704481]"	"https://avatars.steamstatic.com/ca6a75c5d00cd54c86e27cd4d8e2aa58537e5f45_full.jpg"	"2026-09-05T21:29:23.555753+00:00"
"[U:1:1603567691]"	"https://avatars.steamstatic.com/098c149b74b6979565298898fd2d65077f21c8bb_full.jpg"	"2026-09-05T21:29:23.555753+00:00"
"[U:1:1046562390]"	"https://avatars.steamstatic.com/d411eab6fb2ebce729b4d1654f797c9917b9806d_full.jpg"	"2026-09-05T21:29:23.555753+00:00"
"[U:1:108034205]"	"https://avatars.steamstatic.com/cb7354b27212e52913ba6fd1e80ef8d08ad93f02_full.jpg"	"2026-09-05T21:29:23.555753+00:00"
"[U:1:897120056]"	"https://avatars.steamstatic.com/ee402b6b7f93aa8908ea4889928b772b6c20cbb7_full.jpg"	"2026-09-05T21:29:23.555753+00:00"
"[U:1:127200493]"	"https://avatars.steamstatic.com/fef49e7fa7e1997310d705b2a6158ff8dc1cdfeb_full.jpg"	"2026-09-05T21:29:23.555753+00:00"
"[U:1:30678084]"	"https://avatars.steamstatic.com/1021ec3d52a7f82d73d7c499ec56cfa57390a6d4_full.jpg"	"2026-09-05T21:29:23.555753+00:00"
"[U:1:197741749]"	"https://avatars.steamstatic.com/77f171b6098c96093235f5ef2c98491d516fadb0_full.jpg"	"2026-09-05T21:29:23.555753+00:00"
"[U:1:39215239]"	"https://avatars.steamstatic.com/7a0225ec686cdf5a6bac2b39e7ffc09bf752882f_full.jpg"	"2026-09-05T21:29:23.555753+00:00"
"[U:1:160717156]"	"https://avatars.steamstatic.com/6a3b523f81f05d1bd9686b6fae4ee6525e724d31_full.jpg"	"2026-09-05T21:29:23.555753+00:00"
"[U:1:90622245]"	"https://avatars.steamstatic.com/7cec7f5a72cbb90b8e33892f98b710ce9409bf12_full.jpg"	"2026-09-05T21:29:23.555753+00:00"
"[U:1:1511176553]"	"https://avatars.steamstatic.com/7c3bdb92e3a42504138fba866c07f2e63a88e81d_full.jpg"	"2026-09-05T21:29:23.555753+00:00"
"[U:1:32434086]"	"https://avatars.steamstatic.com/fef49e7fa7e1997310d705b2a6158ff8dc1cdfeb_full.jpg"	"2026-09-05T21:29:23.555753+00:00"
"[U:1:74697428]"	"https://avatars.steamstatic.com/ec48cb48218a84e568a9b995a412e4532a640c81_full.jpg"	"2026-09-05T21:29:23.555753+00:00"
"[U:1:1014303981]"	"https://avatars.steamstatic.com/5ea6c6568eb7c4f8468c1f4d5da06e1653d90057_full.jpg"	"2026-09-05T21:29:23.555753+00:00"
"[U:1:473079693]"	"https://avatars.steamstatic.com/cc57ccacfbe147d9fbb88da39d0df5ad4e5efda3_full.jpg"	"2026-09-05T21:29:23.555753+00:00"
"[U:1:219551170]"	"https://avatars.steamstatic.com/0b33ec18ba7dc814a5e0306549f848dd1928e31f_full.jpg"	"2026-09-05T21:29:23.555753+00:00"
"[U:1:115905447]"	"https://avatars.steamstatic.com/5e29a3e28e0f98244a1cd616091e1fa45f9eaece_full.jpg"	"2026-09-05T21:29:23.555753+00:00"
"[U:1:51252679]"	"https://avatars.steamstatic.com/32b559e0018fd8cae62f4f3e6e26de2db9195531_full.jpg"	"2026-09-05T21:29:23.555753+00:00"
"[U:1:1848310940]"	"https://avatars.steamstatic.com/abd13489da5d0590243f4cc00a3bba795e0b1326_full.jpg"	"2026-09-05T21:29:23.555753+00:00"
"[U:1:1122718539]"	"https://avatars.steamstatic.com/df565ae2d08b0b4eeb942754b8f1fbfb749f841a_full.jpg"	"2026-09-05T21:29:23.555753+00:00"
"[U:1:113033815]"	"https://avatars.steamstatic.com/4295101610c9a2b938d2980af38aef038fa52ed2_full.jpg"	"2026-09-05T21:29:23.555753+00:00"
"[U:1:201493708]"	"https://avatars.steamstatic.com/231a2c54eaa17a685432b79a68147b65549e3b50_full.jpg"	"2026-09-05T21:29:23.555753+00:00"
"[U:1:385936070]"	"https://avatars.steamstatic.com/66abc977bcb9710c7ed90fee3b422a39f23d45b1_full.jpg"	"2026-09-05T21:29:23.555753+00:00"
"[U:1:1281758307]"	"https://avatars.steamstatic.com/bc6073845dd23f3b9a46b7b2b2ef81f006ebd8d7_full.jpg"	"2026-09-05T21:29:23.555753+00:00"
"[U:1:285025170]"	"https://avatars.steamstatic.com/90e2d499534346945eea2fc27b1780954a1447d0_full.jpg"	"2026-09-05T21:29:23.555753+00:00"
"[U:1:14814913]"	"https://avatars.steamstatic.com/8707319fd87ef78f9c3166d44d5a928d72230415_full.jpg"	"2026-09-05T21:29:23.555753+00:00"
"[U:1:63332641]"	"https://avatars.steamstatic.com/2ca5205d45ff1720d7e9fc79dfdd3defb0434025_full.jpg"	"2026-09-05T21:29:23.555753+00:00"
"[U:1:1916318609]"	"https://avatars.steamstatic.com/bd0204e0f56bdfd75205ddaa3832612d4df93501_full.jpg"	"2026-09-05T21:29:23.555753+00:00"
"[U:1:12749247]"	"https://avatars.steamstatic.com/0226999d9eca97afeb04d81a543049f00e83277a_full.jpg"	"2026-09-05T21:29:23.555753+00:00"
"[U:1:173447111]"	"https://avatars.steamstatic.com/f6d5c079b44df527c4c42a1cc7d42d83ed9cd8bb_full.jpg"	"2026-09-05T21:29:23.555753+00:00"
"[U:1:297130533]"	"https://avatars.steamstatic.com/e52d41c663400f819d7af387c4e77adb25f5fee9_full.jpg"	"2026-09-05T21:29:23.555753+00:00"
"[U:1:1056895831]"	"https://avatars.steamstatic.com/e1bb71224661d39c741bc621fe3d4ccb3a353b5c_full.jpg"	"2026-09-05T21:29:23.555753+00:00"
"[U:1:827460236]"	"https://avatars.steamstatic.com/582f93d6f2338bec7a40b5201471115c1906bc79_full.jpg"	"2026-09-05T21:29:23.555753+00:00"
"[U:1:80143520]"	"https://avatars.steamstatic.com/b7171e74ad7dcbade3e036e358a2058aa88bb998_full.jpg"	"2026-09-05T21:29:23.555753+00:00"
"[U:1:13030786]"	"https://avatars.steamstatic.com/b9fd72c3203455b5cafa9740d26f3e98f3bd9e22_full.jpg"	"2026-09-05T21:29:23.555753+00:00"
"[U:1:38457846]"	"https://avatars.steamstatic.com/3dd6f94e7c9830f8e522b42d621661588a6ff081_full.jpg"	"2026-09-05T21:29:23.555753+00:00"
"[U:1:102466507]"	"https://avatars.steamstatic.com/f5cb2da4038d760d3156c7b8b7bd22c5627083ec_full.jpg"	"2026-09-05T21:29:23.555753+00:00"
"[U:1:114432875]"	"https://avatars.steamstatic.com/f3343c1648fbb8b8048a76b8b6c66a8f34134bc3_full.jpg"	"2026-09-05T21:29:23.555753+00:00"
"[U:1:1159359481]"	"https://avatars.steamstatic.com/905e79443be93e55772b518e8f81fde1d9b3fcb0_full.jpg"	"2026-09-05T21:29:23.555753+00:00"
"[U:1:362951422]"	"https://avatars.steamstatic.com/cb01a687651690b2ccd9abac2ece17b63d398316_full.jpg"	"2026-09-05T21:29:23.555753+00:00"
"[U:1:1533809475]"	"https://avatars.steamstatic.com/c30d90a87e4c7df111bcf205902b3bb58b5c313f_full.jpg"	"2026-09-05T21:29:23.555753+00:00"
"[U:1:85644148]"	"https://avatars.steamstatic.com/8fb750aabffe2c12e2ccb51a4052ff88c8b0a7b8_full.jpg"	"2026-09-05T21:29:23.555753+00:00"
"[U:1:6708324]"	"https://avatars.steamstatic.com/a28c5891e30c5ddf64acc0a41d8313a8bfed7e1f_full.jpg"	"2026-09-05T21:29:23.555753+00:00"
"[U:1:1061701332]"	"https://avatars.steamstatic.com/ffe408b228bb384e9e5e8045cfc114fd45f4016c_full.jpg"	"2026-09-05T21:29:23.555753+00:00"
"[U:1:1689977249]"	"https://avatars.steamstatic.com/d941178ef72bb4f4ac6056d89c8dab3a64713f0a_full.jpg"	"2026-09-05T21:29:23.555753+00:00"
"[U:1:874185116]"	"https://avatars.steamstatic.com/0bdd4247519e5f768843466dc53d5081cb811116_full.jpg"	"2026-09-05T21:29:23.555753+00:00"
"[U:1:310804714]"	"https://avatars.steamstatic.com/65d4136d9e12fed5082b17363d9758c95f3a4855_full.jpg"	"2026-09-05T21:29:23.555753+00:00"
"[U:1:160137060]"	"https://avatars.steamstatic.com/db87f8804ea4367581164f7bacc3a1c0e9bf93e9_full.jpg"	"2026-09-05T21:29:23.555753+00:00"
"[U:1:406865829]"	"https://avatars.steamstatic.com/ddf33ed920c5f74849bf1f4137fc803b3d27a0ab_full.jpg"	"2026-09-05T21:29:23.555753+00:00"
"[U:1:106883251]"	"https://avatars.steamstatic.com/08b148558265cbcaf07fe59daac159aa60a8ee0d_full.jpg"	"2026-09-05T21:29:23.555753+00:00"
"[U:1:1237389340]"	"https://avatars.steamstatic.com/6ddf9a51f81e5c4e5c3b707ca0fbc4ea3918d092_full.jpg"	"2026-09-05T21:29:23.555753+00:00"
"[U:1:1508316715]"	"https://avatars.steamstatic.com/1e4fc60f8a723095b911c9267e39407fdeaf3133_full.jpg"	"2026-09-05T21:29:23.555753+00:00"
"[U:1:218194369]"	"https://avatars.steamstatic.com/b8380d9fc7c7a35b3f9253d83d817c70ef093807_full.jpg"	"2026-09-05T21:29:23.555753+00:00"
"[U:1:1041136941]"	"https://avatars.steamstatic.com/c22bc723d0ef6dfde5bf5be3d54755f4c417a70c_full.jpg"	"2026-09-05T21:29:23.555753+00:00"
"[U:1:15590735]"	"https://avatars.steamstatic.com/d2b627a4aa05ad5c7a915d6c67cac7fc274f350e_full.jpg"	"2026-09-05T21:29:23.555753+00:00"
"[U:1:888389789]"	"https://avatars.steamstatic.com/fef49e7fa7e1997310d705b2a6158ff8dc1cdfeb_full.jpg"	"2026-09-05T21:29:23.555753+00:00"
"[U:1:123868297]"	"https://avatars.steamstatic.com/099d98b6db8c62971c020ad1a148879d4d5ea4b8_full.jpg"	"2026-09-05T21:29:23.555753+00:00"
"[U:1:158736628]"	"https://avatars.steamstatic.com/3627cac207fe6a6ab154ba817f244131cb22bbb8_full.jpg"	"2026-09-05T21:29:23.555753+00:00"
"[U:1:1593756520]"	"https://avatars.steamstatic.com/dff01bd2b345620a73c6e1cb181179cddccba995_full.jpg"	"2026-09-05T21:29:23.555753+00:00"
"[U:1:78467590]"	"https://avatars.steamstatic.com/c04c56ec952d59eb18977cec277c034ca57cebd5_full.jpg"	"2026-09-05T21:29:23.555753+00:00"
"[U:1:1631464307]"	"https://avatars.steamstatic.com/cc8ada8dbb91f0dc0d4a13b4b00994ed529dbf48_full.jpg"	"2026-09-05T21:29:23.555753+00:00"
"[U:1:93035783]"	"https://avatars.steamstatic.com/eeef33413f1fcbb3c3a9c5153665a0e6c9369d7f_full.jpg"	"2026-09-05T21:29:23.555753+00:00"
"[U:1:107351905]"	"https://avatars.steamstatic.com/9f49385d5d4125df2f5227afc0dd57f64505d2df_full.jpg"	"2026-09-05T21:29:23.555753+00:00"
"[U:1:26213964]"	"https://avatars.steamstatic.com/4a740426ce9452519a554eebba7ece8753770aad_full.jpg"	"2026-09-05T21:29:23.555753+00:00"
"[U:1:86772174]"	"https://avatars.steamstatic.com/256497010366367fca607746bb4e545a65fef522_full.jpg"	"2026-09-05T21:29:23.555753+00:00"
"[U:1:37066021]"	"https://avatars.steamstatic.com/4ab31527dfd87f7f23032381cf8d4ee50d215261_full.jpg"	"2026-09-05T21:29:23.555753+00:00"
"[U:1:1335743]"	"https://avatars.steamstatic.com/080e119ebaf042c5b5288738e34653819c89388d_full.jpg"	"2026-09-05T21:29:23.555753+00:00"
"[U:1:1646558315]"	"https://avatars.steamstatic.com/2e1609aed5875fa6fe4c91b94919420f3ea11516_full.jpg"	"2026-09-05T21:29:23.555753+00:00"
"[U:1:1754644584]"	"https://avatars.steamstatic.com/3163eb50a1fc1b207a65e356a0f4f8fabe010b75_full.jpg"	"2026-09-05T21:29:23.555753+00:00"
"[U:1:394171317]"	"https://avatars.steamstatic.com/a6328b26c085e2552460801795b6960efc62615e_full.jpg"	"2026-09-05T21:29:23.555753+00:00"
"[U:1:177737771]"	"https://avatars.steamstatic.com/553af065d46f7bb461a7af7420b33d29a4b0e2f5_full.jpg"	"2026-09-05T21:29:23.555753+00:00"
"[U:1:108643776]"	"https://avatars.steamstatic.com/c172316b81bd4d282bd909c01ca07ff8002f2f10_full.jpg"	"2026-09-05T21:29:23.555753+00:00"
"[U:1:795984311]"	"https://avatars.steamstatic.com/3b5ddb3d22b95be23e3979946f077f63fc689e07_full.jpg"	"2026-09-05T21:29:23.555753+00:00"
"[U:1:58701791]"	"https://avatars.steamstatic.com/def3801429db183c269c7e513ca474227a915a05_full.jpg"	"2026-09-05T21:29:23.555753+00:00"
"[U:1:66960437]"	"https://avatars.steamstatic.com/659007f5e43146783b6d3cb4893ee1fcb495721b_full.jpg"	"2026-09-05T21:29:23.555753+00:00"
"[U:1:1094377444]"	"https://avatars.steamstatic.com/2b22edef7615cb037d9bdbfc5deb45146fc391ce_full.jpg"	"2026-09-05T21:29:23.555753+00:00"
"[U:1:1444620365]"	"https://avatars.steamstatic.com/f88e503ed83ee2dce47e06f25d27583f8e214dc9_full.jpg"	"2026-09-05T21:29:23.555753+00:00"
"[U:1:191801905]"	"https://avatars.steamstatic.com/aca215965c441281d79266f1a034be0188ece10d_full.jpg"	"2026-09-05T21:29:23.555753+00:00"
"[U:1:74313055]"	"https://avatars.steamstatic.com/24555cb596fe0fc99c0a6f3b81ad9dbfc1affcf4_full.jpg"	"2026-09-05T21:29:23.555753+00:00"
"[U:1:216713235]"	"https://avatars.steamstatic.com/abf1b3ee39ce3cd5ba3adaa70481b508d47b6fb5_full.jpg"	"2026-09-05T21:29:23.555753+00:00"
"[U:1:35347333]"	"https://avatars.steamstatic.com/acc89e9f82d6081e348e89cdd440b3bcf3fa3502_full.jpg"	"2026-09-05T21:29:23.555753+00:00"
"[U:1:908287723]"	"https://avatars.steamstatic.com/f028bd5f3bb4d7d51f074ae27508548ad5273e2e_full.jpg"	"2026-09-05T21:29:23.555753+00:00"
"[U:1:120903469]"	"https://avatars.steamstatic.com/7de2921c8ba9bbf6e2e7d4ff1c10d6e2895c9d78_full.jpg"	"2026-09-05T21:29:23.555753+00:00"
"[U:1:1299654311]"	"https://avatars.steamstatic.com/0cde26ec8e2accd56726129b0fc1071ee41587b2_full.jpg"	"2026-09-05T21:29:23.555753+00:00"
"[U:1:188766896]"	"https://avatars.steamstatic.com/b0efd4cab6f2119e59730b4c1be69e261f3747cd_full.jpg"	"2026-09-05T21:29:23.555753+00:00"
"[U:1:886002361]"	"https://avatars.steamstatic.com/9996869838fc051e40bd26225c50d1a9f353797c_full.jpg"	"2026-09-05T21:29:23.555753+00:00"
"[U:1:205581533]"	"https://avatars.steamstatic.com/d189956dd0463becab3c885208e352f18a9a2529_full.jpg"	"2026-09-05T21:29:23.555753+00:00"
"[U:1:45245847]"	"https://avatars.steamstatic.com/f84a44b53b3da6606e7932c9164e76f291e9fae5_full.jpg"	"2026-09-05T21:29:23.555753+00:00"
"[U:1:1045454592]"	"https://avatars.steamstatic.com/17c48508743af5ac5dee1de2fb8b9a5039a0e73f_full.jpg"	"2026-09-05T21:29:23.555753+00:00"
"[U:1:376772012]"	"https://avatars.steamstatic.com/917d4ce3dcb63e1dda9ebb2f0290a75279be47e0_full.jpg"	"2026-09-05T21:29:23.555753+00:00"
"[U:1:184736083]"	"https://avatars.steamstatic.com/1437c87120685d1056d1d93a0b1190a91870f27c_full.jpg"	"2026-09-05T21:29:23.555753+00:00"
"[U:1:47108830]"	"https://avatars.steamstatic.com/b7b66f82d29b9f49d370b48fb08396632395fac8_full.jpg"	"2026-09-05T21:29:23.555753+00:00"
"[U:1:399071799]"	"https://avatars.steamstatic.com/5f0c98f02cf78cd53a0a2c653c3890616241bd49_full.jpg"	"2026-09-05T21:29:23.555753+00:00"
"[U:1:242007126]"	"https://avatars.steamstatic.com/44c5680ad83e7322c0da47e3dc1e248686149ca5_full.jpg"	"2026-09-05T21:29:23.555753+00:00"
"[U:1:107983784]"	"https://avatars.steamstatic.com/e9da16e280e2f59f7e758d6fff92f0526fd242a3_full.jpg"	"2026-09-05T21:29:23.555753+00:00"
"[U:1:385034237]"	"https://avatars.steamstatic.com/75de3f3464ce507146a1c14db64458439b7b90ea_full.jpg"	"2026-09-05T21:29:23.555753+00:00"
"[U:1:258008180]"	"https://avatars.steamstatic.com/2e345b059591e1cf9abd2973850fc1bacc2250e8_full.jpg"	"2026-09-05T21:29:23.555753+00:00"
"[U:1:152314912]"	"https://avatars.steamstatic.com/ba195fcaf30a38efa06ca83bccaacb3c90170d05_full.jpg"	"2026-09-05T21:29:23.555753+00:00"
"[U:1:136061882]"	"https://avatars.steamstatic.com/72e0df623fa04b3ab35aea2f3ea33f6e4edf0137_full.jpg"	"2026-09-05T21:29:23.555753+00:00"
"[U:1:285303548]"	"https://avatars.steamstatic.com/03dd26f1d3867632196a58d93e53f9bccb499cb7_full.jpg"	"2026-09-05T21:29:23.555753+00:00"
"[U:1:964236729]"	"https://avatars.steamstatic.com/59772719b6e649cf498f15c130ac32a44a6efdd4_full.jpg"	"2026-09-05T21:29:23.555753+00:00"
"[U:1:81178345]"	"https://avatars.steamstatic.com/6144c5e710a69ec7316ea9bed5c304a26ab9a513_full.jpg"	"2026-09-05T21:29:23.555753+00:00"
"[U:1:334187620]"	"https://avatars.steamstatic.com/6ed6f34a90d31a0c4fb68e5c4f5792411be30385_full.jpg"	"2026-09-05T21:29:23.555753+00:00"
"[U:1:76839562]"	"https://avatars.steamstatic.com/cb0a6ba09b195c1df8e95958b144ef2937fa019a_full.jpg"	"2026-09-05T21:29:23.555753+00:00"
"[U:1:926561315]"	"https://avatars.steamstatic.com/9cc5c77d13af4362f4442f6e826456a55432bff8_full.jpg"	"2026-09-05T21:29:23.555753+00:00"
"[U:1:11158188]"	"https://avatars.steamstatic.com/1c8caf8971c57777c963a2ca18917a1d2af31235_full.jpg"	"2026-09-05T21:29:23.555753+00:00"
"[U:1:103918617]"	"https://avatars.steamstatic.com/fef49e7fa7e1997310d705b2a6158ff8dc1cdfeb_full.jpg"	"2026-09-05T21:29:23.555753+00:00"
"[U:1:34263246]"	"https://avatars.steamstatic.com/a69a4041b858573ec83f32fb4c5b3e9a1a2a606c_full.jpg"	"2026-09-05T21:29:23.555753+00:00"
"[U:1:121138800]"	"https://avatars.steamstatic.com/58eb0aa584eaf9d94ad513d443a3ee4e9a80fca5_full.jpg"	"2026-09-05T21:29:23.555753+00:00"
"[U:1:799824587]"	"https://avatars.steamstatic.com/3e3ac1dfdd6d263fe0b9fe43f9d3bbdf8d63e488_full.jpg"	"2026-09-05T21:29:23.555753+00:00"
"[U:1:76689960]"	"https://avatars.steamstatic.com/ae0b3a819a0d8a3eba330af4318742cae4710dab_full.jpg"	"2026-09-05T21:29:23.555753+00:00"
"[U:1:125956749]"	"https://avatars.steamstatic.com/2fb34b406f02916bb589c761a9789b37fe513751_full.jpg"	"2026-09-05T21:29:23.555753+00:00"
"[U:1:69086124]"	"https://avatars.steamstatic.com/d5be48a881c40fbd53ac14628ef09876ee2775b1_full.jpg"	"2026-09-05T21:29:23.555753+00:00"
"[U:1:759736902]"	"https://avatars.steamstatic.com/d8915fa20d45d48e62194214db57044256a8d334_full.jpg"	"2026-09-05T21:29:23.555753+00:00"
"[U:1:259951447]"	"https://avatars.steamstatic.com/50bd62a11e7c8aff401402d6a2872ed3e5c74142_full.jpg"	"2026-09-05T21:29:23.555753+00:00"
"[U:1:32255764]"	"https://avatars.steamstatic.com/ff72daa915e0a7cb31c64cbe847870f47ad91706_full.jpg"	"2026-09-05T21:29:23.555753+00:00"
"[U:1:441786317]"	"https://avatars.steamstatic.com/f94f7480347c335f3411e02eaf5b147f0d0efad9_full.jpg"	"2026-09-05T21:29:23.555753+00:00"
"[U:1:131504504]"	"https://avatars.steamstatic.com/f3c5fe61f327361f59676ebecc11c727f602885f_full.jpg"	"2026-09-05T21:29:23.555753+00:00"
"[U:1:154601928]"	"https://avatars.steamstatic.com/6f6e3209b114fcb9c99cd38d278664912e57e8e5_full.jpg"	"2026-09-05T21:29:23.555753+00:00"
"[U:1:60663181]"	"https://avatars.steamstatic.com/ae3b475531d3d31151b5b0c6484cbf6af466e874_full.jpg"	"2026-09-05T21:29:23.555753+00:00"
"[U:1:1409528525]"	"https://avatars.steamstatic.com/fef49e7fa7e1997310d705b2a6158ff8dc1cdfeb_full.jpg"	"2026-09-05T21:29:23.555753+00:00"
"[U:1:140216272]"	"https://avatars.steamstatic.com/8c0561a50e58f052f696fc9d08823ec4229bdf0e_full.jpg"	"2026-09-05T21:29:23.555753+00:00"
"[U:1:83640242]"	"https://avatars.steamstatic.com/dfe634f84174561997eeeda99c95bc83c5b82f95_full.jpg"	"2026-09-05T21:29:23.555753+00:00"
"[U:1:1588071614]"	"https://avatars.steamstatic.com/38d95898f5d0bf05c49414144eef7fe62dd1ab93_full.jpg"	"2026-09-05T21:29:23.555753+00:00"
"[U:1:211946537]"	"https://avatars.steamstatic.com/6330c0531c83e7262767b52a29728f6801bcc289_full.jpg"	"2026-09-05T21:29:23.555753+00:00"
"[U:1:293536279]"	"https://avatars.steamstatic.com/bcb9f8bee83d131d87442c9daf5198c63d6a4a4b_full.jpg"	"2026-09-05T21:29:23.555753+00:00"
"[U:1:136250001]"	"https://avatars.steamstatic.com/d138a752910171d6a9d195333053aeaf7ee41b9d_full.jpg"	"2026-09-05T21:29:23.555753+00:00"
"[U:1:1119492464]"	"https://avatars.steamstatic.com/dc66906b3f1dee6d26463afb2fc8bcadb6078d03_full.jpg"	"2026-09-05T21:29:23.555753+00:00"
"[U:1:1419159881]"	"https://avatars.steamstatic.com/ce33fdfa6a267c8c8bb7abd967660f6bdc2eb559_full.jpg"	"2026-09-05T21:29:23.555753+00:00"
"[U:1:1267597677]"	"https://avatars.steamstatic.com/a9a253fd7efbae5e36a6f8582059aa439fa2bd6d_full.jpg"	"2026-09-05T21:29:23.555753+00:00"
"[U:1:998456249]"	"https://avatars.steamstatic.com/806bd2802f54f37ed62946b076153b2118c545bb_full.jpg"	"2026-09-05T21:29:23.555753+00:00"
"[U:1:160733189]"	"https://avatars.steamstatic.com/a627d3c0e9fe310d6ce9538c3594376522acbb00_full.jpg"	"2026-09-05T21:29:23.555753+00:00"
"[U:1:934609076]"	"https://avatars.steamstatic.com/9ff880665cd3929c7ef09fcccdf2306b90b48be8_full.jpg"	"2026-09-05T21:29:23.555753+00:00"
"[U:1:83847990]"	"https://avatars.steamstatic.com/d8ebede431682097c76492df1c2209b552c8f61b_full.jpg"	"2026-09-05T21:29:23.555753+00:00"
"[U:1:355368763]"	"https://avatars.steamstatic.com/2daedc2f33c88fa799929cb6eed5430456adaaf6_full.jpg"	"2026-09-05T21:29:23.555753+00:00"
"[U:1:18392322]"	"https://avatars.steamstatic.com/0227a240393e6d62f539ee7b306dd048b0830eeb_full.jpg"	"2026-09-05T21:29:23.555753+00:00"
"[U:1:129696766]"	"https://avatars.steamstatic.com/b81ede988815104ea38c2c10753f4909944c4157_full.jpg"	"2026-09-05T21:29:23.555753+00:00"
"[U:1:129541472]"	"https://avatars.steamstatic.com/243ce993b818d559642876eefe788b3fdfe1cb63_full.jpg"	"2026-09-05T21:29:23.555753+00:00"
"[U:1:358667169]"	"https://avatars.steamstatic.com/a6c453769e979168dba4699fc5f8226410963bf1_full.jpg"	"2026-09-05T21:29:23.555753+00:00"
"[U:1:82110081]"	"https://avatars.steamstatic.com/6110aa72f56dfb8dfb7b6caabc540404f89a611b_full.jpg"	"2026-09-05T21:29:23.555753+00:00"
"[U:1:1055547717]"	"https://avatars.steamstatic.com/c752cd075eee6f5fcc097c47494dbcb3f1762c1f_full.jpg"	"2026-09-05T21:29:23.555753+00:00"
"[U:1:1302534901]"	"https://avatars.steamstatic.com/577f9edc866163ad49c14e72267cc08ac2859a09_full.jpg"	"2026-09-05T21:29:23.555753+00:00"
"[U:1:1138942543]"	"https://avatars.steamstatic.com/360236e555049f204b12d3a8685a3b9b9764ebfe_full.jpg"	"2026-09-05T21:29:23.555753+00:00"
"[U:1:1106879354]"	"https://avatars.steamstatic.com/0a8569633ceb618efde32a5ae86b2c2c151e4491_full.jpg"	"2026-09-05T21:29:23.555753+00:00"
"[U:1:292198608]"	"https://avatars.steamstatic.com/5b9b272c4b379152fbf5fbcb40a549086381f649_full.jpg"	"2026-09-05T21:29:23.555753+00:00"
"[U:1:76944924]"	"https://avatars.steamstatic.com/4261fe3c97387810e0f6549dfd35fa51f365b6cd_full.jpg"	"2026-09-05T21:29:23.555753+00:00"
"[U:1:949374335]"	"https://avatars.steamstatic.com/6258430b0e8a74011ceed5b57469b851fec00bd6_full.jpg"	"2026-09-05T21:29:23.555753+00:00"
"[U:1:187403963]"	"https://avatars.steamstatic.com/d7f58ce31a6e5dc0be5ec01d9346a7c0a92c0bb2_full.jpg"	"2026-09-05T21:29:23.555753+00:00"
"[U:1:51507284]"	"https://avatars.steamstatic.com/4f98718fd79d0306635e6147ddb71416a7030ea4_full.jpg"	"2026-09-05T21:29:23.555753+00:00"
"[U:1:379851704]"	"https://avatars.steamstatic.com/588d433f43fc949b7b906fc7c1c187cd5a92e1cf_full.jpg"	"2026-09-05T21:29:23.555753+00:00"
"[U:1:393332119]"	"https://avatars.steamstatic.com/202d735899fa54d2ab11f084cf0010d00d6b83a8_full.jpg"	"2026-09-05T21:29:23.555753+00:00"
"[U:1:1214307927]"	"https://avatars.steamstatic.com/fef49e7fa7e1997310d705b2a6158ff8dc1cdfeb_full.jpg"	"2026-09-05T21:29:23.555753+00:00"
"[U:1:360583562]"	"https://avatars.steamstatic.com/3159fa9cb45872d01d1f16bc5cc71434a6ae5ad2_full.jpg"	"2026-09-05T21:29:23.555753+00:00"
"[U:1:477477500]"	"https://avatars.steamstatic.com/dbcc592e407f736bde04a609fe5cd49c0f03a7b1_full.jpg"	"2026-09-05T21:29:23.555753+00:00"
"[U:1:1816821736]"	"https://avatars.steamstatic.com/33528f8f87074bd8229e07fcc73952ad26fbc525_full.jpg"	"2026-09-05T21:29:23.555753+00:00"
"[U:1:136998341]"	"https://avatars.steamstatic.com/0f64fb2cb5fbe0815000ce09cc84a18a29e7b45e_full.jpg"	"2026-09-05T21:29:23.555753+00:00"
"[U:1:402208515]"	"https://avatars.steamstatic.com/f2692a273dcc0e42b0dce179686fe65dc4525704_full.jpg"	"2026-09-05T21:29:23.555753+00:00"
"[U:1:1851717952]"	"https://avatars.steamstatic.com/ce3890de9ab660567d9f8831f9405c1b897c5b19_full.jpg"	"2026-09-05T21:29:23.555753+00:00"
"[U:1:160293815]"	"https://avatars.steamstatic.com/6ec45c0b084cb00ea05ce78126edf63a2b189ab1_full.jpg"	"2026-09-05T21:29:23.555753+00:00"
"[U:1:1876526333]"	"https://avatars.steamstatic.com/bdaefa5773c9d7b91b36258e347dce65b44c9758_full.jpg"	"2026-09-05T21:29:23.555753+00:00"
"[U:1:36204815]"	"https://avatars.steamstatic.com/e6d55ec70c17b75bd0ccc9edaa2a83ecb433082d_full.jpg"	"2026-09-05T21:29:23.555753+00:00"
"[U:1:872827359]"	"https://avatars.steamstatic.com/5e0af35ffcbfcb0e29ffb803fcdfcca9e64011b8_full.jpg"	"2026-09-05T21:29:23.555753+00:00"
"[U:1:1108453073]"	"https://avatars.steamstatic.com/39c36f6ba727946aee9e16e4eee71e2b4079de6b_full.jpg"	"2026-09-05T21:29:23.555753+00:00"
"[U:1:235158409]"	"https://avatars.steamstatic.com/198b7bf9f90b6541417e3da45ea0f6b7e8b53faa_full.jpg"	"2026-09-05T21:29:23.555753+00:00"
"[U:1:1607893738]"	"https://avatars.steamstatic.com/3709c6cc1e650f51bc7c8bc4cf873da82a736a22_full.jpg"	"2026-09-05T21:29:23.555753+00:00"
"[U:1:326935447]"	"https://avatars.steamstatic.com/0a19cf9691716e974e557fb9e0b46aa866a5a924_full.jpg"	"2026-09-05T21:29:23.555753+00:00"
"[U:1:771964734]"	"https://avatars.steamstatic.com/b0adbba2e254d9153880a0b2b7e4fd0710869386_full.jpg"	"2026-09-05T21:29:23.555753+00:00"
"[U:1:211448661]"	"https://avatars.steamstatic.com/fa2c5d9abb3442c41a3ea66a58df96fe1728ea37_full.jpg"	"2026-09-05T21:29:23.555753+00:00"
"[U:1:99635769]"	"https://avatars.steamstatic.com/5cea4aff60b13d8c315fb259efcee62c3e3a53ac_full.jpg"	"2026-09-05T21:29:23.555753+00:00"
"[U:1:424210454]"	"https://avatars.steamstatic.com/846b24a3fdf07c662c2c8fba6d31d0c2f3c94d63_full.jpg"	"2026-09-05T21:29:23.555753+00:00"
"[U:1:1928378743]"	"https://avatars.steamstatic.com/d842127eac5f54f7c0e6d7ad5e2140124caa4031_full.jpg"	"2026-09-05T21:29:23.555753+00:00"
"[U:1:894846097]"	"https://avatars.steamstatic.com/238fa63830aad7275db6568cf8fdb44bdabb5a22_full.jpg"	"2026-09-05T21:29:23.555753+00:00"
"[U:1:92898373]"	"https://avatars.steamstatic.com/3710f85833457749f57dc8457df0bb7b477842b6_full.jpg"	"2026-09-05T21:29:23.555753+00:00"
"[U:1:94341938]"	"https://avatars.steamstatic.com/f17d9ea5e3f1b4a3dfb5f7900608b4b5a2d3cc97_full.jpg"	"2026-09-05T21:29:23.555753+00:00"
"[U:1:68248471]"	"https://avatars.steamstatic.com/efbfe0b282b205f235e98a04fea89cbb09dc3def_full.jpg"	"2026-09-05T21:29:23.555753+00:00"
"[U:1:817743644]"	"https://avatars.steamstatic.com/f9bdd7e76d7c54593eaad5fafbd90f488983e66e_full.jpg"	"2026-09-05T21:29:23.555753+00:00"
"[U:1:40373045]"	"https://avatars.steamstatic.com/37dcef749084b6a3c5c0f14ace5bcd96ede72b58_full.jpg"	"2026-09-05T21:29:23.555753+00:00"
"[U:1:1829964824]"	"https://avatars.steamstatic.com/5b11d62e1c14d50a55348de848fcd6eeacbd0f0a_full.jpg"	"2026-09-05T21:29:23.555753+00:00"
"[U:1:43998663]"	"https://avatars.steamstatic.com/4cf8dbac577a9ae613dfd172f03a4b27e15da6c0_full.jpg"	"2026-09-05T21:29:23.555753+00:00"
"[U:1:1302327051]"	"https://avatars.steamstatic.com/4a246b7d30920f6d8df63db947e36a086d606ae7_full.jpg"	"2026-09-05T21:29:23.555753+00:00"
"[U:1:7705464]"	"https://avatars.steamstatic.com/f5451fa9ba0fe8a87276e5a396d7a881701d5875_full.jpg"	"2026-09-05T21:29:23.555753+00:00"
"[U:1:1046804027]"	"https://avatars.steamstatic.com/62b40357c3cf2b9db0dcf975e75eb4718ba4127e_full.jpg"	"2026-09-05T21:29:23.555753+00:00"
"[U:1:1007792924]"	"https://avatars.steamstatic.com/08d7c68d45f8eef42be51aa32988bfdc070a9f41_full.jpg"	"2026-09-05T21:29:23.555753+00:00"
"[U:1:850726622]"	"https://avatars.steamstatic.com/f88f8a205c20503463a5b038dde7e84f9becf118_full.jpg"	"2026-09-05T21:29:23.555753+00:00"
"[U:1:1628521290]"	"https://avatars.steamstatic.com/12da9791a3d5de320829c8702cc870a91b19aa17_full.jpg"	"2026-09-05T21:29:23.555753+00:00"
"[U:1:116015710]"	"https://avatars.steamstatic.com/14f5e5185419ff2b6f21f611363c06301231e615_full.jpg"	"2026-09-05T21:29:23.555753+00:00"
"[U:1:805722850]"	"https://avatars.steamstatic.com/c4ee43b3b824e54ed9145642f405583252607b1d_full.jpg"	"2026-09-05T21:29:23.555753+00:00"
"[U:1:32540625]"	"https://avatars.steamstatic.com/5962b44c83654ea63a7a0f24dad928c396ea7fd3_full.jpg"	"2026-09-05T21:29:23.555753+00:00"
"[U:1:90126089]"	"https://avatars.steamstatic.com/13c6428336e9c3dbb6b0a656d2332829d2daa1f1_full.jpg"	"2026-09-05T21:29:23.555753+00:00"
"[U:1:844286010]"	"https://avatars.steamstatic.com/5e36a2e95ad602d71cce82eedfd7cbe2b9718d11_full.jpg"	"2026-09-05T21:29:23.555753+00:00"
"[U:1:108782048]"	"https://avatars.steamstatic.com/57a578aefcc44b013d4dba8d8576f7b91a243e03_full.jpg"	"2026-09-05T21:29:23.555753+00:00"
"[U:1:325614907]"	"https://avatars.steamstatic.com/b3877044cdfff2ddb4288f670e0656064d9f1b2d_full.jpg"	"2026-09-05T21:29:23.555753+00:00"
"[U:1:229566562]"	"https://avatars.steamstatic.com/5d3447821614827d6805b17963f3f0a0e9fad5e8_full.jpg"	"2026-09-05T21:29:23.555753+00:00"
"[U:1:1060754161]"	"https://avatars.steamstatic.com/5fa7e89f1f8526f056846b536d65a940d5b66ede_full.jpg"	"2026-09-05T21:29:23.555753+00:00"
"[U:1:981340903]"	"https://avatars.steamstatic.com/b1768802eca4eab2637980d81fe1feda477d21f6_full.jpg"	"2026-09-05T21:29:23.555753+00:00"
"[U:1:1612587203]"	"https://avatars.steamstatic.com/dc87f23625da163c2a628d68c9b7c3e925212f2b_full.jpg"	"2026-09-05T21:29:23.555753+00:00"
"[U:1:1854831717]"	"https://avatars.steamstatic.com/4b02df8db99da352e3e3607786c38a6a46c63e12_full.jpg"	"2026-09-05T21:29:23.555753+00:00"
"[U:1:1455125403]"	"https://avatars.steamstatic.com/c3c903bc1ef05db96c911d2468f88896ede1a640_full.jpg"	"2026-09-05T21:29:23.555753+00:00"
"[U:1:1585281557]"	"https://avatars.steamstatic.com/f27da56c3081783bc06c28efdc1efd6ab3bf688c_full.jpg"	"2026-09-05T21:29:23.555753+00:00"
"[U:1:889003819]"	"https://avatars.steamstatic.com/396379900d56ac8beedcd87a23a93eefe5bd15b9_full.jpg"	"2026-09-05T21:29:23.555753+00:00"
"[U:1:81508833]"	"https://avatars.steamstatic.com/e3aeec996b41691ed523d5266d3c819c969b6fc8_full.jpg"	"2026-09-05T21:29:23.555753+00:00"
"[U:1:67564856]"	"https://avatars.steamstatic.com/232507db4195554886a12442e0a5f2c4071ad146_full.jpg"	"2026-09-05T21:29:23.555753+00:00"
"[U:1:141924547]"	"https://avatars.steamstatic.com/07bcacbfedc29c22233278b2f10fe27e639690c4_full.jpg"	"2026-09-05T21:29:23.555753+00:00"
"[U:1:1507589816]"	"https://avatars.steamstatic.com/4a923ec43ecbfe2e6400e57da2272db5a60433ad_full.jpg"	"2026-09-05T21:29:23.555753+00:00"
"[U:1:83367556]"	"https://avatars.steamstatic.com/a22a7184c9266f3b8bdd5b47e94bb8b8a094748e_full.jpg"	"2026-09-05T21:29:23.555753+00:00"
"[U:1:30477059]"	"https://avatars.steamstatic.com/c65349103eef848f49f1b1f62e938d711b5f8992_full.jpg"	"2026-09-05T21:29:23.555753+00:00"
"[U:1:1044000298]"	"https://avatars.steamstatic.com/1aa3e6f79ce7d44222b85eb094e9cd87ef99c280_full.jpg"	"2026-09-05T21:29:23.555753+00:00"
"[U:1:119368972]"	"https://avatars.steamstatic.com/1eb716544cdcde331113def62b8a6004d2cc2c09_full.jpg"	"2026-09-05T21:29:23.555753+00:00"
"[U:1:92517770]"	"https://avatars.steamstatic.com/2f68349ee76c8beb6fff949522532266c418ef92_full.jpg"	"2026-09-05T21:29:23.555753+00:00"
"[U:1:1878957334]"	"https://avatars.steamstatic.com/2679a7040a20fe4edeec774a490aa55f27ef173e_full.jpg"	"2026-09-05T21:29:23.555753+00:00"
"[U:1:1565712689]"	"https://avatars.steamstatic.com/3a5dc4a9623229325acda4a25a55e94bff3fb812_full.jpg"	"2026-09-05T21:29:23.555753+00:00"
"[U:1:110258582]"	"https://avatars.steamstatic.com/3347685d5b0ffdf9fb2eacdabdcfe12d672d3294_full.jpg"	"2026-09-05T21:29:23.555753+00:00"
"[U:1:447807438]"	"https://avatars.steamstatic.com/2cf4052d04536ccec560f5a3b71820091f357165_full.jpg"	"2026-09-05T21:29:23.555753+00:00"
"[U:1:311650102]"	"https://avatars.steamstatic.com/7d1d63f57e3088b59a31285c3d6c9b1c6f9aef32_full.jpg"	"2026-09-05T21:29:23.555753+00:00"
"[U:1:49126452]"	"https://avatars.steamstatic.com/38470fc72035c7640a9daca8ccecb0715f8c11a7_full.jpg"	"2026-09-05T21:29:23.555753+00:00"
"[U:1:1540674797]"	"https://avatars.steamstatic.com/d57b5d6d22715d64a96fbc640e6259378da832cc_full.jpg"	"2026-09-05T21:29:23.555753+00:00"
"[U:1:168173534]"	"https://avatars.steamstatic.com/f42b3ace5b6fa25d9f64b4bad8fb745d29f972c1_full.jpg"	"2026-09-05T21:29:23.555753+00:00"
"[U:1:1238560274]"	"https://avatars.steamstatic.com/320dd4cb75253feaa9bfb2bc2b7dc1c7c0e564ee_full.jpg"	"2026-09-05T21:29:23.555753+00:00"
"[U:1:1023396669]"	"https://avatars.steamstatic.com/61ab70962972708287fbe01bbf30a073e02557fb_full.jpg"	"2026-09-05T21:29:23.555753+00:00"
"[U:1:31673858]"	"https://avatars.steamstatic.com/237169a1e44f7dcb6da2f54e9ade451a1b3cafa6_full.jpg"	"2026-09-05T21:29:23.555753+00:00"
"[U:1:991127840]"	"https://avatars.steamstatic.com/32a0be0940c152c5f7e4810426fb9ed6e5d2809f_full.jpg"	"2026-09-05T21:29:23.555753+00:00"
"[U:1:92510841]"	"https://avatars.steamstatic.com/f469d16383263116ed91c1128a8d4c686ccda854_full.jpg"	"2026-09-05T21:29:23.555753+00:00"
"[U:1:1087523360]"	"https://avatars.steamstatic.com/884776484a9a100f676bc76e3cd1f5aa66e2c38e_full.jpg"	"2026-09-05T21:29:23.555753+00:00"
"[U:1:373971590]"	"https://avatars.steamstatic.com/bc8450c6a7a5e2bc5241cc16db018c92f334eb29_full.jpg"	"2026-09-05T21:29:23.555753+00:00"
"[U:1:451340838]"	"https://avatars.steamstatic.com/d2eb66630bbf5533f8f034ddbace1a04d0cbcb5a_full.jpg"	"2026-09-05T21:29:23.555753+00:00"
"[U:1:150461499]"	"https://avatars.steamstatic.com/29b3229935a13730525e080006059f2e72be62e6_full.jpg"	"2026-09-05T21:29:23.555753+00:00"
"[U:1:80898349]"	"https://avatars.steamstatic.com/5243a9e61eeb718e67f7dd390ad02af348b9d898_full.jpg"	"2026-09-05T21:29:23.555753+00:00"
"[U:1:257849953]"	"https://avatars.steamstatic.com/42e1baad8bd5f27458a58d2c80115bb1e43dccb8_full.jpg"	"2026-09-05T21:29:23.555753+00:00"
"[U:1:260429015]"	"https://avatars.steamstatic.com/1d3a1e9f0f9ea844b80f36d1da3a2607b7125962_full.jpg"	"2026-09-05T21:29:23.555753+00:00"
"[U:1:1640774000]"	"https://avatars.steamstatic.com/2082c239d38deb8926fa11d08ef8133749304041_full.jpg"	"2026-09-05T21:29:23.555753+00:00"
"[U:1:252718681]"	"https://avatars.steamstatic.com/9d0358fed048d5b5e6e5b7f23f3eaf4e8f27cd25_full.jpg"	"2026-09-05T21:29:23.555753+00:00"
"[U:1:99587961]"	"https://avatars.steamstatic.com/c498fba00e5831b8ae09d0b04db30a4f3afec394_full.jpg"	"2026-09-05T21:29:23.555753+00:00"
"[U:1:71727078]"	"https://avatars.steamstatic.com/4d748d7985c59d4142b1d65f584f5ae5001444cc_full.jpg"	"2026-09-05T21:29:23.555753+00:00"
"[U:1:132074836]"	"https://avatars.steamstatic.com/3e2010ae9583fbb8cf241f3b3cf17dcc319505c0_full.jpg"	"2026-09-05T21:29:23.555753+00:00"
"[U:1:93787555]"	"https://avatars.steamstatic.com/862489fdcafce681d1cf6c8597aeb827b924a5ad_full.jpg"	"2026-09-05T21:29:23.555753+00:00"
"[U:1:170714159]"	"https://avatars.steamstatic.com/9514654755655d03a6a3f8ab604679d29ba42ec7_full.jpg"	"2026-09-05T21:29:23.555753+00:00"
"[U:1:792899318]"	"https://avatars.steamstatic.com/61ab70962972708287fbe01bbf30a073e02557fb_full.jpg"	"2026-09-05T21:29:23.555753+00:00"
"[U:1:1522032964]"	"https://avatars.steamstatic.com/ab4846149a27235af40005b990cbae84f4deb14d_full.jpg"	"2026-09-05T21:29:23.555753+00:00"
"[U:1:170521153]"	"https://avatars.steamstatic.com/780108b98777d0b1c9b79620df19ce7f3db7300d_full.jpg"	"2026-09-05T21:29:23.555753+00:00"
"[U:1:9165109]"	"https://avatars.steamstatic.com/56337a6379666884ba96b05cd3f8f8af083cf198_full.jpg"	"2026-09-05T21:29:23.555753+00:00"
"[U:1:1422395466]"	"https://avatars.steamstatic.com/9c2e193a07b79e3dd75696b93345a663cd12599e_full.jpg"	"2026-09-05T21:29:23.555753+00:00"
"[U:1:1123921085]"	"https://avatars.steamstatic.com/b355d9fd536880a6fcb358cf3c21f2e23f6710e4_full.jpg"	"2026-09-05T21:29:23.555753+00:00"
"[U:1:1143727819]"	"https://avatars.steamstatic.com/9a5864b42b0ba291fb1c2191774464a5fe8c7122_full.jpg"	"2026-09-05T21:29:23.555753+00:00"
"[U:1:1622706087]"	"https://avatars.steamstatic.com/c3da380f30a540d91adfd1212fb32f0131f26a53_full.jpg"	"2026-09-05T21:29:23.555753+00:00"
"[U:1:184486240]"	"https://avatars.steamstatic.com/88fb3214b7ce75d833c3bc6d5ba6bc901e61b7d0_full.jpg"	"2026-09-05T21:29:23.555753+00:00"
"[U:1:10976846]"	"https://avatars.steamstatic.com/1d85ad5d9a0d03718ae91e78fef739764c4bcaf1_full.jpg"	"2026-09-05T21:29:23.555753+00:00"
"[U:1:127021441]"	"https://avatars.steamstatic.com/8a414a1b0b5d181f08e594075d51a48fea6a47d2_full.jpg"	"2026-09-05T21:29:23.555753+00:00"
"[U:1:1550873452]"	"https://avatars.steamstatic.com/098bc45ce3bb140d63514de0882fb80678e8841e_full.jpg"	"2026-09-05T21:29:23.555753+00:00"
"[U:1:141500273]"	"https://avatars.steamstatic.com/d31c170a40d5b4bdcdb568a1f98f2f3d202ca5d3_full.jpg"	"2026-09-05T21:29:23.555753+00:00"
"[U:1:1127846163]"	"https://avatars.steamstatic.com/50f233f4d4d801e5412b62d634213ad499ce89a0_full.jpg"	"2026-09-05T21:29:23.555753+00:00"
"[U:1:3815008]"	"https://avatars.steamstatic.com/16ee899340ffef4e6c77332038994cf6a2414991_full.jpg"	"2026-09-05T21:29:23.555753+00:00"
"[U:1:1224513067]"	"https://avatars.steamstatic.com/458fe679116dc6a28f6ce8a735afa093948215cd_full.jpg"	"2026-09-05T21:29:23.555753+00:00"
"[U:1:186133581]"	"https://avatars.steamstatic.com/023a3e5a7ca21886e56e2f135d4e0381292af5ff_full.jpg"	"2026-09-05T21:29:23.555753+00:00"
"[U:1:1125523510]"	"https://avatars.steamstatic.com/2c162af663e3774b3152e198047f153a3b6a41d3_full.jpg"	"2026-09-05T21:29:23.555753+00:00"
"[U:1:108316528]"	"https://avatars.steamstatic.com/8ad8884e6d8b4e922a801ff6e004143bfe545137_full.jpg"	"2026-09-05T21:29:23.555753+00:00"
"[U:1:85812214]"	"https://avatars.steamstatic.com/2f9ed5bce6461105c5bb64d2a47c2b358bee9423_full.jpg"	"2026-09-05T21:29:23.555753+00:00"
"[U:1:105741776]"	"https://avatars.steamstatic.com/06f22e3bb1efdc41833dfbc4bb45825f81e748b3_full.jpg"	"2026-09-05T21:29:23.555753+00:00"
"[U:1:226621515]"	"https://avatars.steamstatic.com/500948794b266eb369afcd1e999fcd1fa9056f61_full.jpg"	"2026-09-05T21:29:23.555753+00:00"
"[U:1:1298870030]"	"https://avatars.steamstatic.com/94257822d172c8ecd4a0b9d884f5f23a72a7e99c_full.jpg"	"2026-09-05T21:29:23.555753+00:00"
"[U:1:85920958]"	"https://avatars.steamstatic.com/a97066342fe34b8c79dca2e42d302926533934f8_full.jpg"	"2026-09-05T21:29:23.555753+00:00"
"[U:1:816318591]"	"https://avatars.steamstatic.com/2fe60d9ee10871bf8ff2a3773c5fc4a101ed4af9_full.jpg"	"2026-09-05T21:29:23.555753+00:00"
"[U:1:865912969]"	"https://avatars.steamstatic.com/7b4a2fc0701a3118788cdcff3472f6b90bc9b028_full.jpg"	"2026-09-05T21:29:23.555753+00:00"
"[U:1:52219864]"	"https://avatars.steamstatic.com/d473fddc38f6d7914b2ca7bef51a91ce49db8afd_full.jpg"	"2026-09-05T21:29:23.555753+00:00"
"[U:1:356970538]"	"https://avatars.steamstatic.com/152e6827ba29ee2cf6cd4bcc9ef0cb5250f2c6f9_full.jpg"	"2026-09-05T21:29:23.555753+00:00"
"[U:1:1121495636]"	"https://avatars.steamstatic.com/b0e06b2c02e112ad4be0a4b62455f213e8b5f2e7_full.jpg"	"2026-09-05T21:29:23.555753+00:00"
"[U:1:158114483]"	"https://avatars.steamstatic.com/30060613ebb2b1380e7563abe5f3cbe90550ef16_full.jpg"	"2026-09-05T21:29:23.555753+00:00"
"[U:1:112458036]"	"https://avatars.steamstatic.com/dd25f8d2ef7af2a587bda3a239f20532d605c8e5_full.jpg"	"2026-09-05T21:29:23.555753+00:00"
"[U:1:53164641]"	"https://avatars.steamstatic.com/31b8352562b2c583ea513d84ab4b79f95f18f68b_full.jpg"	"2026-09-05T21:29:23.555753+00:00"
"[U:1:1164254965]"	"https://avatars.steamstatic.com/1562dcc698ddeab8baffb3d6a71f09d5c791e808_full.jpg"	"2026-09-05T21:29:23.555753+00:00"
"[U:1:188039331]"	"https://avatars.steamstatic.com/90e1635c9a8b41337ab61477b7e4d4b589c70ba9_full.jpg"	"2026-09-05T21:29:23.555753+00:00"
"[U:1:876429945]"	"https://avatars.steamstatic.com/721b6629e6d5152698d6fd80c07e3e52166d65d0_full.jpg"	"2026-09-05T21:29:23.555753+00:00"
"[U:1:1136668142]"	"https://avatars.steamstatic.com/a31cf0228b1825155c9e10bb002cefb04a112dcb_full.jpg"	"2026-09-05T21:29:23.555753+00:00"
"[U:1:886832068]"	"https://avatars.steamstatic.com/a551f0f45e636ea5ac944902072694c6a8397453_full.jpg"	"2026-09-05T21:29:23.555753+00:00"
"[U:1:181544327]"	"https://avatars.steamstatic.com/ae2bffb31bb2d37be63c742c58eae9a708008ce4_full.jpg"	"2026-09-05T21:29:23.555753+00:00"
"[U:1:1630463764]"	"https://avatars.steamstatic.com/61b2c29769be1638761bac58b42843a7ceee6cb1_full.jpg"	"2026-09-05T21:29:23.555753+00:00"
"[U:1:64556533]"	"https://avatars.steamstatic.com/bbba751350198079a670d877645c1ad5dce48f5f_full.jpg"	"2026-09-05T21:29:23.555753+00:00"
"[U:1:139423117]"	"https://avatars.steamstatic.com/dbaa8f86bad0dd28f54d5480878ff71acb7dc7de_full.jpg"	"2026-09-05T21:29:23.555753+00:00"
"[U:1:102578083]"	"https://avatars.steamstatic.com/edf16284d1adff2ac561bfa18207ab2600d57590_full.jpg"	"2026-09-05T21:29:23.555753+00:00"
"[U:1:1844288060]"	"https://avatars.steamstatic.com/d225f2b08e221970f40038aee8e223b2645d8c72_full.jpg"	"2026-09-05T21:29:23.555753+00:00"
"[U:1:1138179218]"	"https://avatars.steamstatic.com/6150d0a819275722aeb7972eb735573a2849502e_full.jpg"	"2026-09-05T21:29:23.555753+00:00"
"[U:1:163402465]"	"https://avatars.steamstatic.com/326fc345cedd7bfb67b292b9e1e50ef281f86a5e_full.jpg"	"2026-09-05T21:29:23.555753+00:00"
"[U:1:1707040622]"	"https://avatars.steamstatic.com/59de5e732482405e08efd24a34531bf9455c8370_full.jpg"	"2026-09-05T21:29:23.555753+00:00"
"[U:1:1506601917]"	"https://avatars.steamstatic.com/a5547ef54866a9c260287e4880068d1f3b46f0d3_full.jpg"	"2026-09-05T21:29:23.555753+00:00"
"[U:1:39355956]"	"https://avatars.steamstatic.com/edc3a0c206030ccb8ebbf7d8d1b272cbe68031c9_full.jpg"	"2026-09-05T21:29:23.555753+00:00"
"[U:1:3028115]"	"https://avatars.steamstatic.com/1d73c3e81fe6ded3bd4b3850eb03222dab19e6d9_full.jpg"	"2026-09-05T21:29:23.555753+00:00"
"[U:1:34941883]"	"https://avatars.steamstatic.com/7e582168739dfbc50a50159bdcf63503533893e8_full.jpg"	"2026-09-05T21:29:23.555753+00:00"
"[U:1:155557697]"	"https://avatars.steamstatic.com/ea65fd382958abcdf0c234214fd12fdc3d6447aa_full.jpg"	"2026-09-05T21:29:23.555753+00:00"
"[U:1:169008206]"	"https://avatars.steamstatic.com/0de2819530a7a5180a747b8a52c712b03576f410_full.jpg"	"2026-09-05T21:29:23.555753+00:00"
"[U:1:86629711]"	"https://avatars.steamstatic.com/07b7b2a0bce30470aa37b3a0704c1b1daadaba8a_full.jpg"	"2026-09-05T21:29:23.555753+00:00"
"[U:1:181216424]"	"https://avatars.steamstatic.com/fb3990fd38605df4f7184dd370eeb379a499a062_full.jpg"	"2026-09-05T21:29:23.555753+00:00"
"[U:1:197166158]"	"https://avatars.steamstatic.com/fede1355e88a5ffae6e9bfc20de4ec33a18ef5d1_full.jpg"	"2026-09-05T21:29:23.555753+00:00"
"[U:1:115711468]"	"https://avatars.steamstatic.com/4258a62a83d3579122bfeb3b9487fc238e964884_full.jpg"	"2026-09-05T21:29:23.555753+00:00"
"[U:1:433635486]"	"https://avatars.steamstatic.com/0ef32dc26598a6b3932eae9133034aab376787a9_full.jpg"	"2026-09-05T21:29:23.555753+00:00"
"[U:1:1102396199]"	"https://avatars.steamstatic.com/185777752da5cb4a5d3fe59a917c2b0b94bf4907_full.jpg"	"2026-09-05T21:29:23.555753+00:00"
"[U:1:801667379]"	"https://avatars.steamstatic.com/821e24f449028f64940b8b62c3f9e5f3c2368930_full.jpg"	"2026-09-05T21:29:23.555753+00:00"
"[U:1:1569650945]"	"https://avatars.steamstatic.com/b0263558e4a076dccb5e9d53dbcd508c7fd55150_full.jpg"	"2026-09-05T21:29:23.555753+00:00"
"[U:1:207946041]"	"https://avatars.steamstatic.com/363ea6670656b2b62310b41137025cdb2da6c767_full.jpg"	"2026-09-05T21:29:23.555753+00:00"
"[U:1:389669433]"	"https://avatars.steamstatic.com/f055beac930acc1f59887bbb9792296e6d3404ae_full.jpg"	"2026-09-05T21:29:23.555753+00:00"
"[U:1:107788555]"	"https://avatars.steamstatic.com/f1b8e721ed12664402c7280cfe5aa3a9722ff006_full.jpg"	"2026-09-05T21:29:23.555753+00:00"
"[U:1:1171914783]"	"https://avatars.steamstatic.com/f5d963aea5f98e003077db304db5d700549c8223_full.jpg"	"2026-09-05T21:29:23.555753+00:00"
"[U:1:218306838]"	"https://avatars.steamstatic.com/60badea38d066f9e1a6fb4f4c9e28fdb55752839_full.jpg"	"2026-09-05T21:29:23.555753+00:00"
"[U:1:233530470]"	"https://avatars.steamstatic.com/61c7c43c5026e0c7c0f8da2dd5201ee82c2349e6_full.jpg"	"2026-09-05T21:29:23.555753+00:00"
"[U:1:38198229]"	"https://avatars.steamstatic.com/6f07253f865dcd938d05a4dc66a8ce26439106bf_full.jpg"	"2026-09-05T21:29:23.555753+00:00"
"[U:1:787291861]"	"https://avatars.steamstatic.com/9cc5c77d13af4362f4442f6e826456a55432bff8_full.jpg"	"2026-09-05T21:29:23.555753+00:00"
"[U:1:160905457]"	"https://avatars.steamstatic.com/fef49e7fa7e1997310d705b2a6158ff8dc1cdfeb_full.jpg"	"2026-09-05T21:29:23.555753+00:00"
"[U:1:228683371]"	"https://avatars.steamstatic.com/1b3ce674dea0713108f2ab868d81c76caa29060e_full.jpg"	"2026-09-05T21:29:23.555753+00:00"
"[U:1:10504612]"	"https://avatars.steamstatic.com/2559f90e6a4bc4c2f504b96bd3dd41916e65a027_full.jpg"	"2026-09-05T21:29:23.555753+00:00"
"[U:1:95615220]"	"https://avatars.steamstatic.com/8dbf9d4f5678432d086e1c0ab80a1e11830c6aec_full.jpg"	"2026-09-05T21:29:23.555753+00:00"
"[U:1:121328315]"	"https://avatars.steamstatic.com/4b70184bbde50b0a379d94a6ec736ea5a60137c0_full.jpg"	"2026-09-05T21:29:23.555753+00:00"
"[U:1:1257579644]"	"https://avatars.steamstatic.com/9614d87ae75b5e65c29a73a0aaa834c92ecbf61d_full.jpg"	"2026-09-05T21:29:23.555753+00:00"
"[U:1:886099491]"	"https://avatars.steamstatic.com/b0ca8fa8f501afdd38db0014a547e68f0681d100_full.jpg"	"2026-09-05T21:29:23.555753+00:00"
"[U:1:390697670]"	"https://avatars.steamstatic.com/b116aa04517c753a3d3a9afd9c3d0d116c00ec6a_full.jpg"	"2026-09-05T21:29:23.555753+00:00"
"[U:1:65788837]"	"https://avatars.steamstatic.com/87f698fe7326227c06ef96e3b2ca67078f2960a3_full.jpg"	"2026-09-05T21:29:23.555753+00:00"
"[U:1:30219266]"	"https://avatars.steamstatic.com/e05c672315d87f351ffddff15365132305f98397_full.jpg"	"2026-09-05T21:29:23.555753+00:00"
"[U:1:155591850]"	"https://avatars.steamstatic.com/25891216d7a7b64916f3bd0403d334b902217319_full.jpg"	"2026-09-05T21:29:23.555753+00:00"
"[U:1:3912442]"	"https://avatars.steamstatic.com/654d99d0e0619624f0ece760fef29ebe16c79bca_full.jpg"	"2026-09-05T21:29:23.555753+00:00"
"[U:1:142424187]"	"https://avatars.steamstatic.com/fee4187c4574193e951d88ced836e5a233914f52_full.jpg"	"2026-09-05T21:29:23.555753+00:00"
"[U:1:27109859]"	"https://avatars.steamstatic.com/669f90b7e5531c792701537da3014e77bee49fb9_full.jpg"	"2026-09-05T21:29:23.555753+00:00"
"[U:1:1298318973]"	"https://avatars.steamstatic.com/a9baa0535560ed0eaa03fbdc62c75c7b876fae8a_full.jpg"	"2026-09-05T21:29:23.555753+00:00"
"[U:1:1046282980]"	"https://avatars.steamstatic.com/932deaf2481f1882650acbe80ef1aeb8c57f3cee_full.jpg"	"2026-09-05T21:29:23.555753+00:00"
"[U:1:178592554]"	"https://avatars.steamstatic.com/6fef86083d1ee0ee0451c72082324c45e5d6373f_full.jpg"	"2026-09-05T21:29:23.555753+00:00"
"[U:1:52450060]"	"https://avatars.steamstatic.com/98381a7fca49ea6f6271b0cffced14b0607f9ec4_full.jpg"	"2026-09-05T21:29:23.555753+00:00"
"[U:1:12068136]"	"https://avatars.steamstatic.com/df37f5d15d78264a3bfe0da6093e0b4d25452dfc_full.jpg"	"2026-09-05T21:29:23.555753+00:00"
"[U:1:5315731]"	"https://avatars.steamstatic.com/763d64105c1ec7f03c92b4348fe9e439eece7110_full.jpg"	"2026-09-05T21:29:23.555753+00:00"
"[U:1:173095069]"	"https://avatars.steamstatic.com/c51a252a7cb9b515b2b28e685d59ee463bbd1fa8_full.jpg"	"2026-09-05T21:29:23.555753+00:00"
"[U:1:809020068]"	"https://avatars.steamstatic.com/c0be1efe81959c7eb8a547c869887d1b58b38a2a_full.jpg"	"2026-09-05T21:29:23.555753+00:00"
"[U:1:364285895]"	"https://avatars.steamstatic.com/c59ca55b6b333eb64b5ecb4e0923de113ee30095_full.jpg"	"2026-09-05T21:29:23.555753+00:00"
"[U:1:85624010]"	"https://avatars.steamstatic.com/c2dd064dbb700cee3e53dbe69da89fbb010e755d_full.jpg"	"2026-09-05T21:29:23.555753+00:00"
"[U:1:1006215531]"	"https://avatars.steamstatic.com/c38ed9778f511891bdd5e6581f1050c380ba8d26_full.jpg"	"2026-09-05T21:29:23.555753+00:00"
"[U:1:66035839]"	"https://avatars.steamstatic.com/34bf0b193870d9e703872616483227cf8fefa950_full.jpg"	"2026-09-05T21:29:23.555753+00:00"
"[U:1:1851111032]"	"https://avatars.steamstatic.com/7bd7b679c5366ab21aa4e22dc10f36102ecf6517_full.jpg"	"2026-09-05T21:29:23.555753+00:00"
"[U:1:1075583493]"	"https://avatars.steamstatic.com/205b7b0a686c36749edfa5cbac17b0cc9353d8e2_full.jpg"	"2026-09-05T21:29:23.555753+00:00"
"[U:1:1405676]"	"https://avatars.steamstatic.com/9de324b2f3b038205c99f91e5f775e658e9b96b8_full.jpg"	"2026-09-05T21:29:23.555753+00:00"
"[U:1:35232487]"	"https://avatars.steamstatic.com/4a9001aec86dc0d029d513f88a7dd75ae21b5fd0_full.jpg"	"2026-09-05T21:29:23.555753+00:00"
"[U:1:7574836]"	"https://avatars.steamstatic.com/cb16404a643a31d9dfe121a81fef40fd0afe2b21_full.jpg"	"2026-09-05T21:29:23.555753+00:00"
"[U:1:461702250]"	"https://avatars.steamstatic.com/0511c99c8d7ad2eaada259416675f0d458110150_full.jpg"	"2026-09-05T21:29:23.555753+00:00"
"[U:1:1463895576]"	"https://avatars.steamstatic.com/14a66875fbea6928531c899c6a128a6640702bf2_full.jpg"	"2026-09-05T21:29:23.555753+00:00"
"[U:1:1128453661]"	"https://avatars.steamstatic.com/5b79947e5a765ea313e523a24bc9c54fd5202644_full.jpg"	"2026-09-05T21:29:23.555753+00:00"
"[U:1:323474698]"	"https://avatars.steamstatic.com/1d21ec0c94894ec91c1fbe3da2da4afc213954d7_full.jpg"	"2026-09-05T21:29:23.555753+00:00"
"[U:1:386746360]"	"https://avatars.steamstatic.com/fda6458ff59e82696d4b44469c24719ce036906d_full.jpg"	"2026-09-05T21:29:23.555753+00:00"
"[U:1:1407732010]"	"https://avatars.steamstatic.com/64ce032e1c865cb4a74012741fe1d0867f9567da_full.jpg"	"2026-09-05T21:29:23.555753+00:00"
"[U:1:56174195]"	"https://avatars.steamstatic.com/2066bf0b431130bbfa4368b3991544c41236c1fb_full.jpg"	"2026-09-05T21:29:23.555753+00:00"
"[U:1:252935177]"	"https://avatars.steamstatic.com/528fa281beb5bfd5f9e2ec6ec3c306cddd67455f_full.jpg"	"2026-09-05T21:29:23.555753+00:00"
"[U:1:1520351735]"	"https://avatars.steamstatic.com/5098cf7b260f79ac6d438244c248c72a24e500ce_full.jpg"	"2026-09-05T21:29:23.555753+00:00"
"[U:1:284342482]"	"https://avatars.steamstatic.com/bd12d846c30a892f8fb9425aa3d2e597f68b8115_full.jpg"	"2026-09-05T21:29:23.555753+00:00"
"[U:1:96774883]"	"https://avatars.steamstatic.com/cdd21ec92bfe615914b0270527c3c3b851537904_full.jpg"	"2026-09-05T21:29:23.555753+00:00"
"[U:1:223647131]"	"https://avatars.steamstatic.com/54b8a00b58d0786d35efff926c80198a3d3c0222_full.jpg"	"2026-09-05T21:29:23.555753+00:00"
"[U:1:1586361728]"	"https://avatars.steamstatic.com/9e0985a484d25841923ec21c89ef793a5e43a197_full.jpg"	"2026-09-05T21:29:23.555753+00:00"
"[U:1:82823749]"	"https://avatars.steamstatic.com/7b39e0f7e594019a36265870bc8c7492b3f18c7c_full.jpg"	"2026-09-05T21:29:23.555753+00:00"
"[U:1:896468107]"	"https://avatars.steamstatic.com/a8091fa7e1c73cf1289ef49f74e105e0c0f5562f_full.jpg"	"2026-09-05T21:29:23.555753+00:00"
"[U:1:215198987]"	"https://avatars.steamstatic.com/6167648ba1540f02e35376d1106b40ff8e9cfff1_full.jpg"	"2026-09-05T21:29:23.555753+00:00"
"[U:1:85241242]"	"https://avatars.steamstatic.com/db39bb7debe97578ab011ae588d5b169b14348cd_full.jpg"	"2026-09-05T21:29:23.555753+00:00"
"[U:1:1697111061]"	"https://avatars.steamstatic.com/7981fd7ce488549fb189fb5137262df880c79d3a_full.jpg"	"2026-09-05T21:29:23.555753+00:00"
"[U:1:89106804]"	"https://avatars.steamstatic.com/d4a254679d0d8b721c32cced083d1998bedc1235_full.jpg"	"2026-09-05T21:29:23.555753+00:00"
"[U:1:4843399]"	"https://avatars.steamstatic.com/604e9c914e6f4ae37b8f15294647da97e23e9b48_full.jpg"	"2026-09-05T21:29:23.555753+00:00"
"[U:1:971201543]"	"https://avatars.steamstatic.com/e0999dbc7380bf2d4d928ca75e051299791d2195_full.jpg"	"2026-09-05T21:29:23.555753+00:00"
"[U:1:116155848]"	"https://avatars.steamstatic.com/8dbd2dbc7cee681a777d4d71e8b985719694d4b2_full.jpg"	"2026-09-05T21:29:23.555753+00:00"
"[U:1:66992684]"	"https://avatars.steamstatic.com/628af4482fb37606ed7e0709091d30971bf00fc8_full.jpg"	"2026-09-05T21:29:23.555753+00:00"
"[U:1:281355596]"	"https://avatars.steamstatic.com/b9dfdfd82998bdd2626952bac54cc0569944e44e_full.jpg"	"2026-09-05T21:29:23.555753+00:00"
"[U:1:427254025]"	"https://avatars.steamstatic.com/e5c5b1417c59dd1049a312bcb6b9842a6a534979_full.jpg"	"2026-09-05T21:29:23.555753+00:00"
"[U:1:350361938]"	"https://avatars.steamstatic.com/89929f87089fb51469e486bd47452e328b9cacec_full.jpg"	"2026-09-05T21:29:23.555753+00:00"
"[U:1:432719653]"	"https://avatars.steamstatic.com/c92c3b565b98fc2b65af25e3781a6567fa41aabf_full.jpg"	"2026-09-05T21:29:23.555753+00:00"
"[U:1:1145676578]"	"https://avatars.steamstatic.com/bd96f9c037c3579eb0be4c3654b0f509cad0568e_full.jpg"	"2026-09-05T21:29:23.555753+00:00"
"[U:1:1547840749]"	"https://avatars.steamstatic.com/7afd7168065a795993973774ca3a08b29a041b06_full.jpg"	"2026-09-05T21:29:23.555753+00:00"
"[U:1:414448461]"	"https://avatars.steamstatic.com/804a7c2a76b7cc0c6e1275b3f70f8f7321e6cc62_full.jpg"	"2026-09-05T21:29:23.555753+00:00"
"[U:1:3400362]"	"https://avatars.steamstatic.com/07c374a3cb98b92f404a95a6197bb4deb25a0b54_full.jpg"	"2026-09-05T21:29:23.555753+00:00"
"[U:1:1068935456]"	"https://avatars.steamstatic.com/b7431a63277d67d4d537ec406aee36709deab6c2_full.jpg"	"2026-09-05T21:29:23.555753+00:00"
"[U:1:201466790]"	"https://avatars.steamstatic.com/82132571879c88700f4b7016766b374c8d4a818d_full.jpg"	"2026-09-05T21:29:23.555753+00:00"
"[U:1:1802311599]"	"https://avatars.steamstatic.com/f27198aaa651ed0bbc57c55fe12c15da9b26156c_full.jpg"	"2026-09-05T21:29:23.555753+00:00"
"[U:1:135628255]"	"https://avatars.steamstatic.com/21adafe3fb4ca17b28848d0933387f77c6d1b720_full.jpg"	"2026-09-05T21:29:23.555753+00:00"
"[U:1:489918287]"	"https://avatars.steamstatic.com/552422bee163a5f474000373656e611c08343f0c_full.jpg"	"2026-09-05T21:29:23.555753+00:00"
"[U:1:1850038482]"	"https://avatars.steamstatic.com/f1e7357a7f3049e7cd1ec8c3212ca25f6b07db4d_full.jpg"	"2026-09-05T21:29:23.555753+00:00"
"[U:1:115796551]"	"https://avatars.steamstatic.com/ba4185e8945179d343424a142c6c5d61b06e1250_full.jpg"	"2026-09-05T21:29:23.555753+00:00"
"[U:1:793499926]"	"https://avatars.steamstatic.com/253639851f41032b6fcd4257e40fd4cc0ba6bcb7_full.jpg"	"2026-09-05T21:29:23.555753+00:00"
"[U:1:94712764]"	"https://avatars.steamstatic.com/6aec0bf3d09fe0dbf2ea916a4e9339a4cfdd075b_full.jpg"	"2026-09-05T21:29:23.555753+00:00"
"[U:1:86025]"	"https://avatars.steamstatic.com/e31f963894af8a47f50fb3b653a9a828235eba5b_full.jpg"	"2026-09-05T21:29:23.555753+00:00"
"[U:1:922227817]"	"https://avatars.steamstatic.com/3459214181d331938fb66b4cfe486634a3a751c6_full.jpg"	"2026-09-05T21:29:23.555753+00:00"
"[U:1:847403340]"	"https://avatars.steamstatic.com/19f40b4d793107e70e9b15d26f0b96ab51dcb380_full.jpg"	"2026-09-05T21:29:23.555753+00:00"
"[U:1:296824303]"	"https://avatars.steamstatic.com/d10f766719a028bcbf4e1f239d5729353a196605_full.jpg"	"2026-09-05T21:29:23.555753+00:00"
"[U:1:1893910067]"	"https://avatars.steamstatic.com/49c563d94acf85094b4eae9c94bcd32fa722c7c4_full.jpg"	"2026-09-05T21:29:23.555753+00:00"
"[U:1:1276018967]"	"https://avatars.steamstatic.com/8840846f910338ac13cc2dcd7bf9334c4eef0080_full.jpg"	"2026-09-05T21:29:23.555753+00:00"
"[U:1:1134993272]"	"https://avatars.steamstatic.com/7b36c72e5c061609b8a95eeec237a4a07395566e_full.jpg"	"2026-09-05T21:29:23.555753+00:00"
"[U:1:85464588]"	"https://avatars.steamstatic.com/7ad22a6b29945b6b79654f6338b74961e1a65f14_full.jpg"	"2026-09-05T21:29:23.555753+00:00"
"[U:1:415378479]"	"https://avatars.steamstatic.com/bc07f691ab4aacdb8347daf2dadf35a83bfe237d_full.jpg"	"2026-09-05T21:29:23.555753+00:00"
"[U:1:12108936]"	"https://avatars.steamstatic.com/14ac9c42318a897f883a5838d0ad6f9a237955b8_full.jpg"	"2026-09-05T21:29:23.555753+00:00"
"[U:1:198589483]"	"https://avatars.steamstatic.com/37c6604888de6264d657b0c81dba8782ec8d0dc2_full.jpg"	"2026-09-05T21:29:23.555753+00:00"
"[U:1:13295890]"	"https://avatars.steamstatic.com/3c1e7a87800dc82cef5f7330b5ece5fcbf5da706_full.jpg"	"2026-09-05T21:29:23.555753+00:00"
"[U:1:83284687]"	"https://avatars.steamstatic.com/3515a127512e53da1ad7cda72c7bdccc4893770e_full.jpg"	"2026-09-05T21:29:23.555753+00:00"
"[U:1:203946176]"	"https://avatars.steamstatic.com/c40ce75cee2507eeb2966e2e89fee1a2b914b5ec_full.jpg"	"2026-09-05T21:29:23.555753+00:00"
"[U:1:1092624048]"	"https://avatars.steamstatic.com/4ac0f4a7f3f12409fbf55ad8374ba4869b8651e3_full.jpg"	"2026-09-05T21:29:23.555753+00:00"
"[U:1:744712080]"	"https://avatars.steamstatic.com/d6fe7ccb2d7cc76fc6bab4fe8ff02b64cc21e98c_full.jpg"	"2026-09-05T21:29:23.555753+00:00"
"[U:1:115515599]"	"https://avatars.steamstatic.com/a8091fa7e1c73cf1289ef49f74e105e0c0f5562f_full.jpg"	"2026-09-05T21:29:23.555753+00:00"
"[U:1:1054408147]"	"https://avatars.steamstatic.com/6f8004c9bc94ea764ce5e2fe205cf113c8f23666_full.jpg"	"2026-09-05T21:29:23.555753+00:00"
"[U:1:34191963]"	"https://avatars.steamstatic.com/b7cfd88b4545ec5804300d478fcc75e3edc15634_full.jpg"	"2026-09-05T21:29:23.555753+00:00"
"[U:1:295106]"	"https://avatars.steamstatic.com/e3a8b7b7f24ce49af96143f6c8d3c8ba6485b0bb_full.jpg"	"2026-09-05T21:29:23.555753+00:00"
"[U:1:62100143]"	"https://avatars.steamstatic.com/219e7d921ae75320b47a35cc2b301289a1f35968_full.jpg"	"2026-09-05T21:29:23.555753+00:00"
"[U:1:50017058]"	"https://avatars.steamstatic.com/fe0d823c2803eeb53c3e04f22c9354a9355bc6c5_full.jpg"	"2026-09-05T21:29:23.555753+00:00"
"[U:1:168813617]"	"https://avatars.steamstatic.com/bd620dd2c2c47b438c0ca4b6e6fe12e2f5e89881_full.jpg"	"2026-09-05T21:29:23.555753+00:00"
"[U:1:1566502949]"	"https://avatars.steamstatic.com/48848f6d3cdc1fbaf61a5268f7008c9758289830_full.jpg"	"2026-09-05T21:29:23.555753+00:00"
"[U:1:199865737]"	"https://avatars.steamstatic.com/bac1e0148ba5e5278ff9fa6d766103ffa370ba7b_full.jpg"	"2026-09-05T21:29:23.555753+00:00"
"[U:1:344567522]"	"https://avatars.steamstatic.com/573a4109b6d41e82f37a7692ee52b20d4f4ac7d6_full.jpg"	"2026-09-05T21:29:23.555753+00:00"
"[U:1:440702945]"	"https://avatars.steamstatic.com/8255e6a74e5388bd7eb9e758a4bdcd92a383d4cc_full.jpg"	"2026-09-05T21:29:23.555753+00:00"
"[U:1:917300146]"	"https://avatars.steamstatic.com/1b9a9ffd21fe542564b93d2ceab4b7e4212ce664_full.jpg"	"2026-09-05T21:29:23.555753+00:00"
"[U:1:1703801017]"	"https://avatars.steamstatic.com/9130744dcfd7cc3f3fc4cfff50145aff87355b11_full.jpg"	"2026-09-05T21:29:23.555753+00:00"
"[U:1:82676318]"	"https://avatars.steamstatic.com/0ba3a7d74aee22db99fde9ca24ac0da832d32d34_full.jpg"	"2026-09-05T21:29:23.555753+00:00"
"[U:1:1183865775]"	"https://avatars.steamstatic.com/edc5bc03823e49c4c6494e24745289c9b74a91c8_full.jpg"	"2026-09-05T21:29:23.555753+00:00"
"[U:1:1238788368]"	"https://avatars.steamstatic.com/936492fe1b12c532937130cc1d1deb50c3e63ee8_full.jpg"	"2026-09-05T21:29:23.555753+00:00"
"[U:1:345740683]"	"https://avatars.steamstatic.com/721b6629e6d5152698d6fd80c07e3e52166d65d0_full.jpg"	"2026-09-05T21:29:23.555753+00:00"
"[U:1:1626162732]"	"https://avatars.steamstatic.com/578b369307243e0301b53dbb32c9475cef1d5ef7_full.jpg"	"2026-09-05T21:29:23.555753+00:00"
"[U:1:207954477]"	"https://avatars.steamstatic.com/c70e0b72c9d19a3bac2ebf3ac7ac8c7cc6a36dff_full.jpg"	"2026-09-05T21:29:23.555753+00:00"
"[U:1:1013083147]"	"https://avatars.steamstatic.com/89974f8509bdf33f56c0ef53c6c5af2de25343c7_full.jpg"	"2026-09-05T21:29:23.555753+00:00"
"[U:1:210199174]"	"https://avatars.steamstatic.com/c14589ba1aac128b818968215ea1703ab6948d96_full.jpg"	"2026-09-05T21:29:23.555753+00:00"
"[U:1:1202361422]"	"https://avatars.steamstatic.com/3adfd720134859b9ab774c072036637b98106bcf_full.jpg"	"2026-09-05T21:29:23.555753+00:00"
"[U:1:232059998]"	"https://avatars.steamstatic.com/82b213704c8831b894d366f34cf0c8e97b1ac0bb_full.jpg"	"2026-09-05T21:29:23.555753+00:00"
"[U:1:252809331]"	"https://avatars.steamstatic.com/76ef759d6111982aad2b598cca114290aad4eb68_full.jpg"	"2026-09-05T21:29:23.555753+00:00"
"[U:1:373714794]"	"https://avatars.steamstatic.com/ed45d9138f6382b1da6cc6f4c1ca863aabc55e01_full.jpg"	"2026-09-05T21:29:23.555753+00:00"
"[U:1:346692208]"	"https://avatars.steamstatic.com/e14d9c41bace3f5d3c6c54f2c4e9daaa34f7af26_full.jpg"	"2026-09-05T21:29:23.555753+00:00"
"[U:1:317131004]"	"https://avatars.steamstatic.com/1f24e24e4679a3b480a21172ae27cf9467ca1da6_full.jpg"	"2026-09-05T21:29:23.555753+00:00"
"[U:1:1135358308]"	"https://avatars.steamstatic.com/241fcc2dfd28cc71a6fac92c6a1e39d33a958f9b_full.jpg"	"2026-09-05T21:29:23.555753+00:00"
"[U:1:1014255]"	"https://avatars.steamstatic.com/bf6f330744fd977652e83872aee17766588874b3_full.jpg"	"2026-09-05T21:29:23.555753+00:00"
"[U:1:50129709]"	"https://avatars.steamstatic.com/4d3c65f036bd47939289a7056c6e1884a81d631f_full.jpg"	"2026-09-05T21:29:23.555753+00:00"
"[U:1:143935997]"	"https://avatars.steamstatic.com/44d5f91729dea90be5f6ea34901b3b99f183746f_full.jpg"	"2026-09-05T21:29:23.555753+00:00"
"[U:1:913527324]"	"https://avatars.steamstatic.com/c03984b0339e168740617033c676ce62fbd0b655_full.jpg"	"2026-09-05T21:29:23.555753+00:00"
"[U:1:167620845]"	"https://avatars.steamstatic.com/c65752728765ff4adff3641ac1d51d2ec744effe_full.jpg"	"2026-09-05T21:29:23.555753+00:00"
"[U:1:102764758]"	"https://avatars.steamstatic.com/61a78142c2423cab3a74a32e2a8d070d576d4fae_full.jpg"	"2026-09-05T21:29:23.555753+00:00"
"[U:1:368017243]"	"https://avatars.steamstatic.com/5bde5f6c48de87e93dc8ac253597e86d6ca6c2eb_full.jpg"	"2026-09-05T21:29:23.555753+00:00"
"[U:1:62538496]"	"https://avatars.steamstatic.com/96edbba773e974103e4716dab52b5607a33f9b9f_full.jpg"	"2026-09-05T21:29:23.555753+00:00"
"[U:1:981592528]"	"https://avatars.steamstatic.com/6f46502c11544abb1940b303e11872c8dfc4483e_full.jpg"	"2026-09-05T21:29:23.555753+00:00"
"[U:1:112236617]"	"https://avatars.steamstatic.com/337c9c2b19de6b9291c34dbd81d45ccab8586b3a_full.jpg"	"2026-09-05T21:29:23.555753+00:00"
"[U:1:189617764]"	"https://avatars.steamstatic.com/89fad6cddd9ecd8ccd5b8f8c28e588a25930dad5_full.jpg"	"2026-09-05T21:29:23.555753+00:00"
"[U:1:346232621]"	"https://avatars.steamstatic.com/086258afa8fde7bf6e61d575f35c040c3f93c06d_full.jpg"	"2026-09-05T21:29:23.555753+00:00"
"[U:1:296693316]"	"https://avatars.steamstatic.com/ff0dd0ae07110f1bda5562d90b1813a401ef61fd_full.jpg"	"2026-09-05T21:29:23.555753+00:00"
"[U:1:912909757]"	"https://avatars.steamstatic.com/fef49e7fa7e1997310d705b2a6158ff8dc1cdfeb_full.jpg"	"2026-09-05T21:29:23.555753+00:00"
"[U:1:1838478079]"	"https://avatars.steamstatic.com/32a7cafdeba5ccf239b6f11342a97c0520354eae_full.jpg"	"2026-09-05T21:29:23.555753+00:00"
"[U:1:82955392]"	"https://avatars.steamstatic.com/c9ce7a3952594d902d7245fac9518377424822af_full.jpg"	"2026-09-05T21:29:23.555753+00:00"
"[U:1:23998862]"	"https://avatars.steamstatic.com/908e31db89f44370d405e6665377d93e1425c277_full.jpg"	"2026-09-05T21:29:23.555753+00:00"
"[U:1:1057488316]"	"https://avatars.steamstatic.com/08592d81482f2e36f67e98efcb57bf3acf45ad96_full.jpg"	"2026-09-05T21:29:23.555753+00:00"
"[U:1:840120298]"	"https://avatars.steamstatic.com/c51f549e1186f4a7f9edbedbba5d25152965999b_full.jpg"	"2026-09-05T21:29:23.555753+00:00"
"[U:1:74044851]"	"https://avatars.steamstatic.com/2b8de0e2b75a956b5d679814667d5958dcfd1899_full.jpg"	"2026-09-05T21:29:23.555753+00:00"
"[U:1:99249547]"	"https://avatars.steamstatic.com/8a67f5d4a139b2856dc983527f550f0a898c426f_full.jpg"	"2026-09-05T21:29:23.555753+00:00"
"[U:1:112663991]"	"https://avatars.steamstatic.com/bebfcbf1f3d7a16ed63b551dd85fda5d3b7adaf6_full.jpg"	"2026-09-05T21:29:23.555753+00:00"
"[U:1:427436647]"	"https://avatars.steamstatic.com/e3b41a8cf1c0b91589890d8106b8630baf027d27_full.jpg"	"2026-09-05T21:29:23.555753+00:00"
"[U:1:177693248]"	"https://avatars.steamstatic.com/190f4f25a3dc05e5bfbc8ebe1a61622c400573f2_full.jpg"	"2026-09-05T21:29:23.555753+00:00"
"[U:1:1523815671]"	"https://avatars.steamstatic.com/e611e7001ecbcd283844c76c1eb4d30bfecd89a5_full.jpg"	"2026-09-05T21:29:23.555753+00:00"
"[U:1:1763479791]"	"https://avatars.steamstatic.com/a0201002f6528abe618370acccb3ec416ef42c48_full.jpg"	"2026-09-05T21:29:23.555753+00:00"
"[U:1:104251642]"	"https://avatars.steamstatic.com/ec48cb48218a84e568a9b995a412e4532a640c81_full.jpg"	"2026-09-05T21:29:23.555753+00:00"
"[U:1:1617285401]"	"https://avatars.steamstatic.com/36e7840677dc5fff71b8278842017c6338b32438_full.jpg"	"2026-09-05T21:29:23.555753+00:00"
"[U:1:337324420]"	"https://avatars.steamstatic.com/ed6357b88c5d241aade9803564c58943615a2398_full.jpg"	"2026-09-05T21:29:23.555753+00:00"
"[U:1:240022815]"	"https://avatars.steamstatic.com/d3f02d09925a50370b667c5ab781f0f71880cd18_full.jpg"	"2026-09-05T21:29:23.555753+00:00"
"[U:1:341601326]"	"https://avatars.steamstatic.com/8d626aa12494f5b983d80f92fee5c8db10f12b1c_full.jpg"	"2026-09-05T21:29:23.555753+00:00"
"[U:1:295568496]"	"https://avatars.steamstatic.com/79ca10f3f8298cad01d29f5daecc5fe3cc43b6b3_full.jpg"	"2026-09-05T21:29:23.555753+00:00"
"[U:1:867734792]"	"https://avatars.steamstatic.com/943cf898d4c3e55c81d7bf22d81c3b9c3b50f2c4_full.jpg"	"2026-09-05T21:29:23.555753+00:00"
"[U:1:162351504]"	"https://avatars.steamstatic.com/4a271976f795cae874c4d567420ecc2c9ba773df_full.jpg"	"2026-09-05T21:29:23.555753+00:00"
"[U:1:1228746498]"	"https://avatars.steamstatic.com/6d9a3ded3868cb19e55578188a89ec21e4d6aa08_full.jpg"	"2026-09-05T21:29:23.555753+00:00"
"[U:1:867367134]"	"https://avatars.steamstatic.com/02aa17259dbace85f270a7c1dd3bbaad2138e961_full.jpg"	"2026-09-05T21:29:23.555753+00:00"
"[U:1:1272601279]"	"https://avatars.steamstatic.com/f4e7432889c3773c1f585f0f5ccf488fec760a5b_full.jpg"	"2026-09-05T21:29:23.555753+00:00"
"[U:1:20347627]"	"https://avatars.steamstatic.com/b08098754656daebcd2359588e05c94adb055567_full.jpg"	"2026-09-05T21:29:23.555753+00:00"
"[U:1:1023010511]"	"https://avatars.steamstatic.com/08c0c0af195c2dd2ba1fec119bb9daaff3aae28e_full.jpg"	"2026-09-05T21:29:23.555753+00:00"
"[U:1:1205601819]"	"https://avatars.steamstatic.com/3e576339622e7a00481e51f82906ce9662034fd5_full.jpg"	"2026-09-05T21:29:23.555753+00:00"
"[U:1:1273551391]"	"https://avatars.steamstatic.com/540729f4a4ecc84f9daa2cfa01f39049d6ae0ae2_full.jpg"	"2026-09-05T21:29:23.555753+00:00"
"[U:1:1036234142]"	"https://avatars.steamstatic.com/83ae629929dfaa0a51b2c223ba91261dd9dfce10_full.jpg"	"2026-09-05T21:29:23.555753+00:00"
"[U:1:1422678436]"	"https://avatars.steamstatic.com/1c4eee241b123c8d8dbda41ace87adc5f5d34854_full.jpg"	"2026-09-05T21:29:23.555753+00:00"
"[U:1:348331441]"	"https://avatars.steamstatic.com/ea9e2ff6a77173852182b61d51e6e43835fecce4_full.jpg"	"2026-09-05T21:29:23.555753+00:00"
"[U:1:141175590]"	"https://avatars.steamstatic.com/7018cb9c67f9569eb81f9cadcc6450471b681218_full.jpg"	"2026-09-05T21:29:23.555753+00:00"
"[U:1:189411843]"	"https://avatars.steamstatic.com/cd1afe8c88aa05ad72dbd5647d7f54db59b5f2e1_full.jpg"	"2026-09-05T21:29:23.555753+00:00"
"[U:1:104224573]"	"https://avatars.steamstatic.com/bd626bc6d76d8e713daecf8ebda598e12e6ed7ea_full.jpg"	"2026-09-05T21:29:23.555753+00:00"
"[U:1:87413052]"	"https://avatars.steamstatic.com/e5561f029d9c90ecf6e32fef1fa7b9b9e4b89a2d_full.jpg"	"2026-09-05T21:29:23.555753+00:00"
"[U:1:186345210]"	"https://avatars.steamstatic.com/e503e106501e58a6fded066f35663c648a282ac9_full.jpg"	"2026-09-05T21:29:23.555753+00:00"
"[U:1:105825322]"	"https://avatars.steamstatic.com/6bd5ae4136c73a98c8845ce0935ebdacd8b3506e_full.jpg"	"2026-09-05T21:29:23.555753+00:00"
"[U:1:1600922065]"	"https://avatars.steamstatic.com/aea1722072261fe75e8f2846e44071e200f3b4af_full.jpg"	"2026-09-05T21:29:23.555753+00:00"
"[U:1:109593595]"	"https://avatars.steamstatic.com/554ad26008ac6a0cee6aff25fa93b08d5edf0818_full.jpg"	"2026-09-05T21:29:23.555753+00:00"
"[U:1:317744710]"	"https://avatars.steamstatic.com/996277215be96a2e3a249fcc54b2320a5ef1fd7e_full.jpg"	"2026-09-05T21:29:23.555753+00:00"
"[U:1:241260743]"	"https://avatars.steamstatic.com/434cf67dfa46e075028c74f2a9efcf32c2f7fd19_full.jpg"	"2026-09-05T21:29:23.555753+00:00"
"[U:1:1475351552]"	"https://avatars.steamstatic.com/5aedef2780989831b12e3e39005cf202319a5664_full.jpg"	"2026-09-05T21:29:23.555753+00:00"
"[U:1:1526338910]"	"https://avatars.steamstatic.com/fef49e7fa7e1997310d705b2a6158ff8dc1cdfeb_full.jpg"	"2026-09-05T21:29:23.555753+00:00"
"[U:1:1411428633]"	"https://avatars.steamstatic.com/5d50bd3fbb5543ebf60af4abbab258afe7a692c6_full.jpg"	"2026-09-05T21:29:23.555753+00:00"
"[U:1:1617706]"	"https://avatars.steamstatic.com/3fd7be1b55e04fca3ac6bde0b856e206a55d198f_full.jpg"	"2026-09-05T21:29:23.555753+00:00"
"[U:1:296975334]"	"https://avatars.steamstatic.com/2e487816bddea986028cd080754dfd6956356367_full.jpg"	"2026-09-05T21:29:23.555753+00:00"
"[U:1:1286121367]"	"https://avatars.steamstatic.com/a59d787644a86d46139132a5b9966eded66678ba_full.jpg"	"2026-09-05T21:29:23.555753+00:00"
"[U:1:1018043372]"	"https://avatars.steamstatic.com/3f8192e591c328782092e099d12047b7945b101d_full.jpg"	"2026-09-05T21:29:23.555753+00:00"
"[U:1:312694507]"	"https://avatars.steamstatic.com/4609403081555a9b2fbb4f21625b6e4e83ffc480_full.jpg"	"2026-09-05T21:29:23.555753+00:00"
"[U:1:403317762]"	"https://avatars.steamstatic.com/a521352ec938d97a89f4b9655f75924d3cea6344_full.jpg"	"2026-09-05T21:29:23.555753+00:00"
"[U:1:40521097]"	"https://avatars.steamstatic.com/4f518f608005856dbb1b5f5b612a4a7723ed8530_full.jpg"	"2026-09-05T21:29:23.555753+00:00"
"[U:1:1119850951]"	"https://avatars.steamstatic.com/581338d3df3882c3c0aeb43f7e0516fed3b9a017_full.jpg"	"2026-09-05T21:29:23.555753+00:00"
"[U:1:779301315]"	"https://avatars.steamstatic.com/dac1627389fa47fb42400b58819af71d1f1f4637_full.jpg"	"2026-09-05T21:29:23.555753+00:00"
"[U:1:234929943]"	"https://avatars.steamstatic.com/51aaec5dbab8bcf1027b0f0ac3d738babcda3106_full.jpg"	"2026-09-05T21:29:23.555753+00:00"
"[U:1:1505089395]"	"https://avatars.steamstatic.com/86a96f4411c17e3db8759ef2e45d8095403dbcfd_full.jpg"	"2026-09-05T21:29:23.555753+00:00"
"[U:1:454578750]"	"https://avatars.steamstatic.com/9579f75f9bf1f7180247383a2342472299046f0e_full.jpg"	"2026-09-05T21:29:23.555753+00:00"
"[U:1:904691548]"	"https://avatars.steamstatic.com/b4c10da65d75dc33fb8de7db77d960fa8d540eeb_full.jpg"	"2026-09-05T21:29:23.555753+00:00"
"[U:1:258230152]"	"https://avatars.steamstatic.com/f4469690cab04a2393b094cbba4c3606192ae7ee_full.jpg"	"2026-09-05T21:29:23.555753+00:00"
"[U:1:127050295]"	"https://avatars.steamstatic.com/9cc5c77d13af4362f4442f6e826456a55432bff8_full.jpg"	"2026-09-05T21:29:23.555753+00:00"
"[U:1:1775800621]"	"https://avatars.steamstatic.com/0e5d3ed5251e027722106f2328f0e7bb0ae04c36_full.jpg"	"2026-09-05T21:29:23.555753+00:00"
"[U:1:83717914]"	"https://avatars.steamstatic.com/c24f734fa62b19cf26aecd4f98491cff155bab1b_full.jpg"	"2026-09-05T21:29:23.555753+00:00"
"[U:1:73680523]"	"https://avatars.steamstatic.com/4f4e1a176f3addc253e0a4983d4d1f12c92cd112_full.jpg"	"2026-09-05T21:29:23.555753+00:00"
"[U:1:396893689]"	"https://avatars.steamstatic.com/fc091ba8b0d19c9f5406526ce4866534d9311700_full.jpg"	"2026-09-05T21:29:23.555753+00:00"
"[U:1:1368783882]"	"https://avatars.steamstatic.com/ec13b8c6db8bacd9335e33e3b8ddd9b68a973563_full.jpg"	"2026-09-05T21:29:23.555753+00:00"
"[U:1:252014936]"	"https://avatars.steamstatic.com/a8df11c71d07500127a444d764ed0930ba417bbe_full.jpg"	"2026-09-05T21:29:23.555753+00:00"
"[U:1:455668646]"	"https://avatars.steamstatic.com/f25bd3200388ea0e0602fd577c3ec493c1d80d77_full.jpg"	"2026-09-05T21:29:23.555753+00:00"
"[U:1:1851638423]"	"https://avatars.steamstatic.com/f14a1a89f9ddddf64d0e1de53d255e15b3c4f53d_full.jpg"	"2026-09-05T21:29:23.555753+00:00"
"[U:1:1014912834]"	"https://avatars.steamstatic.com/4d67979cce8e8fbdbd7cbed0ba2bf9db707ba285_full.jpg"	"2026-09-05T21:29:23.555753+00:00"
"[U:1:108407154]"	"https://avatars.steamstatic.com/b7e41218cac1f4a66db89c0e79597f49bb98c163_full.jpg"	"2026-09-05T21:29:23.555753+00:00"
"[U:1:74796031]"	"https://avatars.steamstatic.com/966d3383130bf0353d633502db5e0bd9dcecf0ac_full.jpg"	"2026-09-05T21:29:23.555753+00:00"
"[U:1:1537258902]"	"https://avatars.steamstatic.com/cdda536481fc3f2a542bc3094e29953c1ba3446b_full.jpg"	"2026-09-05T21:29:23.555753+00:00"
"[U:1:38354117]"	"https://avatars.steamstatic.com/ecb9a99cfe85d8713dfd7907fe0b2708905401de_full.jpg"	"2026-09-05T21:29:23.555753+00:00"
"[U:1:1786122522]"	"https://avatars.steamstatic.com/214b57d7bb79589f5264192618be12ecd86a31f4_full.jpg"	"2026-09-05T21:29:23.555753+00:00"
"[U:1:292930207]"	"https://avatars.steamstatic.com/b18da5f81d70db920ee17ad25429ec1ac45bd208_full.jpg"	"2026-09-05T21:29:23.555753+00:00"
"[U:1:1164642792]"	"https://avatars.steamstatic.com/f200077a4533d3a76ac72eb43f81bc91053489a0_full.jpg"	"2026-09-05T21:29:23.555753+00:00"
"[U:1:1009461727]"	"https://avatars.steamstatic.com/643762fca4a842fae562c3866fc81a6db8e10cd8_full.jpg"	"2026-09-05T21:29:23.555753+00:00"
"[U:1:89956586]"	"https://avatars.steamstatic.com/0766bad045b17c78a111c8a40c3812559fefaa62_full.jpg"	"2026-09-05T21:29:23.555753+00:00"
"[U:1:1440763713]"	"https://avatars.steamstatic.com/ec48cb48218a84e568a9b995a412e4532a640c81_full.jpg"	"2026-09-05T21:29:23.555753+00:00"
"[U:1:98039699]"	"https://avatars.steamstatic.com/e49df9e19ca580ebd13d8d6b69c43a6c9bad8ac0_full.jpg"	"2026-09-05T21:29:23.555753+00:00"
"[U:1:86405508]"	"https://avatars.steamstatic.com/f8c46055bc22ef789c49c4c6ddeae59dce958d18_full.jpg"	"2026-09-05T21:29:23.555753+00:00"
"[U:1:1907917064]"	"https://avatars.steamstatic.com/8c9b61103e667f0166286f4d6b38ada32a271ed3_full.jpg"	"2026-09-05T21:29:23.555753+00:00"
"[U:1:994362]"	"https://avatars.steamstatic.com/36941386ef4da02a8d6cf0e48dfd753816177486_full.jpg"	"2026-09-05T21:29:23.555753+00:00"
"[U:1:348667010]"	"https://avatars.steamstatic.com/210c8f1fd7309ebac5953f628f5b11735dada804_full.jpg"	"2026-09-05T21:29:23.555753+00:00"
"[U:1:14677354]"	"https://avatars.steamstatic.com/fce4c64f9e32220d3ee673f32dc94e15d69e48f9_full.jpg"	"2026-09-05T21:29:23.555753+00:00"
"[U:1:1098475126]"	"https://avatars.steamstatic.com/39c74d2a78e0da3bee879c15e7715cef1ccc9eaa_full.jpg"	"2026-09-05T21:29:23.555753+00:00"
"[U:1:1444844899]"	"https://avatars.steamstatic.com/fc0593aa52445b0c03138f6f4874aa5e0ffb33d9_full.jpg"	"2026-09-05T21:29:23.555753+00:00"
"[U:1:472494615]"	"https://avatars.steamstatic.com/0c39a2279edbe13f82537b1768383d98461c6836_full.jpg"	"2026-09-05T21:29:23.555753+00:00"
"[U:1:53797684]"	"https://avatars.steamstatic.com/cd9b5d3f935f0b95b2f95ee4451817c88ec56195_full.jpg"	"2026-09-05T21:29:23.555753+00:00"
"[U:1:921156563]"	"https://avatars.steamstatic.com/de29aaa5877b774865ff28ff6b58dd6d7f5c87c6_full.jpg"	"2026-09-05T21:29:23.555753+00:00"
"[U:1:83705337]"	"https://avatars.steamstatic.com/a1c61cc483cee3de1c93b2937ceae93844f31a88_full.jpg"	"2026-09-05T21:29:23.555753+00:00"
"[U:1:220663927]"	"https://avatars.steamstatic.com/79d86e0d0a481462d1eb2f950a2b237f22754ae9_full.jpg"	"2026-09-05T21:29:23.555753+00:00"
"[U:1:8954692]"	"https://avatars.steamstatic.com/170c472ad0a2def46185a8a771e56557b341b458_full.jpg"	"2026-09-05T21:29:23.555753+00:00"
"[U:1:83683401]"	"https://avatars.steamstatic.com/565197e0f7105af89acff0f582e995acbe1baa14_full.jpg"	"2026-09-05T21:29:23.555753+00:00"
"[U:1:62551040]"	"https://avatars.steamstatic.com/7389f7deb4b190a4b9e504c85e2ae3848af83666_full.jpg"	"2026-09-05T21:29:23.555753+00:00"
"[U:1:62495010]"	"https://avatars.steamstatic.com/b94e557cfa221ba5014ee5bd1e9dc1e569f91abf_full.jpg"	"2026-09-05T21:29:23.555753+00:00"
"[U:1:1165298097]"	"https://avatars.steamstatic.com/200a608ae26ed308b0e2a4559d39f8c08e0eba84_full.jpg"	"2026-09-05T21:29:23.555753+00:00"
"[U:1:186883816]"	"https://avatars.steamstatic.com/150901e67a1e40874c4aad3fc941db2b3ada8cec_full.jpg"	"2026-09-05T21:29:23.555753+00:00"
"[U:1:95257203]"	"https://avatars.steamstatic.com/91fd71d429f6cb1b2245603c293301987d171292_full.jpg"	"2026-09-05T21:29:23.555753+00:00"
"[U:1:158355640]"	"https://avatars.steamstatic.com/c2b6065795ec16385ba1d2117eea3627bc841ae6_full.jpg"	"2026-09-05T21:29:23.555753+00:00"
"[U:1:95357465]"	"https://avatars.steamstatic.com/5c51ca468a1d37f32931d310ea391b87c294d082_full.jpg"	"2026-09-05T21:29:23.555753+00:00"
"[U:1:158041013]"	"https://avatars.steamstatic.com/abe7d9c5658b9b4ac9b599afe48e96319c80ce89_full.jpg"	"2026-09-05T21:29:23.555753+00:00"
"[U:1:181182039]"	"https://avatars.steamstatic.com/1ea0b540c2734eb437b043895f7013b56ed3059e_full.jpg"	"2026-09-05T21:29:23.555753+00:00"
"[U:1:137748009]"	"https://avatars.steamstatic.com/0452129099b115028a70f84292df0439638b7df1_full.jpg"	"2026-09-05T21:29:23.555753+00:00"
"[U:1:10845322]"	"https://avatars.steamstatic.com/583e1d50457e24cf6ad7493c1f86fb9b901dc802_full.jpg"	"2026-09-05T21:29:23.555753+00:00"
"[U:1:4132267]"	"https://avatars.steamstatic.com/56881c89b7667b5a2435a5fa992891d280d2ed46_full.jpg"	"2026-09-05T21:29:23.555753+00:00"
"[U:1:109349115]"	"https://avatars.steamstatic.com/ead6f1e7721733f0773063961fd441a4fb247ab7_full.jpg"	"2026-09-05T21:29:23.555753+00:00"
"[U:1:121638130]"	"https://avatars.steamstatic.com/d648911de1f87ec908da636b720018a23dc35be8_full.jpg"	"2026-09-05T21:29:23.555753+00:00"
"[U:1:1051477775]"	"https://avatars.steamstatic.com/38cbcd9eb604fd3cf73bce341da2b8b94d12a5a0_full.jpg"	"2026-09-05T21:29:23.555753+00:00"
"[U:1:1116782799]"	"https://avatars.steamstatic.com/a558ad6921fffb4370f2269e0dbd0d86391dee30_full.jpg"	"2026-09-05T21:29:23.555753+00:00"
"[U:1:1156526360]"	"https://avatars.steamstatic.com/334c0204589aebf017f764b86b416fdbb96299f1_full.jpg"	"2026-09-05T21:29:23.555753+00:00"
"[U:1:1582927837]"	"https://avatars.steamstatic.com/0f6fd0aa0370a8184176f99a1905b6ef08fbebde_full.jpg"	"2026-09-05T21:29:23.555753+00:00"
"[U:1:95145254]"	"https://avatars.steamstatic.com/d1a4964c910581828265a82c5ed5d744f8982ce2_full.jpg"	"2026-09-05T21:29:23.555753+00:00"
"[U:1:395934190]"	"https://avatars.steamstatic.com/cc3546b96d1d06254f6d7fb4afedfbc5cd5a2b69_full.jpg"	"2026-09-05T21:29:23.555753+00:00"
"[U:1:217044613]"	"https://avatars.steamstatic.com/50fb430d42cfe217653a8bd34b9b37909cfddaaa_full.jpg"	"2026-09-05T21:29:23.555753+00:00"
"[U:1:202883133]"	"https://avatars.steamstatic.com/794795955b08c287a8b36823986d6078edd14187_full.jpg"	"2026-09-05T21:29:23.555753+00:00"
"[U:1:1219197459]"	"https://avatars.steamstatic.com/6119df3a6466afff297300b1e626270a4989f518_full.jpg"	"2026-09-05T21:29:23.555753+00:00"
"[U:1:383525449]"	"https://avatars.steamstatic.com/9ab854c23ad39c58c4a0dcb78a9104a2cd9691d4_full.jpg"	"2026-09-05T21:29:23.555753+00:00"
"[U:1:1405548853]"	"https://avatars.steamstatic.com/1e21d077eb29df036d5b859597df0f08ace2489f_full.jpg"	"2026-09-05T21:29:23.555753+00:00"
"[U:1:170044989]"	"https://avatars.steamstatic.com/d2d440fd94e18928776046b179816b9f214479dd_full.jpg"	"2026-09-05T21:29:23.555753+00:00"
"[U:1:294451214]"	"https://avatars.steamstatic.com/340c599bd57746f607ff071c0550ae52b3051e82_full.jpg"	"2026-09-05T21:29:23.555753+00:00"
"[U:1:379321579]"	"https://avatars.steamstatic.com/0da164115595824c5619be4fc0dd59694da640e3_full.jpg"	"2026-09-05T21:29:23.555753+00:00"
"[U:1:86386744]"	"https://avatars.steamstatic.com/7cfde45e19f852319d46eee6348f5bc6ac450e00_full.jpg"	"2026-09-05T21:29:23.555753+00:00"
"[U:1:1108867488]"	"https://avatars.steamstatic.com/1a5ced4a68df5794f085511df90201cd4693c99c_full.jpg"	"2026-09-05T21:29:23.555753+00:00"
"[U:1:1088201755]"	"https://avatars.steamstatic.com/ad942d8cb23ba15c1d26638264ce14dc3c3ed6ed_full.jpg"	"2026-09-05T21:29:23.555753+00:00"
"[U:1:163043392]"	"https://avatars.steamstatic.com/3b709c5796cf0fc05cf457b42023f694c45a5274_full.jpg"	"2026-09-05T21:29:23.555753+00:00"
"[U:1:1226809493]"	"https://avatars.steamstatic.com/fe14b238cb0479493c48d7fc51822ca2d390a29e_full.jpg"	"2026-09-05T21:29:23.555753+00:00"
"[U:1:13726977]"	"https://avatars.steamstatic.com/f573910825845723ba3cf042b94dd69f028401b4_full.jpg"	"2026-09-05T21:29:23.555753+00:00"
"[U:1:1547323209]"	"https://avatars.steamstatic.com/ff2a075bbaaf75c4b35f0bb0d840186f57106a8a_full.jpg"	"2026-09-05T21:29:23.555753+00:00"
"[U:1:865242026]"	"https://avatars.steamstatic.com/e4074b96d548bc00ad5d4e3742cc63ec063a14d0_full.jpg"	"2026-09-05T21:29:23.555753+00:00"
"[U:1:431678145]"	"https://avatars.steamstatic.com/41dde376300c8141503cf2375726d53912d1e1b4_full.jpg"	"2026-09-05T21:29:23.555753+00:00"
"[U:1:1170641852]"	"https://avatars.steamstatic.com/411a97af5c6a2ebf355ff3b077dad2d03809e8fb_full.jpg"	"2026-09-05T21:29:23.555753+00:00"
"[U:1:1121317809]"	"https://avatars.steamstatic.com/47852511bf5a5a517a298a20f14f64c7d4592aca_full.jpg"	"2026-09-05T21:29:23.555753+00:00"
"[U:1:144092111]"	"https://avatars.steamstatic.com/b0b1fa3c8dac990cf261c1eb2baf11dfc6b305fc_full.jpg"	"2026-09-05T21:29:23.555753+00:00"
"[U:1:167290131]"	"https://avatars.steamstatic.com/3beefa445a87be269fe4b61e255c97f870956140_full.jpg"	"2026-09-05T21:29:23.555753+00:00"
"[U:1:359533371]"	"https://avatars.steamstatic.com/1017cfb657da8e50798b4c8b666aae4a0b445b38_full.jpg"	"2026-09-05T21:29:23.555753+00:00"
"[U:1:207525998]"	"https://avatars.steamstatic.com/ee663c5ff22933053db7629a4759299f33e9f7ba_full.jpg"	"2026-09-05T21:29:23.555753+00:00"
"[U:1:883463311]"	"https://avatars.steamstatic.com/49b8fc0f64109308009c25636336670ba7d6066e_full.jpg"	"2026-09-05T21:29:23.555753+00:00"
"[U:1:108822267]"	"https://avatars.steamstatic.com/f9e5529da1b064e3130b634d8ff51c14edc9c81d_full.jpg"	"2026-09-05T21:29:23.555753+00:00"
"[U:1:893176778]"	"https://avatars.steamstatic.com/5f26df2b553b2fa286c38a9248db3cfc767020f3_full.jpg"	"2026-09-05T21:29:23.555753+00:00"
"[U:1:183151382]"	"https://avatars.steamstatic.com/ef68008f73ca6f9817aa3d6fe023fd898ca098ee_full.jpg"	"2026-09-05T21:29:23.555753+00:00"
"[U:1:1109803997]"	"https://avatars.steamstatic.com/1fac14a9847a47b3d645c7dc017c8980e316879d_full.jpg"	"2026-09-05T21:29:23.555753+00:00"
"[U:1:1582546356]"	"https://avatars.steamstatic.com/6db2ac365ae4ee52c350ac4e9a34fdbf013c64ce_full.jpg"	"2026-09-05T21:29:23.555753+00:00"
"[U:1:100804308]"	"https://avatars.steamstatic.com/6ec4542988ca1ed6fa88ab16c82d42a7da781a47_full.jpg"	"2026-09-05T21:29:23.555753+00:00"
"[U:1:173238820]"	"https://avatars.steamstatic.com/dd4c587619be67ef4a02467280743170056fbd9f_full.jpg"	"2026-09-05T21:29:23.555753+00:00"
"[U:1:970258458]"	"https://avatars.steamstatic.com/a633771a878e2c1a4745c0b900a84d49f2b9c28f_full.jpg"	"2026-09-05T21:29:23.555753+00:00"
"[U:1:1919882614]"	"https://avatars.steamstatic.com/c718b0c234a3f5ff5fc8f0b99c3f64f0de4ccefe_full.jpg"	"2026-09-05T21:29:23.555753+00:00"
"[U:1:95812971]"	"https://avatars.steamstatic.com/6c8e4cef5002156bafdefcdceb11667cbd8c0242_full.jpg"	"2026-09-05T21:29:23.555753+00:00"
"[U:1:75036075]"	"https://avatars.steamstatic.com/2c1d6d03146e084f994b545549b8e4992c957be8_full.jpg"	"2026-09-05T21:29:23.555753+00:00"
"[U:1:1831494685]"	"https://avatars.steamstatic.com/faf82a1194147f2266fa87fad07278e8205d5ff1_full.jpg"	"2026-09-05T21:29:23.555753+00:00"
"[U:1:1441177088]"	"https://avatars.steamstatic.com/a8c8687afdea3b5de736e12a528dc21bbbd8eabb_full.jpg"	"2026-09-05T21:29:23.555753+00:00"
"[U:1:61923169]"	"https://avatars.steamstatic.com/673fd611c97c887054d6fea1951fccc6df998368_full.jpg"	"2026-09-05T21:29:23.555753+00:00"
"[U:1:83751163]"	"https://avatars.steamstatic.com/dd2b85c94e7983359e863a5039c624ddd8cee6ab_full.jpg"	"2026-09-05T21:29:23.555753+00:00"
"[U:1:38802604]"	"https://avatars.steamstatic.com/95d8f1c00bbdc43e289e494f3dad027a6f930ac4_full.jpg"	"2026-09-05T21:29:23.555753+00:00"
"[U:1:195823724]"	"https://avatars.steamstatic.com/af4a00111e29aaf3f4dab1c574a304b6cb4016aa_full.jpg"	"2026-09-05T21:29:23.555753+00:00"
"[U:1:3574421]"	"https://avatars.steamstatic.com/b409e7c46652a60ab2df5f5e0879c58e70b4f5c1_full.jpg"	"2026-09-05T21:29:23.555753+00:00"
"[U:1:1129250063]"	"https://avatars.steamstatic.com/5fc866f4780bf85cf526b83d8f86186d9a0731c0_full.jpg"	"2026-09-05T21:29:23.555753+00:00"
"[U:1:181934499]"	"https://avatars.steamstatic.com/f40ccb32d0434c1667fe357541b0b43ae09ccf07_full.jpg"	"2026-09-05T21:29:23.555753+00:00"
"[U:1:1159905736]"	"https://avatars.steamstatic.com/991705451a02f493932e3263aa814788b3d52b06_full.jpg"	"2026-09-05T21:29:23.555753+00:00"
"[U:1:719829150]"	"https://avatars.steamstatic.com/78fe034a21c518f2cbbf51dac9f0af89e530f219_full.jpg"	"2026-09-05T21:29:23.555753+00:00"
"[U:1:102969734]"	"https://avatars.steamstatic.com/ef51dec57de32232c30d48d99ea0fa6385cd5fd3_full.jpg"	"2026-09-05T21:29:23.555753+00:00"
"[U:1:159194890]"	"https://avatars.steamstatic.com/8a618e008cdcebee90da8a855506ccbcd095c2e3_full.jpg"	"2026-09-05T21:29:23.555753+00:00"
"[U:1:97580647]"	"https://avatars.steamstatic.com/fef49e7fa7e1997310d705b2a6158ff8dc1cdfeb_full.jpg"	"2026-09-05T21:29:23.555753+00:00"
"[U:1:1698881843]"	"https://avatars.steamstatic.com/9d98bbe711c9130b0edb5f81a2e4e148459e8158_full.jpg"	"2026-09-05T21:29:23.555753+00:00"
"[U:1:68274880]"	"https://avatars.steamstatic.com/b6e0ad9b921423fc4a9939be57c92a03f7b678bc_full.jpg"	"2026-09-05T21:29:23.555753+00:00"
"[U:1:1427775498]"	"https://avatars.steamstatic.com/2f37b367e0665d1d52cb69892bc591da7e265597_full.jpg"	"2026-09-05T21:29:23.555753+00:00"
"[U:1:1131997322]"	"https://avatars.steamstatic.com/c612cfc5ce0cb264916a8743aa62e52145a07a6e_full.jpg"	"2026-09-05T21:29:23.555753+00:00"
"[U:1:1607024166]"	"https://avatars.steamstatic.com/5649279b851e70c6df1eb198ceee5e2f67532c9d_full.jpg"	"2026-09-05T21:29:23.555753+00:00"
"[U:1:328008269]"	"https://avatars.steamstatic.com/4cdb7981ef46d38d8c8bd926aef54f553b486966_full.jpg"	"2026-09-05T21:29:23.555753+00:00"
"[U:1:101576214]"	"https://avatars.steamstatic.com/cfe203abd7878b248872cb79a966f144201d8871_full.jpg"	"2026-09-05T21:29:23.555753+00:00"
"[U:1:324556650]"	"https://avatars.steamstatic.com/844021086e7ea5c55dd4597575a3e0dd911531bd_full.jpg"	"2026-09-05T21:29:23.555753+00:00"
"[U:1:901957874]"	"https://avatars.steamstatic.com/62b40357c3cf2b9db0dcf975e75eb4718ba4127e_full.jpg"	"2026-09-05T21:29:23.555753+00:00"
"[U:1:81509109]"	"https://avatars.steamstatic.com/582f908957552507842565d3f09651b0e4eeab60_full.jpg"	"2026-09-05T21:29:23.555753+00:00"
"[U:1:1138320335]"	"https://avatars.steamstatic.com/3ecc2154b8ad1feb91488af204413dda0c0d190f_full.jpg"	"2026-09-05T21:29:23.555753+00:00"
"[U:1:1824826505]"	"https://avatars.steamstatic.com/5c51ca468a1d37f32931d310ea391b87c294d082_full.jpg"	"2026-09-05T21:29:23.555753+00:00"
"[U:1:46789262]"	"https://avatars.steamstatic.com/8f7f5ff8ccbd4cc42a9e078cf7977221c7c9af5c_full.jpg"	"2026-09-05T21:29:23.555753+00:00"
"[U:1:105224460]"	"https://avatars.steamstatic.com/40ee9c8ac3ef4931bdf87abac766ad8c8c8a15fb_full.jpg"	"2026-09-05T21:29:23.555753+00:00"
"[U:1:64705819]"	"https://avatars.steamstatic.com/9b73ed7e46e41c2d42f48266fd5c9a3aa83fec45_full.jpg"	"2026-09-05T21:29:23.555753+00:00"
"[U:1:1542861697]"	"https://avatars.steamstatic.com/bd4501def0ce053548c5fb6cb01819756092f1b0_full.jpg"	"2026-09-05T21:29:23.555753+00:00"
"[U:1:103948272]"	"https://avatars.steamstatic.com/40e66b38cb5de4ef9ed58d8c4cbc226fb58e8b1a_full.jpg"	"2026-09-05T21:29:23.555753+00:00"
"[U:1:195259187]"	"https://avatars.steamstatic.com/0b389cfb6aa7d51c6044e10c50c815d921ee0018_full.jpg"	"2026-09-05T21:29:23.555753+00:00"
"[U:1:1900960541]"	"https://avatars.steamstatic.com/86895e99023d794d0d549dc1509f0f5f922aa3d6_full.jpg"	"2026-09-05T21:29:23.555753+00:00"
"[U:1:406893542]"	"https://avatars.steamstatic.com/d540d514a0f112b969258dea072a5fec8e43ba34_full.jpg"	"2026-09-05T21:29:23.555753+00:00"
"[U:1:242953824]"	"https://avatars.steamstatic.com/e77272f45185704b831d0d38183c132f4ae89827_full.jpg"	"2026-09-05T21:29:23.555753+00:00"
"[U:1:119157263]"	"https://avatars.steamstatic.com/b318b525e6555fab63982471c918d30f29a92caf_full.jpg"	"2026-09-05T21:29:23.555753+00:00"
"[U:1:171907668]"	"https://avatars.steamstatic.com/894c1b620fedf0f4ac5d1f93f4c95b7be72722be_full.jpg"	"2026-09-05T21:29:23.555753+00:00"
"[U:1:70061664]"	"https://avatars.steamstatic.com/deb11220fbd9dfde5b902f655a224ce0caf10f4c_full.jpg"	"2026-09-05T21:29:23.555753+00:00"
"[U:1:187803412]"	"https://avatars.steamstatic.com/6d9ce7883318142bdb070da5f2c83356f6f6f53b_full.jpg"	"2026-09-05T21:29:23.555753+00:00"
"[U:1:114800371]"	"https://avatars.steamstatic.com/9442b682dc50fdf08acec78369c779a6957c64b6_full.jpg"	"2026-09-05T21:29:23.555753+00:00"
"[U:1:387199980]"	"https://avatars.steamstatic.com/c718b0c234a3f5ff5fc8f0b99c3f64f0de4ccefe_full.jpg"	"2026-09-05T21:29:23.555753+00:00"
"[U:1:1071428674]"	"https://avatars.steamstatic.com/485970a4562b2808b9d1d5f088b59e1e36e9b284_full.jpg"	"2026-09-05T21:29:23.555753+00:00"
"[U:1:1819751131]"	"https://avatars.steamstatic.com/07860c2626552e1bfa856594c317b49b9d53a81e_full.jpg"	"2026-09-05T21:29:23.555753+00:00"
"[U:1:785756890]"	"https://avatars.steamstatic.com/01f1df9310b538c25c74ef85711fd10cd576dc4b_full.jpg"	"2026-09-05T21:29:23.555753+00:00"
"[U:1:124369686]"	"https://avatars.steamstatic.com/acc400e584fd0af664c2b30024b95cd21ed8cdb8_full.jpg"	"2026-09-05T21:29:23.555753+00:00"
"[U:1:1298405218]"	"https://avatars.steamstatic.com/d5547d0fc4719b83259309a2ea18f32778145e28_full.jpg"	"2026-09-05T21:29:23.555753+00:00"
"[U:1:1168810213]"	"https://avatars.steamstatic.com/ab4e4c55bbc48cc4cb1d6a8556160a6ab103af7d_full.jpg"	"2026-09-05T21:29:23.555753+00:00"
"[U:1:103415574]"	"https://avatars.steamstatic.com/5fea668694c95ff82c2d9cc2b2afdb06a9d2bbb4_full.jpg"	"2026-09-05T21:29:23.555753+00:00"
"[U:1:441708723]"	"https://avatars.steamstatic.com/dd0dce836d62914cbfaa7822921cfbb813b0d4eb_full.jpg"	"2026-09-05T21:29:23.555753+00:00"
"[U:1:1178995971]"	"https://avatars.steamstatic.com/a74320b17234b2c6bfce2c35f24037755ceb7282_full.jpg"	"2026-09-05T21:29:23.555753+00:00"
"[U:1:109958665]"	"https://avatars.steamstatic.com/be01ed9b2598ebc5075ab939a8e2cae607b9c882_full.jpg"	"2026-09-05T21:29:23.555753+00:00"
"[U:1:1258384645]"	"https://avatars.steamstatic.com/4f1315a6384379fef49d8577546027438c6c6e61_full.jpg"	"2026-09-05T21:29:23.555753+00:00"
"[U:1:127206357]"	"https://avatars.steamstatic.com/4bb03ffbe2a394ad50441a19b74042866cd803a8_full.jpg"	"2026-09-05T21:29:23.555753+00:00"
"[U:1:357943931]"	"https://avatars.steamstatic.com/8c59c544293adadb8c9c4fe1c5e341ff0fcecf78_full.jpg"	"2026-09-05T21:29:23.555753+00:00"
"[U:1:40904569]"	"https://avatars.steamstatic.com/f53b202c815138463227c1f5fe8406e80b90c05b_full.jpg"	"2026-09-05T21:29:23.555753+00:00"
"[U:1:324394636]"	"https://avatars.steamstatic.com/12f199bb49e5f89eb33bece1a17383c0e0eef190_full.jpg"	"2026-09-05T21:29:23.555753+00:00"
"[U:1:279760838]"	"https://avatars.steamstatic.com/d48e57dc4672700340cfa24a7bd40409dee829f6_full.jpg"	"2026-09-05T21:29:23.555753+00:00"
"[U:1:410419727]"	"https://avatars.steamstatic.com/56034cd001ed16940464960b7a891594003d60e1_full.jpg"	"2026-09-05T21:29:23.555753+00:00"
"[U:1:783003280]"	"https://avatars.steamstatic.com/ec48cb48218a84e568a9b995a412e4532a640c81_full.jpg"	"2026-09-05T21:29:23.555753+00:00"
"[U:1:1288761081]"	"https://avatars.steamstatic.com/6149262a6c08c779106614afeab04fd7d0e3cd09_full.jpg"	"2026-09-05T21:29:23.555753+00:00"
"[U:1:1161318481]"	"https://avatars.steamstatic.com/8e48c9d5dae085dd2a440d638bf18cd5b8cf788a_full.jpg"	"2026-09-05T21:29:23.555753+00:00"
"[U:1:917337085]"	"https://avatars.steamstatic.com/db23ccc21787d1030e4ccfe84981e1fce99239a3_full.jpg"	"2026-09-05T21:29:23.555753+00:00"
"[U:1:1651488026]"	"https://avatars.steamstatic.com/fef49e7fa7e1997310d705b2a6158ff8dc1cdfeb_full.jpg"	"2026-09-05T21:29:23.555753+00:00"
"[U:1:783327170]"	"https://avatars.steamstatic.com/36778a3c6aa856283dcf06c7b426b24f7688f5ed_full.jpg"	"2026-09-05T21:29:23.555753+00:00"
"[U:1:765624804]"	"https://avatars.steamstatic.com/f14a1a89f9ddddf64d0e1de53d255e15b3c4f53d_full.jpg"	"2026-09-05T21:29:23.555753+00:00"
"[U:1:99458223]"	"https://avatars.steamstatic.com/02b6629e232ee7b1e0e1d4c56134a4d05cf09d30_full.jpg"	"2026-09-05T21:29:23.555753+00:00"
"[U:1:1051398285]"	"https://avatars.steamstatic.com/e1a23101cac611d1517ef60ceefd6f385ee7b791_full.jpg"	"2026-09-05T21:29:23.555753+00:00"
"[U:1:64714295]"	"https://avatars.steamstatic.com/d3c328b0ca0272505751781b7641e0416dd08c9b_full.jpg"	"2026-09-05T21:29:23.555753+00:00"
"[U:1:1004506526]"	"https://avatars.steamstatic.com/0dcc7d2c78978c4c277d81adc12d97bf5e2a626c_full.jpg"	"2026-09-05T21:29:23.555753+00:00"
"[U:1:85344926]"	"https://avatars.steamstatic.com/aa45ba7a84beda73b261541c9cecd5e6e93324ed_full.jpg"	"2026-09-05T21:29:23.555753+00:00"
"[U:1:1101678258]"	"https://avatars.steamstatic.com/ae3b475531d3d31151b5b0c6484cbf6af466e874_full.jpg"	"2026-09-05T21:29:23.555753+00:00"
"[U:1:116412087]"	"https://avatars.steamstatic.com/383bdd7a6513c0c2a82f161726947c199c0c8297_full.jpg"	"2026-09-05T21:29:23.555753+00:00"
"[U:1:801421738]"	"https://avatars.steamstatic.com/0556083e5e2d665c7f0ff1bb63f1205454f2e3e6_full.jpg"	"2026-09-05T21:29:23.555753+00:00"
"[U:1:1163418627]"	"https://avatars.steamstatic.com/0403e90310958fdc151d019b4501489bca641dd3_full.jpg"	"2026-09-05T21:29:23.555753+00:00"
"[U:1:250668591]"	"https://avatars.steamstatic.com/5a5a7a55d03d310c5147139fc661e3b63aa4a8b5_full.jpg"	"2026-09-05T21:29:23.555753+00:00"
"[U:1:1598910049]"	"https://avatars.steamstatic.com/fe0f4257a51f7196d898d3dbac8c0c7a0303ee0a_full.jpg"	"2026-09-05T21:29:23.555753+00:00"
"[U:1:1118875217]"	"https://avatars.steamstatic.com/43db9bb776e2b5d8f6ba1b4537a2a86dbd7c8ea6_full.jpg"	"2026-09-05T21:29:23.555753+00:00"
"[U:1:138968937]"	"https://avatars.steamstatic.com/1b562cab670cdf795dccacb664f20e1af7211fa5_full.jpg"	"2026-09-05T21:29:23.555753+00:00"
"[U:1:1051442693]"	"https://avatars.steamstatic.com/5b59957ae9deac920d8f98e883a2eddad419b5fa_full.jpg"	"2026-09-05T21:29:23.555753+00:00"
"[U:1:209842550]"	"https://avatars.steamstatic.com/3abd90ed353835a806587d3fab2b4eb1a57f04b2_full.jpg"	"2026-09-05T21:29:23.555753+00:00"
"[U:1:1237371296]"	"https://avatars.steamstatic.com/c293c28982636383df5d1a086ad95c20011158ac_full.jpg"	"2026-09-05T21:29:23.555753+00:00"
"[U:1:15945787]"	"https://avatars.steamstatic.com/9d05ca59e86a85ed8b45caf45e7785e927da5c1c_full.jpg"	"2026-09-05T21:29:23.555753+00:00"
"[U:1:87127043]"	"https://avatars.steamstatic.com/c4924ddfd0310b6f943de83f148dda4f619994ed_full.jpg"	"2026-09-05T21:29:23.555753+00:00"
"[U:1:1399423840]"	"https://avatars.steamstatic.com/91badb0c0007beef2f4081283015acf3057daae4_full.jpg"	"2026-09-05T21:29:23.555753+00:00"
"[U:1:174972034]"	"https://avatars.steamstatic.com/878dd2db1b409cc97e637399ee8d4df2d68eec6e_full.jpg"	"2026-09-05T21:29:23.555753+00:00"
"[U:1:9124033]"	"https://avatars.steamstatic.com/fef49e7fa7e1997310d705b2a6158ff8dc1cdfeb_full.jpg"	"2026-09-05T21:29:23.555753+00:00"
"[U:1:102498028]"	"https://avatars.steamstatic.com/3e3b683dac37e7b311ac1b68356a2758c394a634_full.jpg"	"2026-09-05T21:29:23.555753+00:00"
"[U:1:1174164808]"	"https://avatars.steamstatic.com/ebe207c4955a0ce3effacb47991fa96f87e2ebb1_full.jpg"	"2026-09-05T21:29:23.555753+00:00"
"[U:1:88620331]"	"https://avatars.steamstatic.com/56823331a72bf837bce48870a5e626f1a670d5c7_full.jpg"	"2026-09-05T21:29:23.555753+00:00"
"[U:1:32532554]"	"https://avatars.steamstatic.com/7f43f678d75f036d2d6f807d69ce839eee02ee23_full.jpg"	"2026-09-05T21:29:23.555753+00:00"
"[U:1:1071126302]"	"https://avatars.steamstatic.com/b038e6c10ad8a748acfb93c68b365c0f1d33890e_full.jpg"	"2026-09-05T21:29:23.555753+00:00"
"[U:1:245121232]"	"https://avatars.steamstatic.com/d54d9bd30cc6bdca88ed52092f01c4091c1317c5_full.jpg"	"2026-09-05T21:29:23.555753+00:00"
"[U:1:478586938]"	"https://avatars.steamstatic.com/94e7a3c7d67e624afffbcdace382248904af2397_full.jpg"	"2026-09-05T21:29:23.555753+00:00"
"[U:1:1127961661]"	"https://avatars.steamstatic.com/c36f3559279404e943f76a7aaeed3db6d3fd428f_full.jpg"	"2026-09-05T21:29:23.555753+00:00"
"[U:1:909057623]"	"https://avatars.steamstatic.com/a84d565753119bb77f67a16f23049f6478e06752_full.jpg"	"2026-09-05T21:29:23.555753+00:00"
"[U:1:795394381]"	"https://avatars.steamstatic.com/07728a4a670144d9e82056c1735ee514c8701fdb_full.jpg"	"2026-09-05T21:29:23.555753+00:00"
"[U:1:1632245116]"	"https://avatars.steamstatic.com/fef49e7fa7e1997310d705b2a6158ff8dc1cdfeb_full.jpg"	"2026-09-05T21:29:23.555753+00:00"
"[U:1:18027293]"	"https://avatars.steamstatic.com/198d94144d30b82aa1dda1160e0cf9fbb2ec314b_full.jpg"	"2026-09-05T21:29:23.555753+00:00"
"[U:1:38490311]"	"https://avatars.steamstatic.com/e0407b0bc2839995a4be1731ef0f367401033147_full.jpg"	"2026-09-05T21:29:23.555753+00:00"
"[U:1:165355896]"	"https://avatars.steamstatic.com/5d016fbdbc88b0acc92cc19226876bb431e79eea_full.jpg"	"2026-09-05T21:29:23.555753+00:00"
"[U:1:838973917]"	"https://avatars.steamstatic.com/d1efc39437b7c924fff88150d7d3554c3fb4006e_full.jpg"	"2026-09-05T21:29:23.555753+00:00"
"[U:1:1347120738]"	"https://avatars.steamstatic.com/1682289fe9ec3905ac785d2fc7aa566855ec39e8_full.jpg"	"2026-09-05T21:29:23.555753+00:00"
"[U:1:839796417]"	"https://avatars.steamstatic.com/90f780011c2eefeae86650e12a2236f1140158cf_full.jpg"	"2026-09-05T21:29:23.555753+00:00"
"[U:1:1061525393]"	"https://avatars.steamstatic.com/ac6d7db2caf7c867b50fbbf0ad3adfac1e61d1e9_full.jpg"	"2026-09-05T21:29:23.555753+00:00"
"[U:1:164513892]"	"https://avatars.steamstatic.com/201bbf2b42cbf8f19be2978f3aaa97cd031acbf1_full.jpg"	"2026-09-05T21:29:23.555753+00:00"
"[U:1:1079580850]"	"https://avatars.steamstatic.com/1c36f0f4ed00bcafe65d03c9c1d37d51bea6da70_full.jpg"	"2026-09-05T21:29:23.555753+00:00"
"[U:1:80462961]"	"https://avatars.steamstatic.com/de9f43fdc0a2393ddd3e960941e05c4d0f7d7c61_full.jpg"	"2026-09-05T21:29:23.555753+00:00"
"[U:1:8852740]"	"https://avatars.steamstatic.com/b80e82242c07a755f58b44e8423f8b119ccda808_full.jpg"	"2026-09-05T21:29:23.555753+00:00"
"[U:1:1862241000]"	"https://avatars.steamstatic.com/98ac93ab4a72de920a11e946743e006041e28907_full.jpg"	"2026-09-05T21:29:23.555753+00:00"
"[U:1:248179845]"	"https://avatars.steamstatic.com/6d26818373a6c34a64cf4ab25df72bc31349abd6_full.jpg"	"2026-09-05T21:29:23.555753+00:00"
"[U:1:1162411424]"	"https://avatars.steamstatic.com/3adfcddb900b81a9f3a0b9c60b31ce331433717a_full.jpg"	"2026-09-05T21:29:23.555753+00:00"
"[U:1:1007270106]"	"https://avatars.steamstatic.com/fef49e7fa7e1997310d705b2a6158ff8dc1cdfeb_full.jpg"	"2026-09-05T21:29:23.555753+00:00"
"[U:1:194171767]"	"https://avatars.steamstatic.com/035980c3ad9704454118fb917e173ae331ee10f1_full.jpg"	"2026-09-05T21:29:23.555753+00:00"
"[U:1:1264592662]"	"https://avatars.steamstatic.com/90a0cd245ee4f5daceb0b6fd176479cce3e2e68c_full.jpg"	"2026-09-05T21:29:23.555753+00:00"
"[U:1:911422642]"	"https://avatars.steamstatic.com/e537c5db72b04f2382bea4ead9565916aa8e3ae1_full.jpg"	"2026-09-05T21:29:23.555753+00:00"
"[U:1:69408974]"	"https://avatars.steamstatic.com/3524034b7688bc3bd108265439c0909e918fb412_full.jpg"	"2026-09-05T21:29:23.555753+00:00"
"[U:1:1077734671]"	"https://avatars.steamstatic.com/0939922db24c2445cbcf9f23f52453030ca432b8_full.jpg"	"2026-09-05T21:29:23.555753+00:00"
"[U:1:105821276]"	"https://avatars.steamstatic.com/2a52598255ef378f8e922b358dc6244741867bd8_full.jpg"	"2026-09-05T21:29:23.555753+00:00"
"[U:1:1199558181]"	"https://avatars.steamstatic.com/42d173e0659029c120c2d37fc1b0137218433dc1_full.jpg"	"2026-09-05T21:29:23.555753+00:00"
"[U:1:209651305]"	"https://avatars.steamstatic.com/27d21b38d7495c86befde3ea2b0ea8456e650604_full.jpg"	"2026-09-05T21:29:23.555753+00:00"
"[U:1:33714673]"	"https://avatars.steamstatic.com/43b8e2f64fc7c342d5cd5090afc3abf359661623_full.jpg"	"2026-09-05T21:29:23.555753+00:00"
"[U:1:38099524]"	"https://avatars.steamstatic.com/fef3d229279b9b7e045d859a8761ff525488674c_full.jpg"	"2026-09-05T21:29:23.555753+00:00"
"[U:1:33262219]"	"https://avatars.steamstatic.com/f08850bf8d5c66d9211681e8e717931d2e612a59_full.jpg"	"2026-09-05T21:29:23.555753+00:00"
"[U:1:1855664250]"	"https://avatars.steamstatic.com/25af5472be9fb6f80e8a5a1a64f28e8a34cf6727_full.jpg"	"2026-09-05T21:29:23.555753+00:00"
"[U:1:43813154]"	"https://avatars.steamstatic.com/3b2b397e145279433ac3a75160f2ff0a1d6676c0_full.jpg"	"2026-09-05T21:29:23.555753+00:00"
"[U:1:81470546]"	"https://avatars.steamstatic.com/6783a0067e12ee3af4eb9c2ca9bccaeca03ed217_full.jpg"	"2026-09-05T21:29:23.555753+00:00"
"[U:1:893389687]"	"https://avatars.steamstatic.com/bd8990f36644fa556e3b3991597813bdc85389b6_full.jpg"	"2026-09-05T21:29:23.555753+00:00"
"[U:1:163572461]"	"https://avatars.steamstatic.com/645e0b2d4cd931e216ed387ac07d2133fff1b518_full.jpg"	"2026-09-05T21:29:23.555753+00:00"
"[U:1:1700896017]"	"https://avatars.steamstatic.com/e5840c865daf4b63dc6e724dfcd208d30a08ffb9_full.jpg"	"2026-09-05T21:29:23.555753+00:00"
"[U:1:121620231]"	"https://avatars.steamstatic.com/04caac608b03a527cd8d3a8722a87a3c63ee86e1_full.jpg"	"2026-09-05T21:29:23.555753+00:00"
"[U:1:322214527]"	"https://avatars.steamstatic.com/e8e349c3a970893573e9910d7ebefd36c959aa9c_full.jpg"	"2026-09-05T21:29:23.555753+00:00"
"[U:1:1308974329]"	"https://avatars.steamstatic.com/476e9652f649ae1028ca3f575fa5035e467ada70_full.jpg"	"2026-09-05T21:29:23.555753+00:00"
"[U:1:9972811]"	"https://avatars.steamstatic.com/f139717c25cae55ea00e22aee7ea88c73af1db73_full.jpg"	"2026-09-05T21:29:23.555753+00:00"
"[U:1:89766341]"	"https://avatars.steamstatic.com/c6480ecd6ad87742ff7010fb0b8ac7ed3be76091_full.jpg"	"2026-09-05T21:29:23.555753+00:00"
"[U:1:88731547]"	"https://avatars.steamstatic.com/d6e2d839193c933b7ec4fbc347441a94d572fc76_full.jpg"	"2026-09-05T21:29:23.555753+00:00"
"[U:1:178203876]"	"https://avatars.steamstatic.com/b0e0bdb39842f0e579d923a7ab1a559ab865ac9b_full.jpg"	"2026-09-05T21:29:23.555753+00:00"
"[U:1:190393418]"	"https://avatars.steamstatic.com/c7f27e2e467779a1e1b54ad8bdbdbb54bf71e4d3_full.jpg"	"2026-09-05T21:29:23.555753+00:00"
"[U:1:247286009]"	"https://avatars.steamstatic.com/4c2805b29a5b2067fd5abbf3926298c0e5077905_full.jpg"	"2026-09-05T21:29:23.555753+00:00"
"[U:1:759360539]"	"https://avatars.steamstatic.com/4547f6f7d7de4b435e4b481c202a3cad9784a6ba_full.jpg"	"2026-09-05T21:29:23.555753+00:00"
"[U:1:1235931163]"	"https://avatars.steamstatic.com/b17bc851caaede75bf8bcff86a313b397d1962fc_full.jpg"	"2026-09-05T21:29:23.555753+00:00"
"[U:1:1037971328]"	"https://avatars.steamstatic.com/535d64e9d5c7ae384f884bcf803e5f9533274ef6_full.jpg"	"2026-09-05T21:29:23.555753+00:00"
"[U:1:210389777]"	"https://avatars.steamstatic.com/c8741c462929424027ac0c385cce5ff62ca17aa9_full.jpg"	"2026-09-05T21:29:23.555753+00:00"
"[U:1:1846885369]"	"https://avatars.steamstatic.com/e3061a8f7ec1858c42efceec89d76f2c2bcf6f06_full.jpg"	"2026-09-05T21:29:23.555753+00:00"
"[U:1:75552134]"	"https://avatars.steamstatic.com/e7f00ae79fd2ef1a1848a45c0fbbc5f103f88059_full.jpg"	"2026-09-05T21:29:23.555753+00:00"
"[U:1:136734722]"	"https://avatars.steamstatic.com/6e856f0eb2cbf79f87fc19e1b231b372da9592e8_full.jpg"	"2026-09-05T21:29:23.555753+00:00"
"[U:1:382183370]"	"https://avatars.steamstatic.com/eeeb6609ea41074d77b04b0190311cf35132ead8_full.jpg"	"2026-09-05T21:29:23.555753+00:00"
"[U:1:163434527]"	"https://avatars.steamstatic.com/efb43180c0beedd1bec1e3dbf6800cc7e2c36e37_full.jpg"	"2026-09-05T21:29:23.555753+00:00"
"[U:1:123761424]"	"https://avatars.steamstatic.com/49b8fc0f64109308009c25636336670ba7d6066e_full.jpg"	"2026-09-05T21:29:23.555753+00:00"
"[U:1:39171677]"	"https://avatars.steamstatic.com/503c266952bebe4bb1087ba8337f95604cb9ab53_full.jpg"	"2026-09-05T21:29:23.555753+00:00"
"[U:1:462571833]"	"https://avatars.steamstatic.com/6247ab60cd33963bb4245c640d43a8daf38874f2_full.jpg"	"2026-09-05T21:29:23.555753+00:00"
"[U:1:391212025]"	"https://avatars.steamstatic.com/f44d79ea2251c02c77f01f00c2bdc87ba1b1828e_full.jpg"	"2026-09-05T21:29:23.555753+00:00"
"[U:1:1224613914]"	"https://avatars.steamstatic.com/77f67e8a01bb628fd3c09ac79db5c63426b63425_full.jpg"	"2026-09-05T21:29:23.555753+00:00"
"[U:1:900339246]"	"https://avatars.steamstatic.com/f8cb65017454a34f60d8b8d9edd492077cec6309_full.jpg"	"2026-09-05T21:29:23.555753+00:00"
"[U:1:140335665]"	"https://avatars.steamstatic.com/b3a86950e81c29fb74a5ee1fd4c67bbab66b056b_full.jpg"	"2026-09-05T21:29:23.555753+00:00"
"[U:1:1589366285]"	"https://avatars.steamstatic.com/fab32d5d7261d73e15dc105bc704823f92b15c38_full.jpg"	"2026-09-05T21:29:23.555753+00:00"
"[U:1:185486271]"	"https://avatars.steamstatic.com/877a2a139e7fe27097cd8656dd22ef34d579c589_full.jpg"	"2026-09-05T21:29:23.555753+00:00"
"[U:1:159527016]"	"https://avatars.steamstatic.com/e5af4ded00e494d3a0c54a853939e6bb1e965bf8_full.jpg"	"2026-09-05T21:29:23.555753+00:00"
"[U:1:170724827]"	"https://avatars.steamstatic.com/9259650c7d85509f53b4ef19b5658a187a34c885_full.jpg"	"2026-09-05T21:29:23.555753+00:00"
"[U:1:486712035]"	"https://avatars.steamstatic.com/7e2ba14ea6003391d822869a4ed3bbc2527621c6_full.jpg"	"2026-09-05T21:29:23.555753+00:00"
"[U:1:105607734]"	"https://avatars.steamstatic.com/5919cedfe68609309d00364252e047da676eacee_full.jpg"	"2026-09-05T21:29:23.555753+00:00"
"[U:1:40525537]"	"https://avatars.steamstatic.com/be90940e709a9db2a4f979972e7f4799052d0f5d_full.jpg"	"2026-09-05T21:29:23.555753+00:00"
"[U:1:1190947587]"	"https://avatars.steamstatic.com/733ff202d8f8fccfeef289c3b0079af75a46c29b_full.jpg"	"2026-09-05T21:29:23.555753+00:00"
"[U:1:158318014]"	"https://avatars.steamstatic.com/411e6154ed0134a4fa914506123220a1b5fa3635_full.jpg"	"2026-09-05T21:29:23.555753+00:00"
"[U:1:179906294]"	"https://avatars.steamstatic.com/9de5acce8a6875608bb394114db5e50933adcf89_full.jpg"	"2026-09-05T21:29:23.555753+00:00"
"[U:1:1041960874]"	"https://avatars.steamstatic.com/9b0fd4a118a42b17ffd9a585baec3ecc0fa7cce9_full.jpg"	"2026-09-05T21:29:23.555753+00:00"
"[U:1:128985113]"	"https://avatars.steamstatic.com/081685db085c07f73712d6c9dad0712bcf97f70b_full.jpg"	"2026-09-05T21:29:23.555753+00:00"
"[U:1:482038678]"	"https://avatars.steamstatic.com/54604a9ca39dad23e6e3b768f19e9b12ca326c2f_full.jpg"	"2026-09-05T21:29:23.555753+00:00"
"[U:1:385965156]"	"https://avatars.steamstatic.com/6cb3f120e5ecce6e8c25e22213dccd06d9523916_full.jpg"	"2026-09-05T21:29:23.555753+00:00"
"[U:1:1042023010]"	"https://avatars.steamstatic.com/d90cb40b0d6b0a92b9e8647aae2a2281f4413235_full.jpg"	"2026-09-05T21:29:23.555753+00:00"
"[U:1:39100589]"	"https://avatars.steamstatic.com/06746b188a14fdc6249da87993e21c4bf2342b61_full.jpg"	"2026-09-05T21:29:23.555753+00:00"
"[U:1:1005494415]"	"https://avatars.steamstatic.com/84bc59634335e8681fedd5357edc83873de72456_full.jpg"	"2026-09-05T21:29:23.555753+00:00"
"[U:1:133528402]"	"https://avatars.steamstatic.com/7017932811d1d479b61e20564b5253264fd297ab_full.jpg"	"2026-09-05T21:29:23.555753+00:00"
"[U:1:256826968]"	"https://avatars.steamstatic.com/fab32d5d7261d73e15dc105bc704823f92b15c38_full.jpg"	"2026-09-05T21:29:23.555753+00:00"
"[U:1:1638826736]"	"https://avatars.steamstatic.com/fef49e7fa7e1997310d705b2a6158ff8dc1cdfeb_full.jpg"	"2026-09-05T21:29:23.555753+00:00"
"[U:1:100609331]"	"https://avatars.steamstatic.com/46beb1bd84a37bc7e8cecdeefadffacfbfe7813e_full.jpg"	"2026-09-05T21:29:23.555753+00:00"
"[U:1:823663982]"	"https://avatars.steamstatic.com/daa36ba53fa7de726dc5dfc0f81dd5719193315c_full.jpg"	"2026-09-05T21:29:23.555753+00:00"
"[U:1:68022621]"	"https://avatars.steamstatic.com/0b04d08cd5be3f69c9d3a435fb9a1774396eda18_full.jpg"	"2026-09-05T21:29:23.555753+00:00"
"[U:1:1911638866]"	"https://avatars.steamstatic.com/fef49e7fa7e1997310d705b2a6158ff8dc1cdfeb_full.jpg"	"2026-09-05T21:29:23.555753+00:00"
"[U:1:129901632]"	"https://avatars.steamstatic.com/f09d3818279acd70e46cace094d1f798c7813d66_full.jpg"	"2026-09-05T21:29:23.555753+00:00"
"[U:1:160850741]"	"https://avatars.steamstatic.com/4b1654d301f5077aaa8167a93fa1a063558434b8_full.jpg"	"2026-09-05T21:29:23.555753+00:00"
"[U:1:1483351202]"	"https://avatars.steamstatic.com/67a9a0b9e0800afcd822492b762d161e021584aa_full.jpg"	"2026-09-05T21:29:23.555753+00:00"
"[U:1:242455096]"	"https://avatars.steamstatic.com/9da337fba8e8d5c85f8296f82ad33e3a4fcf0594_full.jpg"	"2026-09-05T21:29:23.555753+00:00"
"[U:1:400489099]"	"https://avatars.steamstatic.com/279acc9456eda3909c9bfd64a0bfee9be5e2c9c1_full.jpg"	"2026-09-05T21:29:23.555753+00:00"
"[U:1:907026640]"	"https://avatars.steamstatic.com/7d374bcb4b6525582232bb790cab11395b1808db_full.jpg"	"2026-09-05T21:29:23.555753+00:00"
"[U:1:179774796]"	"https://avatars.steamstatic.com/779eb88915109a961be6f83181efcada59266bb2_full.jpg"	"2026-09-05T21:29:23.555753+00:00"
"[U:1:134295356]"	"https://avatars.steamstatic.com/13b005aefc2643ec7da7927b9e645287faa2204e_full.jpg"	"2026-09-05T21:29:23.555753+00:00"
"[U:1:271159056]"	"https://avatars.steamstatic.com/463557031297500fa366d852583af95ee794da38_full.jpg"	"2026-09-05T21:29:23.555753+00:00"
"[U:1:1649554676]"	"https://avatars.steamstatic.com/09e2c0f4113249720a7382caf6058f49cca3a9b5_full.jpg"	"2026-09-05T21:29:23.555753+00:00"
"[U:1:1160332221]"	"https://avatars.steamstatic.com/94319628b6d379e9a2fd9551e1282247d904b2de_full.jpg"	"2026-09-05T21:29:23.555753+00:00"
"[U:1:488582897]"	"https://avatars.steamstatic.com/f9969964d2fb63095e0145efb527d3b58adfe0f2_full.jpg"	"2026-09-05T21:29:23.555753+00:00"
"[U:1:7254608]"	"https://avatars.steamstatic.com/80fb6162d9c39d62f265d8c51f023bcd9f962d62_full.jpg"	"2026-09-05T21:29:23.555753+00:00"
"[U:1:125597020]"	"https://avatars.steamstatic.com/ab0df82e9eba32a87dd5db1a3dc3340f416bcce1_full.jpg"	"2026-09-05T21:29:23.555753+00:00"
"[U:1:129770678]"	"https://avatars.steamstatic.com/f5779964fa870cad057ff80e21e5a4d450f31925_full.jpg"	"2026-09-05T21:29:23.555753+00:00"
"[U:1:83461138]"	"https://avatars.steamstatic.com/0ef1020051b375e59bccfc220d8fb0447207ad92_full.jpg"	"2026-09-05T21:29:23.555753+00:00"
"[U:1:1763895517]"	"https://avatars.steamstatic.com/3052e230f07e86ad96e0b594f34f9b3764352f6e_full.jpg"	"2026-09-05T21:29:23.555753+00:00"
"[U:1:180875896]"	"https://avatars.steamstatic.com/6641e75b8730bc462b567a35cb525ffc85931fcb_full.jpg"	"2026-09-05T21:29:23.555753+00:00"
"[U:1:117626208]"	"https://avatars.steamstatic.com/0d626d8788f252d3560cb2fcc2e64c8ab409ee08_full.jpg"	"2026-09-05T21:29:23.555753+00:00"
"[U:1:97733808]"	"https://avatars.steamstatic.com/23ea41e76f38ab2e69d17621f817ce03cedbea96_full.jpg"	"2026-09-05T21:29:23.555753+00:00"
"[U:1:116313545]"	"https://avatars.steamstatic.com/eb142e22102fae63c54332ae2e9b034fb6923583_full.jpg"	"2026-09-05T21:29:23.555753+00:00"
"[U:1:131264964]"	"https://avatars.steamstatic.com/27aefad71e18e99b0fdba7e5047e44da7b05ef21_full.jpg"	"2026-09-05T21:29:23.555753+00:00"
"[U:1:839760705]"	"https://avatars.steamstatic.com/a2e7a925e681ad1c6f0d082f6f68ef8415004b20_full.jpg"	"2026-09-05T21:29:23.555753+00:00"
"[U:1:146192540]"	"https://avatars.steamstatic.com/0f34e06591c1af61d4f0a1e773444c1027533a4e_full.jpg"	"2026-09-05T21:29:23.555753+00:00"
"[U:1:41808141]"	"https://avatars.steamstatic.com/58ebb7fc4919903504cfdbbaf7e8a76a13638f79_full.jpg"	"2026-09-05T21:29:23.555753+00:00"
"[U:1:1163038649]"	"https://avatars.steamstatic.com/eb2ada595cc44871137e47dcd2d40c4a367401a7_full.jpg"	"2026-09-05T21:29:23.555753+00:00"
"[U:1:102048383]"	"https://avatars.steamstatic.com/c8685a30c98ae5a30bdabe845063487ac59884d8_full.jpg"	"2026-09-05T21:29:23.555753+00:00"
"[U:1:1697140126]"	"https://avatars.steamstatic.com/287329892e816ebe90df5b919f9c97f82df1270d_full.jpg"	"2026-09-05T21:29:23.555753+00:00"
"[U:1:209700810]"	"https://avatars.steamstatic.com/07d554dda416b0d9ebdf3212719ca0977f1035b5_full.jpg"	"2026-09-05T21:29:23.555753+00:00"
"[U:1:285743316]"	"https://avatars.steamstatic.com/c3c8a4b518e4d1f5b8ef47eecf035c52b7a5b9c6_full.jpg"	"2026-09-05T21:29:23.555753+00:00"
"[U:1:334795842]"	"https://avatars.steamstatic.com/2be158ff3e387d5717d7fcbdf8db74a3e3aa587a_full.jpg"	"2026-09-05T21:29:23.555753+00:00"
"[U:1:6767480]"	"https://avatars.steamstatic.com/4c7781f2e2b91a554c4ff9ed5f0c647816fa4ae1_full.jpg"	"2026-09-05T21:29:23.555753+00:00"
"[U:1:45000081]"	"https://avatars.steamstatic.com/c5da13940a3d4a9e6b84a5d7dc8527e57dcfe942_full.jpg"	"2026-09-05T21:29:23.555753+00:00"
"[U:1:1158218315]"	"https://avatars.steamstatic.com/a3ef9b02627a273aea7945720dd81f8c8b483416_full.jpg"	"2026-09-05T21:29:23.555753+00:00"
"[U:1:1515493695]"	"https://avatars.steamstatic.com/ec43e01690de1e2bf1e37a9fcfb2d8d8fd506f7c_full.jpg"	"2026-09-05T21:29:23.555753+00:00"
"[U:1:1577461912]"	"https://avatars.steamstatic.com/b057af286e16ff38e14180d0587c8972a4b86ab3_full.jpg"	"2026-09-05T21:29:23.555753+00:00"
"[U:1:157695223]"	"https://avatars.steamstatic.com/43c2fa8ce62d16df8c3adcb65c94c4cb77ffa517_full.jpg"	"2026-09-05T21:29:23.555753+00:00"
"[U:1:136034586]"	"https://avatars.steamstatic.com/6ddae1f7416bdb30e4ed461a72400f3f90842574_full.jpg"	"2026-09-05T21:29:23.555753+00:00"
"[U:1:313525558]"	"https://avatars.steamstatic.com/cf8e3a29a2e63ab999b1cc8a6caeaca7d17d1aa0_full.jpg"	"2026-09-05T21:29:23.555753+00:00"
"[U:1:179536730]"	"https://avatars.steamstatic.com/7161005bfd621545939ffc6289fff76ae4c07ed1_full.jpg"	"2026-09-05T21:29:23.555753+00:00"
"[U:1:1255287994]"	"https://avatars.steamstatic.com/28ddcb8c12fd44eedada3dee95be63a474ac5c97_full.jpg"	"2026-09-05T21:29:23.555753+00:00"
"[U:1:1142598990]"	"https://avatars.steamstatic.com/ee23c4645407599f035c5705dc0616813e3ba696_full.jpg"	"2026-09-05T21:29:23.555753+00:00"
"[U:1:199481582]"	"https://avatars.steamstatic.com/929c74e23a7966ec0d1174e59ba56b795be00f30_full.jpg"	"2026-09-05T21:29:23.555753+00:00"
"[U:1:67178915]"	"https://avatars.steamstatic.com/9ab854c23ad39c58c4a0dcb78a9104a2cd9691d4_full.jpg"	"2026-09-05T21:29:23.555753+00:00"
"[U:1:1515843230]"	"https://avatars.steamstatic.com/083cfaaec1bbe06fb3528d5508ba10b918e829b7_full.jpg"	"2026-09-05T21:29:23.555753+00:00"
"[U:1:1184395915]"	"https://avatars.steamstatic.com/8fa7357dd5231dfae2ac855f49a1150cfa27a16d_full.jpg"	"2026-09-05T21:29:23.555753+00:00"
"[U:1:934136032]"	"https://avatars.steamstatic.com/e70d2bc5c641449994ad7fba0e54ac0ed046c53c_full.jpg"	"2026-09-05T21:29:23.555753+00:00"
"[U:1:1136400609]"	"https://avatars.steamstatic.com/4efbb9ea375b4898e5ecce60a136e64a0274426e_full.jpg"	"2026-09-05T21:29:23.555753+00:00"
"[U:1:1921191540]"	"https://avatars.steamstatic.com/72cd7fe5c592979ba421ae242f7d69b44ee35561_full.jpg"	"2026-09-05T21:29:23.555753+00:00"
"[U:1:139206301]"	"https://avatars.steamstatic.com/23747e7ce9acd00aeebf30336a168e59d3e5d5af_full.jpg"	"2026-09-05T21:29:23.555753+00:00"
"[U:1:133795126]"	"https://avatars.steamstatic.com/3a4960937a1dbd56a4d49383fa613dd68b3707f6_full.jpg"	"2026-09-05T21:29:23.555753+00:00"
"[U:1:835585542]"	"https://avatars.steamstatic.com/a9539311e2c04ea59523f3baa065f838005db548_full.jpg"	"2026-09-05T21:29:23.555753+00:00"
"[U:1:279654530]"	"https://avatars.steamstatic.com/3ee699e03a4fdbc90a16718a36ba5e24a3f64d59_full.jpg"	"2026-09-05T21:29:23.555753+00:00"
"[U:1:80670280]"	"https://avatars.steamstatic.com/3b248fcac88362e85160d79b517aa5e5ba57cf14_full.jpg"	"2026-09-05T21:29:23.555753+00:00"
"[U:1:105274278]"	"https://avatars.steamstatic.com/ac075c11fc0c924668a8158b377bbe03a5c6ca66_full.jpg"	"2026-09-05T21:29:23.555753+00:00"
"[U:1:173355469]"	"https://avatars.steamstatic.com/8a78a24d3ae3031caf2695bc4dede2d6eb7af7cf_full.jpg"	"2026-09-05T21:29:23.555753+00:00"
"[U:1:1256357501]"	"https://avatars.steamstatic.com/e9a2e9cd9d83bb92b25f56979b149244923cbf43_full.jpg"	"2026-09-05T21:29:23.555753+00:00"
"[U:1:259902861]"	"https://avatars.steamstatic.com/e06b4b3612895339b31f9eb18479cda051cdab86_full.jpg"	"2026-09-05T21:29:23.555753+00:00"
"[U:1:88953360]"	"https://avatars.steamstatic.com/ce5dbfedf5d269023d3e2697cdf5bbb9dd8d3f49_full.jpg"	"2026-09-05T21:29:23.555753+00:00"
"[U:1:58767546]"	"https://avatars.steamstatic.com/e72417967de97ae881205599478b60f1de6ac1c6_full.jpg"	"2026-09-05T21:29:23.555753+00:00"
"[U:1:84729878]"	"https://avatars.steamstatic.com/7589ba859c4f70ec7963afe1eb0fe63f49394b3c_full.jpg"	"2026-09-05T21:29:23.555753+00:00"
"[U:1:347079681]"	"https://avatars.steamstatic.com/80abb51e436d0276986579a84d2052cefaa404fd_full.jpg"	"2026-09-05T21:29:23.555753+00:00"
"[U:1:52244751]"	"https://avatars.steamstatic.com/aad78543df6459540b6b93d8bfccc5c613939b22_full.jpg"	"2026-09-05T21:29:23.555753+00:00"
"[U:1:1069849161]"	"https://avatars.steamstatic.com/7fb94c589e861bb110697cd71f96f2e2e05e3551_full.jpg"	"2026-09-05T21:29:23.555753+00:00"
"[U:1:1137441598]"	"https://avatars.steamstatic.com/ad65bd9b70b383559d13380f5fee1d671e302ac7_full.jpg"	"2026-09-05T21:29:23.555753+00:00"
"[U:1:417573399]"	"https://avatars.steamstatic.com/f09b8e45626dcb635367d1749baca029ded01dda_full.jpg"	"2026-09-05T21:29:23.555753+00:00"
"[U:1:106420732]"	"https://avatars.steamstatic.com/7831c4e49f4f79e1f7875be8dcf692534a100c45_full.jpg"	"2026-09-05T21:29:23.555753+00:00"
"[U:1:100912245]"	"https://avatars.steamstatic.com/d099d91c4f7ad8cc7ab3fc1061c18d8dd12a9d6b_full.jpg"	"2026-09-05T21:29:23.555753+00:00"
"[U:1:831192047]"	"https://avatars.steamstatic.com/c16306e301cdcaefb852d5311c1b28313523f3b8_full.jpg"	"2026-09-05T21:29:23.555753+00:00"
"[U:1:1007484806]"	"https://avatars.steamstatic.com/0f0181d5ce4ea1e4ac97f2fc5871e176b1f9665c_full.jpg"	"2026-09-05T21:29:23.555753+00:00"
"[U:1:1838195729]"	"https://avatars.steamstatic.com/1138f7e55fa54f4f1261cba16ea2b01e44538989_full.jpg"	"2026-09-05T21:29:23.555753+00:00"
"[U:1:123876123]"	"https://avatars.steamstatic.com/e53c9ffabef47668407253768cc08738b500eea3_full.jpg"	"2026-09-05T21:29:23.555753+00:00"
"[U:1:63114845]"	"https://avatars.steamstatic.com/2b05771b729cd4e37040ed3064528c4594cf91a1_full.jpg"	"2026-09-05T21:29:23.555753+00:00"
"[U:1:1048783696]"	"https://avatars.steamstatic.com/56cd465a582bab03dbe6e5c4adfcd3a02e314438_full.jpg"	"2026-09-05T21:29:23.555753+00:00"
"[U:1:80735557]"	"https://avatars.steamstatic.com/d552140e3dd848beeb33a0e7b1347ec6d0c7c017_full.jpg"	"2026-09-05T21:29:23.555753+00:00"
"[U:1:273322196]"	"https://avatars.steamstatic.com/077f05f31f57a3846266b6bf9216d5edd03efac0_full.jpg"	"2026-09-05T21:29:23.555753+00:00"
"[U:1:173023448]"	"https://avatars.steamstatic.com/17f5586feb9b5377c8add7c7ad909074e81be59f_full.jpg"	"2026-09-05T21:29:23.555753+00:00"
"[U:1:44594651]"	"https://avatars.steamstatic.com/bbbf574eaecc3580ab264b09fea41f2f4efde0cd_full.jpg"	"2026-09-05T21:29:23.555753+00:00"
"[U:1:199077740]"	"https://avatars.steamstatic.com/addb9269f10ebf6c71b769fdfce6f4dbd6f8fea3_full.jpg"	"2026-09-05T21:29:23.555753+00:00"
"[U:1:213655963]"	"https://avatars.steamstatic.com/8e23d0554436aa5881329a73f51e8112bb03765e_full.jpg"	"2026-09-05T21:29:23.555753+00:00"
"[U:1:1918696836]"	"https://avatars.steamstatic.com/fef49e7fa7e1997310d705b2a6158ff8dc1cdfeb_full.jpg"	"2026-09-05T21:29:23.555753+00:00"
"[U:1:159403180]"	"https://avatars.steamstatic.com/22a9276f035c295d78dedf353bcdc96ae0d5114c_full.jpg"	"2026-09-05T21:29:23.555753+00:00"
"[U:1:453870259]"	"https://avatars.steamstatic.com/b45bd75f72f73535b90fe8500699942cd1e45e6b_full.jpg"	"2026-09-05T21:29:23.555753+00:00"
"[U:1:1325365148]"	"https://avatars.steamstatic.com/3572edb0ad54b1541cc626c7f99fbb4c00a69716_full.jpg"	"2026-09-05T21:29:23.555753+00:00"
"[U:1:110455295]"	"https://avatars.steamstatic.com/f4d0bfe8421ecc7d46d770f20ad06237cafc215c_full.jpg"	"2026-09-05T21:29:23.555753+00:00"
"[U:1:942086878]"	"https://avatars.steamstatic.com/049c17be063397d25c0ddf9d6556e780ae5184c5_full.jpg"	"2026-09-05T21:29:23.555753+00:00"
"[U:1:1685952262]"	"https://avatars.steamstatic.com/ffa6dd13b062dc6209ed99852bf5f729c004ba42_full.jpg"	"2026-09-05T21:29:23.555753+00:00"
"[U:1:75567507]"	"https://avatars.steamstatic.com/e1d2cabaca6d3cd0d1f306aa33ee783ab154a573_full.jpg"	"2026-09-05T21:29:23.555753+00:00"
"[U:1:142509262]"	"https://avatars.steamstatic.com/2062361596ed6227892b381c7ef4b363cc79a6ff_full.jpg"	"2026-09-05T21:29:23.555753+00:00"
"[U:1:1905560517]"	"https://avatars.steamstatic.com/6593a7da9c7c377e7ea690014e03356a8173f1cb_full.jpg"	"2026-09-05T21:29:23.555753+00:00"
"[U:1:1704127495]"	"https://avatars.steamstatic.com/fab0660d1774ce6f081d04547b1d33dc9865dc29_full.jpg"	"2026-09-05T21:29:23.555753+00:00"
"[U:1:169976733]"	"https://avatars.steamstatic.com/a44256fb962158843dea54bc35fbea2b1e63ffb9_full.jpg"	"2026-09-05T21:29:23.555753+00:00"
"[U:1:199073714]"	"https://avatars.steamstatic.com/a153bc8c4112fb6700de88f0affe4c47295bd7c6_full.jpg"	"2026-09-05T21:29:23.555753+00:00"
"[U:1:41929634]"	"https://avatars.steamstatic.com/b5c1705442e6712052005b12e190544e0335b270_full.jpg"	"2026-09-05T21:29:23.555753+00:00"
"[U:1:1042988405]"	"https://avatars.steamstatic.com/2cf99b16a277e17e5cbf762b5cc8a79eab4da38a_full.jpg"	"2026-09-05T21:29:23.555753+00:00"
"[U:1:33475766]"	"https://avatars.steamstatic.com/4e508921b2f539a692cd3203ae54f8f28249d7b7_full.jpg"	"2026-09-05T21:29:23.555753+00:00"
"[U:1:92720595]"	"https://avatars.steamstatic.com/fa1e9df88eb6d8ee62f1ec552a1bcd4f0902ae74_full.jpg"	"2026-09-05T21:29:23.555753+00:00"
"[U:1:92979424]"	"https://avatars.steamstatic.com/beb99f92e10a64433788ea11a5ea017eaa512782_full.jpg"	"2026-09-05T21:29:23.555753+00:00"
"[U:1:1593986577]"	"https://avatars.steamstatic.com/7c576e5510d135c53a173436cf9a3d04c62fee87_full.jpg"	"2026-09-05T21:29:23.555753+00:00"
"[U:1:43793686]"	"https://avatars.steamstatic.com/d69129a76d26b6f21f1b762b175f7aeffdcb2947_full.jpg"	"2026-09-05T21:29:23.555753+00:00"
"[U:1:1203909423]"	"https://avatars.steamstatic.com/9ed36beb5d09f2eafba210f988322cf050f1eb08_full.jpg"	"2026-09-05T21:29:23.555753+00:00"
"[U:1:1443850719]"	"https://avatars.steamstatic.com/af42b901cfa3907b46e034c90755829e4462fd82_full.jpg"	"2026-09-05T21:29:23.555753+00:00"
"[U:1:1211104430]"	"https://avatars.steamstatic.com/4be8a749479477e34bfcbeb9d040c0844d646131_full.jpg"	"2026-09-05T21:29:23.555753+00:00"
"[U:1:142917414]"	"https://avatars.steamstatic.com/ffa4b645ac9ea4ab1583be27c9030c93e69144da_full.jpg"	"2026-09-05T21:29:23.555753+00:00"
"[U:1:847067559]"	"https://avatars.steamstatic.com/d5f6c9ea5b3db920a904b8288fbed2d162adad3f_full.jpg"	"2026-09-05T21:29:23.555753+00:00"
"[U:1:1136881499]"	"https://avatars.steamstatic.com/626b9570bbc92f50e23da8aa565366554e3155fc_full.jpg"	"2026-09-05T21:29:23.555753+00:00"
"[U:1:162537924]"	"https://avatars.steamstatic.com/3c2e00839ac9308857ca043084a5ce1793a38e82_full.jpg"	"2026-09-05T21:29:23.555753+00:00"
"[U:1:129695217]"	"https://avatars.steamstatic.com/a99be31a09fc3d0a4da04eb7dd05212869dc2fa8_full.jpg"	"2026-09-05T21:29:23.555753+00:00"
"[U:1:24138145]"	"https://avatars.steamstatic.com/8fcde624d9aae141e2c1809abecf89d70f134ffb_full.jpg"	"2026-09-05T21:29:23.555753+00:00"
"[U:1:427452250]"	"https://avatars.steamstatic.com/c3108f0f0d60aaa8d89ce3ea084219b7af4ce69e_full.jpg"	"2026-09-05T21:29:23.555753+00:00"
"[U:1:456299489]"	"https://avatars.steamstatic.com/ff37978cebe437d3215228ea3b5e683f94db3173_full.jpg"	"2026-09-05T21:29:23.555753+00:00"
"[U:1:1230480015]"	"https://avatars.steamstatic.com/34966e89066b62abe376472f73605b35d8bc1ec1_full.jpg"	"2026-09-05T21:29:23.555753+00:00"
"[U:1:1847511697]"	"https://avatars.steamstatic.com/1f66ece3b524bddf72b6d8d7dbc866d614b9c0a8_full.jpg"	"2026-09-05T21:29:23.555753+00:00"
"[U:1:1392110735]"	"https://avatars.steamstatic.com/529bf785d6f2ca4765c83de074d9da16395e977e_full.jpg"	"2026-09-05T21:29:23.555753+00:00"
"[U:1:1572344240]"	"https://avatars.steamstatic.com/ab8c729539ad1537f88888f8f9b476fd12e4ddb9_full.jpg"	"2026-09-05T21:29:23.555753+00:00"
"[U:1:230971386]"	"https://avatars.steamstatic.com/d869eda031f834bdcbe568caaf640e228c5be16a_full.jpg"	"2026-09-05T21:29:23.555753+00:00"
"[U:1:366353138]"	"https://avatars.steamstatic.com/7d9d74a853804d6a3650e77e550f4f67fcbc0161_full.jpg"	"2026-09-05T21:29:23.555753+00:00"
"[U:1:426590800]"	"https://avatars.steamstatic.com/485afad28e41f6737776d67dd37e7bc9a27d938d_full.jpg"	"2026-09-05T21:29:23.555753+00:00"
"[U:1:216077467]"	"https://avatars.steamstatic.com/b9741420e84f39e5067d58ca5ca6683c8f845d09_full.jpg"	"2026-09-05T21:29:23.555753+00:00"
"[U:1:123079656]"	"https://avatars.steamstatic.com/7438068903fd805225ee608dc708b974b40983e7_full.jpg"	"2026-09-05T21:29:23.555753+00:00"
"[U:1:1081692345]"	"https://avatars.steamstatic.com/a7a2f58f05805d5d8044e7ef3713309f3a853788_full.jpg"	"2026-09-05T21:29:23.555753+00:00"
"[U:1:427079333]"	"https://avatars.steamstatic.com/ff72daa915e0a7cb31c64cbe847870f47ad91706_full.jpg"	"2026-09-05T21:29:23.555753+00:00"
"[U:1:26032953]"	"https://avatars.steamstatic.com/23b206f86e40182f1ea67d0f2fe9cd2521cf1e18_full.jpg"	"2026-09-05T21:29:23.555753+00:00"
"[U:1:785821055]"	"https://avatars.steamstatic.com/5a983ec6026b088107c0ea3561ebd820ff319c13_full.jpg"	"2026-09-05T21:29:23.555753+00:00"
"[U:1:1185540286]"	"https://avatars.steamstatic.com/577282a0747670ec730a0409f1b50d17712d0d1a_full.jpg"	"2026-09-05T21:29:23.555753+00:00"
"[U:1:922378919]"	"https://avatars.steamstatic.com/987d32bab31e1610dd0382f83fcb7f4a695fbe50_full.jpg"	"2026-09-05T21:29:23.555753+00:00"
"[U:1:184835844]"	"https://avatars.steamstatic.com/7e38585ca4995cfb180502fc0b6e4907249f8172_full.jpg"	"2026-09-05T21:29:23.555753+00:00"
"[U:1:1069048337]"	"https://avatars.steamstatic.com/5b8825b34c5d77b00c3a18897f2f1175fa0e0e57_full.jpg"	"2026-09-05T21:29:23.555753+00:00"
"[U:1:366798713]"	"https://avatars.steamstatic.com/c7d331651180998ddf650ea6100db7ccd362f8f5_full.jpg"	"2026-09-05T21:29:23.555753+00:00"
"[U:1:137621197]"	"https://avatars.steamstatic.com/2f66a247d6116ea5d898ab4a25495a610ee397c9_full.jpg"	"2026-09-05T21:29:23.555753+00:00"
"[U:1:1620718689]"	"https://avatars.steamstatic.com/98e003a2cc1f72aea5420f450451c67da6dfe184_full.jpg"	"2026-09-05T21:29:23.555753+00:00"
"[U:1:1609357094]"	"https://avatars.steamstatic.com/3907838eab3c593b124e4645f866329799437704_full.jpg"	"2026-09-05T21:29:23.555753+00:00"
"[U:1:1614354381]"	"https://avatars.steamstatic.com/c9188a8656a9fb60fccae1fe993679fd918b351b_full.jpg"	"2026-09-05T21:29:23.555753+00:00"
"[U:1:1130499674]"	"https://avatars.steamstatic.com/e8ef2b11eee5e2b7b13c3a82cbbbb5e4efdb454a_full.jpg"	"2026-09-05T21:29:23.555753+00:00"
"[U:1:1159750782]"	"https://avatars.steamstatic.com/88f563ea85c37fadd78cda6e95b0b328ae933fba_full.jpg"	"2026-09-05T21:29:23.555753+00:00"
"[U:1:1049572377]"	"https://avatars.steamstatic.com/2ff0826811339bb332cf3043b3e4259f532bdc0b_full.jpg"	"2026-09-05T21:29:23.555753+00:00"
"[U:1:1242918607]"	"https://avatars.steamstatic.com/1e54efc25a98b64335f65d04bf7010ff906d8c49_full.jpg"	"2026-09-05T21:29:23.555753+00:00"
"[U:1:358383930]"	"https://avatars.steamstatic.com/9be2aad4763954638f954b27203eca08c95d1dee_full.jpg"	"2026-09-05T21:29:23.555753+00:00"
"[U:1:1744185154]"	"https://avatars.steamstatic.com/57969fd8e3e3cf25e21a32816263a5ee872967ab_full.jpg"	"2026-09-05T21:29:23.555753+00:00"
"[U:1:1313568100]"	"https://avatars.steamstatic.com/a8d8223e07af0b12b372f352e8c142e778fd069c_full.jpg"	"2026-09-05T21:29:23.555753+00:00"
"[U:1:1185832151]"	"https://avatars.steamstatic.com/3f62df2dcf79e746eb17d3303bd1c08bebd5a35b_full.jpg"	"2026-09-05T21:29:23.555753+00:00"
"[U:1:298368840]"	"https://avatars.steamstatic.com/971cbe136384f2d7064bc110f8d99c5bd672c597_full.jpg"	"2026-09-05T21:29:23.555753+00:00"
"[U:1:197724306]"	"https://avatars.steamstatic.com/18616843ccf3095c59719b15b14601e1e2b9f3ed_full.jpg"	"2026-09-05T21:29:23.555753+00:00"
"[U:1:1117201196]"	"https://avatars.steamstatic.com/e32cadb3d28b2c0975eb5d09b0aa4ac2182db6ba_full.jpg"	"2026-09-05T21:29:23.555753+00:00"
"[U:1:312154930]"	"https://avatars.steamstatic.com/fe1063493bb2295784f4eaca2123813dda6fd720_full.jpg"	"2026-09-05T21:29:23.555753+00:00"
"[U:1:1122846295]"	"https://avatars.steamstatic.com/b95eac37a1229806fc4f5af6d66944e039fa70e7_full.jpg"	"2026-09-05T21:29:23.555753+00:00"
"[U:1:231158251]"	"https://avatars.steamstatic.com/67ae6a5876aaaf5b4dbb9ae70a0a6568d0d964f2_full.jpg"	"2026-09-05T21:29:23.555753+00:00"
"[U:1:188929571]"	"https://avatars.steamstatic.com/900589581c48b938615a9294502566ccc86fa9b0_full.jpg"	"2026-09-05T21:29:23.555753+00:00"
"[U:1:1239408483]"	"https://avatars.steamstatic.com/8f4bd44e386a654c0f74d943a8eb9c136da19b89_full.jpg"	"2026-09-05T21:29:23.555753+00:00"
"[U:1:1076829114]"	"https://avatars.steamstatic.com/1b651b6a53325072fbc1ee6a7a62446f03fcc548_full.jpg"	"2026-09-05T21:29:23.555753+00:00"
"[U:1:362186536]"	"https://avatars.steamstatic.com/9543a6ad557ea0f2782f893c5679f9c073e58895_full.jpg"	"2026-09-05T21:29:23.555753+00:00"
"[U:1:84530635]"	"https://avatars.steamstatic.com/fef49e7fa7e1997310d705b2a6158ff8dc1cdfeb_full.jpg"	"2026-09-05T21:29:23.555753+00:00"
"[U:1:359631907]"	"https://avatars.steamstatic.com/a67d94c8446ac7645cc41226657e31fd3cdeec15_full.jpg"	"2026-09-05T21:29:23.555753+00:00"
"[U:1:460672638]"	"https://avatars.steamstatic.com/103731b5260f7546989373bfe8ad9db7ece31e24_full.jpg"	"2026-09-05T21:29:23.555753+00:00"
"[U:1:107065584]"	"https://avatars.steamstatic.com/d0d79fcbc4e75da99cf73607c0c2754879891c73_full.jpg"	"2026-09-05T21:29:23.555753+00:00"
"[U:1:83532669]"	"https://avatars.steamstatic.com/7e7c442fcf239841c6ed1d981ef353bd9bb6ecc2_full.jpg"	"2026-09-05T21:29:23.555753+00:00"
"[U:1:230509474]"	"https://avatars.steamstatic.com/2601f7b379b1f6f47d3d854f0838748594b27150_full.jpg"	"2026-09-05T21:29:23.555753+00:00"
"[U:1:62439856]"	"https://avatars.steamstatic.com/3971ec1f411e22369e5b3dbccdb19e3bf6f885d7_full.jpg"	"2026-09-05T21:29:23.555753+00:00"
"[U:1:1136978255]"	"https://avatars.steamstatic.com/9a14affe36bfe09c736e5304db3229ff8e84bfce_full.jpg"	"2026-09-05T21:29:23.555753+00:00"
"[U:1:61878168]"	"https://avatars.steamstatic.com/fef49e7fa7e1997310d705b2a6158ff8dc1cdfeb_full.jpg"	"2026-09-05T21:29:23.555753+00:00"
"[U:1:184505506]"	"https://avatars.steamstatic.com/55ea337e3174290180ad5bee05b027aeeacbe127_full.jpg"	"2026-09-05T21:29:23.555753+00:00"
"[U:1:230547019]"	"https://avatars.steamstatic.com/7f7c7f559a6f8fbfa7dca18288973e7d4e5f3f56_full.jpg"	"2026-09-05T21:29:23.555753+00:00"
"[U:1:312259878]"	"https://avatars.steamstatic.com/2776ca729293cb350f66c2f335e7a77bf5b7a44f_full.jpg"	"2026-09-05T21:29:23.555753+00:00"
"[U:1:1039979549]"	"https://avatars.steamstatic.com/c1fa9e34177eb88bc759ee72343dca94f0fef343_full.jpg"	"2026-09-05T21:29:23.555753+00:00"
"[U:1:265959148]"	"https://avatars.steamstatic.com/6410fe435cb4823fd2c701d6df6d67c83619e095_full.jpg"	"2026-09-05T21:29:23.555753+00:00"
"[U:1:1889864143]"	"https://avatars.steamstatic.com/df68dd33be50e3df6562b50ad6c7cfcb3c6b693c_full.jpg"	"2026-09-05T21:29:23.555753+00:00"
"[U:1:1526754130]"	"https://avatars.steamstatic.com/ea974d9ddf29921832bed4a8061c8bb1d7c2b22e_full.jpg"	"2026-09-05T21:29:23.555753+00:00"
"[U:1:48823355]"	"https://avatars.steamstatic.com/cae17269c87adaf143d688f13aeb891c0a2be7c4_full.jpg"	"2026-09-05T21:29:23.555753+00:00"
"[U:1:132501363]"	"https://avatars.steamstatic.com/0c39a2279edbe13f82537b1768383d98461c6836_full.jpg"	"2026-09-05T21:29:23.555753+00:00"
"[U:1:137915769]"	"https://avatars.steamstatic.com/41f5eb425df18c467ce10fe3ee38eda3e223243a_full.jpg"	"2026-09-05T21:29:23.555753+00:00"
"[U:1:78920148]"	"https://avatars.steamstatic.com/3680564e25cb85a192c05b322a0bde085bbd9bc3_full.jpg"	"2026-09-05T21:29:23.555753+00:00"
"[U:1:1002995971]"	"https://avatars.steamstatic.com/62e1077f43c15037f62f606d847765e321c1eea9_full.jpg"	"2026-09-05T21:29:23.555753+00:00"
"[U:1:1086656371]"	"https://avatars.steamstatic.com/fef49e7fa7e1997310d705b2a6158ff8dc1cdfeb_full.jpg"	"2026-09-05T21:29:23.555753+00:00"
"[U:1:1086774648]"	"https://avatars.steamstatic.com/d8aea0befe4abc616f23b445fc7025e8584c98bf_full.jpg"	"2026-09-05T21:29:23.555753+00:00"
"[U:1:1839252492]"	"https://avatars.steamstatic.com/2157c278b3fe891b79531ab9695f40744bff6459_full.jpg"	"2026-09-05T21:29:23.555753+00:00"
"[U:1:1130887703]"	"https://avatars.steamstatic.com/a41301d4b9e1d39dda8f88f1c057b74f846482c7_full.jpg"	"2026-09-05T21:29:23.555753+00:00"
"[U:1:230691917]"	"https://avatars.steamstatic.com/73b3a9cc505ce13bceaf3761bc55d37db482df82_full.jpg"	"2026-09-05T21:29:23.555753+00:00"
"[U:1:241796183]"	"https://avatars.steamstatic.com/fef49e7fa7e1997310d705b2a6158ff8dc1cdfeb_full.jpg"	"2026-09-05T21:29:23.555753+00:00"
"[U:1:1130972964]"	"https://avatars.steamstatic.com/360236e555049f204b12d3a8685a3b9b9764ebfe_full.jpg"	"2026-09-05T21:29:23.555753+00:00"
"[U:1:1430846432]"	"https://avatars.steamstatic.com/691731c90e6a0dc58f1e68af84a686f473e6bb9d_full.jpg"	"2026-09-05T21:29:23.555753+00:00"
"[U:1:241012143]"	"https://avatars.steamstatic.com/c1016272829dc7c0f0a17b93c3ee970eeb7666ab_full.jpg"	"2026-09-05T21:29:23.555753+00:00"
"[U:1:36640468]"	"https://avatars.steamstatic.com/1105058dbcc05be1ab3e441d8103ecb2b5e254f7_full.jpg"	"2026-09-05T21:29:23.555753+00:00"
"[U:1:217238457]"	"https://avatars.steamstatic.com/12970441fc6dd8c7403f1b56977ebb3ec4a466af_full.jpg"	"2026-09-05T21:29:23.555753+00:00"
"[U:1:30957687]"	"https://avatars.steamstatic.com/53c78388c1ff02e7f25dc78585fc20766481aef8_full.jpg"	"2026-09-05T21:29:23.555753+00:00"
"[U:1:847096130]"	"https://avatars.steamstatic.com/fef49e7fa7e1997310d705b2a6158ff8dc1cdfeb_full.jpg"	"2026-09-05T21:29:23.555753+00:00"
"[U:1:1518439657]"	"https://avatars.steamstatic.com/c0015ef0ff92e2d691200b9812ef623df75db3e9_full.jpg"	"2026-09-05T21:29:23.555753+00:00"
"[U:1:1230856882]"	"https://avatars.steamstatic.com/b06db26b73c9c9a540c025a1289e3190b4118fba_full.jpg"	"2026-09-05T21:29:23.555753+00:00"
"[U:1:1162412770]"	"https://avatars.steamstatic.com/280933229124a4d20a5487e4faa3a7372f1809ec_full.jpg"	"2026-09-05T21:29:23.555753+00:00"
"[U:1:1430087467]"	"https://avatars.steamstatic.com/55ac4882f991181cbc1ba19c369261fe2b2594b7_full.jpg"	"2026-09-05T21:29:23.555753+00:00"
"[U:1:890773632]"	"https://avatars.steamstatic.com/931df20b25b50de2c3090c5c31e9471a768add1b_full.jpg"	"2026-09-05T21:29:23.555753+00:00"
"[U:1:261767008]"	"https://avatars.steamstatic.com/3f47c3634c822270cbccf23f4cb4fcf2272e23d1_full.jpg"	"2026-09-05T21:29:23.555753+00:00"
"[U:1:904485388]"	"https://avatars.steamstatic.com/dfad2d32fd8db0d45765f2677c95a57a520da0ba_full.jpg"	"2026-09-05T21:29:23.555753+00:00"
"[U:1:1136381032]"	"https://avatars.steamstatic.com/09f36f518900ff759550aa18548883bb74ff164c_full.jpg"	"2026-09-05T21:29:23.555753+00:00"
"[U:1:24059916]"	"https://avatars.steamstatic.com/2158a68090be7b64dcb7fe7d6e2c63a7a7808c23_full.jpg"	"2026-09-05T21:29:23.555753+00:00"
"[U:1:1571199928]"	"https://avatars.steamstatic.com/ac9f7cb060d1e416525da6623b5b090c1327f7a1_full.jpg"	"2026-09-05T21:29:23.555753+00:00"
"[U:1:65341048]"	"https://avatars.steamstatic.com/c5b8625e9bc011fcfa99a3beb491205627952db5_full.jpg"	"2026-09-05T21:29:23.555753+00:00"
"[U:1:1722107203]"	"https://avatars.steamstatic.com/25aea2fb56b5f2e430eca0bbd638c034cf5a895c_full.jpg"	"2026-09-05T21:29:23.555753+00:00"
"[U:1:47832535]"	"https://avatars.steamstatic.com/0da3a58d7c862c30a43e6d5c3d0223aeb4db00b3_full.jpg"	"2026-09-05T21:29:23.555753+00:00"
"[U:1:1430231574]"	"https://avatars.steamstatic.com/ec58a3e36429153651b12c9c79fca1a5a8f89682_full.jpg"	"2026-09-05T21:29:23.555753+00:00"
"[U:1:395457107]"	"https://avatars.steamstatic.com/149cc2c442834e11dad34ad346e671919c35b7af_full.jpg"	"2026-09-05T21:29:23.555753+00:00"
"[U:1:161554314]"	"https://avatars.steamstatic.com/4574a26b9c0202693af2b636702b8256cb15c08f_full.jpg"	"2026-09-05T21:29:23.555753+00:00"
"[U:1:725927823]"	"https://avatars.steamstatic.com/68c3158155a2e1af971274f8c2c5475f9168e914_full.jpg"	"2026-09-05T21:29:23.555753+00:00"
"[U:1:232253621]"	"https://avatars.steamstatic.com/89fe8ef363553ff5ad41fbde85f179e74d9caf36_full.jpg"	"2026-09-05T21:29:23.555753+00:00"
"[U:1:373793478]"	"https://avatars.steamstatic.com/9ed36beb5d09f2eafba210f988322cf050f1eb08_full.jpg"	"2026-09-05T21:29:23.555753+00:00"
"[U:1:107519860]"	"https://avatars.steamstatic.com/b59ba261e17a0a1f5f6a23dcef84dcd31f1dbfba_full.jpg"	"2026-09-05T21:29:23.555753+00:00"
"[U:1:871657686]"	"https://avatars.steamstatic.com/84b17552d8cdc85aadc52b11bdce7f947773f230_full.jpg"	"2026-09-05T21:29:23.555753+00:00"
"[U:1:869426200]"	"https://avatars.steamstatic.com/b0127377a324ca7aee037d02ceaeee51631cca92_full.jpg"	"2026-09-05T21:29:23.555753+00:00"
"[U:1:113844544]"	"https://avatars.steamstatic.com/b701130e0cc196b1d2d68044b97b6efa9d3539c0_full.jpg"	"2026-09-05T21:29:23.555753+00:00"
"[U:1:792495918]"	"https://avatars.steamstatic.com/4f2eb9c772cac5c0c0a6013a31c0db5caa8b5284_full.jpg"	"2026-09-05T21:29:23.555753+00:00"
"[U:1:1548592891]"	"https://avatars.steamstatic.com/ebebbe6a273b5ade500efe513ebf718b57960ade_full.jpg"	"2026-09-05T21:29:23.555753+00:00"
"[U:1:858015143]"	"https://avatars.steamstatic.com/8ba3d2aeaf04694f4a77fa1d264c8b0c56e4fd38_full.jpg"	"2026-09-05T21:29:23.555753+00:00"
"[U:1:1385937373]"	"https://avatars.steamstatic.com/cfaf6917f47ca6122396f46e485a79a090f29fa0_full.jpg"	"2026-09-05T21:29:23.555753+00:00"
"[U:1:173442570]"	"https://avatars.steamstatic.com/b04e65db1dca006dc5bdd74599b49ed7d3038eb6_full.jpg"	"2026-09-05T21:29:23.555753+00:00"
"[U:1:376745877]"	"https://avatars.steamstatic.com/b01f141c459cd5ae5248d774d69bfefc7f14aba8_full.jpg"	"2026-09-05T21:29:23.555753+00:00"
"[U:1:1037848891]"	"https://avatars.steamstatic.com/428a3b582063d966080d6a39b1cbd05faa523c7c_full.jpg"	"2026-09-05T21:29:23.555753+00:00"
"[U:1:870574774]"	"https://avatars.steamstatic.com/a94cc546fb470c401dd9fb4e52ef6e273c646ee2_full.jpg"	"2026-09-05T21:29:23.555753+00:00"
"[U:1:1245761092]"	"https://avatars.steamstatic.com/fc0c2f23e4a1ca14bbbeb4f3d6abe038d04e34b2_full.jpg"	"2026-09-05T21:29:23.555753+00:00"
"[U:1:210442469]"	"https://avatars.steamstatic.com/08a3f010ca5056f46fe28143bd39e37a9da4fad5_full.jpg"	"2026-09-05T21:29:23.555753+00:00"
"[U:1:242158537]"	"https://avatars.steamstatic.com/ee55edf8506f9afb75d07d67d9602d5c45c72a71_full.jpg"	"2026-09-05T21:29:23.555753+00:00"
"[U:1:1018986369]"	"https://avatars.steamstatic.com/0b142c3c17b6cc268fa710a1c412bf88064e535b_full.jpg"	"2026-09-05T21:29:23.555753+00:00"
"[U:1:31527965]"	"https://avatars.steamstatic.com/e8e3e0c51c283a17ea321d1591d6cd0d93d0e39e_full.jpg"	"2026-09-05T21:29:23.555753+00:00"
"[U:1:1898649790]"	"https://avatars.steamstatic.com/9b75cb8641bec11676f66f3d8eb4995ddec08908_full.jpg"	"2026-09-05T21:29:23.555753+00:00"
"[U:1:791485315]"	"https://avatars.steamstatic.com/698c9305401b0e992844360a5cc2843214e32556_full.jpg"	"2026-09-05T21:29:23.555753+00:00"
"[U:1:50595589]"	"https://avatars.steamstatic.com/a10670541a0a7ccd4104c564e94cccd7fa86d073_full.jpg"	"2026-09-05T21:29:23.555753+00:00"
"[U:1:1582009676]"	"https://avatars.steamstatic.com/330f5a6c43b53a0b7259db5819cd17767c9f470e_full.jpg"	"2026-09-05T21:29:23.555753+00:00"
"[U:1:1435419442]"	"https://avatars.steamstatic.com/9b70d5b67bf67d9c8e09fd499b84403fa5d49cf8_full.jpg"	"2026-09-05T21:29:23.555753+00:00"
"[U:1:231456445]"	"https://avatars.steamstatic.com/31bff109ef07d1ef105ef4a6081f5fe82a3715a6_full.jpg"	"2026-09-05T21:29:23.555753+00:00"
"[U:1:162217616]"	"https://avatars.steamstatic.com/287478b77e247ff58adeb2ae21a95bf590fc1818_full.jpg"	"2026-09-05T21:29:23.555753+00:00"
"[U:1:1171657657]"	"https://avatars.steamstatic.com/afe30f131bf729de7edb66c65517b58ebde223a4_full.jpg"	"2026-09-05T21:29:23.555753+00:00"
"[U:1:1131303320]"	"https://avatars.steamstatic.com/3968104f2133d94d57773bdd874be2e5efa71160_full.jpg"	"2026-09-05T21:29:23.555753+00:00"
"[U:1:86860599]"	"https://avatars.steamstatic.com/8c129015e5c8c4ece2c7423243cf23bacd4fb858_full.jpg"	"2026-09-05T21:29:23.555753+00:00"
"[U:1:1112305976]"	"https://avatars.steamstatic.com/4badfb772920d1d008eb50763e0b3d041bbe522e_full.jpg"	"2026-09-05T21:29:23.555753+00:00"
"[U:1:36706824]"	"https://avatars.steamstatic.com/17222f778630ba741db2269f51c95a47275e4691_full.jpg"	"2026-09-05T21:29:23.555753+00:00"
"[U:1:1232317202]"	"https://avatars.steamstatic.com/fef49e7fa7e1997310d705b2a6158ff8dc1cdfeb_full.jpg"	"2026-09-05T21:29:23.555753+00:00"
"[U:1:11893911]"	"https://avatars.steamstatic.com/dd706f1ae1b93b1e159228ff4c7685ca6698a214_full.jpg"	"2026-09-05T21:29:23.555753+00:00"
"[U:1:232247091]"	"https://avatars.steamstatic.com/a4e9db9c925fcff0587fb471ebc13207e50ea00c_full.jpg"	"2026-09-05T21:29:23.555753+00:00"
"[U:1:868462455]"	"https://avatars.steamstatic.com/2e43244e1f496caa86fab51a40bcefca2b2b4c1f_full.jpg"	"2026-09-05T21:29:23.555753+00:00"
"[U:1:231591011]"	"https://avatars.steamstatic.com/eaf99225979a4b114a52bbed08c425d6c372805d_full.jpg"	"2026-09-05T21:29:23.555753+00:00"
"[U:1:1138764839]"	"https://avatars.steamstatic.com/f2199cce4e78d6ca589019a6cbbf0ea9cd2f1b0e_full.jpg"	"2026-09-05T21:29:23.555753+00:00"
"[U:1:1899443530]"	"https://avatars.steamstatic.com/ae1942783b8c7767300bf3b3ba4f92b39c0a7b7a_full.jpg"	"2026-09-05T21:29:23.555753+00:00"
"[U:1:1901580594]"	"https://avatars.steamstatic.com/883128abd11a0e9fe0f5ba21fc7f65b48c97c9c2_full.jpg"	"2026-09-05T21:29:23.555753+00:00"
"[U:1:1550567066]"	"https://avatars.steamstatic.com/9c328159af9d4e90c31fe9c3185142df6e7802fe_full.jpg"	"2026-09-05T21:29:23.555753+00:00"
"[U:1:1052902480]"	"https://avatars.steamstatic.com/8bbc6c7d25ab9da4998a3575ef44c60a836d2796_full.jpg"	"2026-09-05T21:29:23.555753+00:00"
"[U:1:273186996]"	"https://avatars.steamstatic.com/5e1a73eb95864c9a7dda00970a704ee5293b25ef_full.jpg"	"2026-09-05T21:29:23.555753+00:00"
"[U:1:1162590552]"	"https://avatars.steamstatic.com/8cb5f457fe46b6dfa6ad8e9fcae23d15ff77afc0_full.jpg"	"2026-09-05T21:29:23.555753+00:00"
"[U:1:158053680]"	"https://avatars.steamstatic.com/f5872162f8be7097193f5b47c2dd36e5e0077b7b_full.jpg"	"2026-09-05T21:29:23.555753+00:00"
"[U:1:118848791]"	"https://avatars.steamstatic.com/f4e7432889c3773c1f585f0f5ccf488fec760a5b_full.jpg"	"2026-09-05T21:29:23.555753+00:00"
"[U:1:1904488925]"	"https://avatars.steamstatic.com/3f3f3d4265c476cd56523ed2b40e702fa1a6d1a0_full.jpg"	"2026-09-05T21:29:23.555753+00:00"
"[U:1:276421464]"	"https://avatars.steamstatic.com/0f9b35fdff299e0501a2ab19740f98cc3b16f040_full.jpg"	"2026-09-05T21:29:23.555753+00:00"
"[U:1:1216134734]"	"https://avatars.steamstatic.com/e9d2df2eca77bc4b5431dcd6c10e180ebcb508a2_full.jpg"	"2026-09-05T21:29:23.555753+00:00"
"[U:1:1527174003]"	"https://avatars.steamstatic.com/217e6d0536e365a75ac6b9c49a25ceec1e144bc2_full.jpg"	"2026-09-05T21:29:23.555753+00:00"
"[U:1:745434268]"	"https://avatars.steamstatic.com/22e5e4caa14b5ad2bb55130ebeae64d95e66bf78_full.jpg"	"2026-09-05T21:29:23.555753+00:00"
"[U:1:274318160]"	"https://avatars.steamstatic.com/94767cced0ac9a99ef547eef90f2c89e0dc44fa9_full.jpg"	"2026-09-05T21:29:23.555753+00:00"
"[U:1:1549467227]"	"https://avatars.steamstatic.com/39af036d9df3cb156fc27b6df34c486d840365c4_full.jpg"	"2026-09-05T21:29:23.555753+00:00"
"[U:1:50076258]"	"https://avatars.steamstatic.com/ce5820f5d451cdd154d6e9e7d8a869cad2277f50_full.jpg"	"2026-09-05T21:29:23.555753+00:00"
"[U:1:1022009884]"	"https://avatars.steamstatic.com/8d58accb78b8d0dfeb07dd84fc8d785628cf90bc_full.jpg"	"2026-09-05T21:29:23.555753+00:00"
"[U:1:116072376]"	"https://avatars.steamstatic.com/91364c4160ce487607abe50f2e7e45c8f804e207_full.jpg"	"2026-09-05T21:29:23.555753+00:00"
"[U:1:1904606437]"	"https://avatars.steamstatic.com/92aed9e4b905f9ed274a5c79de53db929cf511d8_full.jpg"	"2026-09-05T21:29:23.555753+00:00"
"[U:1:86700778]"	"https://avatars.steamstatic.com/e643c812feece27c17ad274ee113b3c2efb3d202_full.jpg"	"2026-09-05T21:29:23.555753+00:00"
"[U:1:1900779449]"	"https://avatars.steamstatic.com/fef49e7fa7e1997310d705b2a6158ff8dc1cdfeb_full.jpg"	"2026-09-05T21:29:23.555753+00:00"
"[U:1:1060841333]"	"https://avatars.steamstatic.com/8cdc437bd64d28abf7aad6dc4d77b2f717da5d49_full.jpg"	"2026-09-05T21:29:23.555753+00:00"
"[U:1:74595670]"	"https://avatars.steamstatic.com/4a4f9d132ab92bf6f874ecabd9961c0dc11be4f2_full.jpg"	"2026-09-05T21:29:23.555753+00:00"
"[U:1:1072063790]"	"https://avatars.steamstatic.com/3876fa573069da2fe8a70dfbacf21b66a220fccd_full.jpg"	"2026-09-05T21:29:23.555753+00:00"
"[U:1:119056186]"	"https://avatars.steamstatic.com/67e7c8a2197b2225d021bf4bdd5a4e96f10e13f2_full.jpg"	"2026-09-05T21:29:23.555753+00:00"
"[U:1:1009343022]"	"https://avatars.steamstatic.com/36b6b9bbe57eb24f0be6161baa7601a7dd576916_full.jpg"	"2026-09-05T21:29:23.555753+00:00"
"[U:1:190402666]"	"https://avatars.steamstatic.com/a2e56b6dd4bf9b64162059d1f80300abb3c2a1c6_full.jpg"	"2026-09-05T21:29:23.555753+00:00"
"[U:1:795509132]"	"https://avatars.steamstatic.com/d93a713336b8c0b491d7b60417878783226490c3_full.jpg"	"2026-09-05T21:29:23.555753+00:00"
"[U:1:1333364277]"	"https://avatars.steamstatic.com/e9383047b0becc1def4958b7b2e73108e3c5d51e_full.jpg"	"2026-09-05T21:29:23.555753+00:00"
"[U:1:4805]"	"https://avatars.steamstatic.com/af26ba9f547f87fa83fe511176aa25d904fdf0ae_full.jpg"	"2026-09-05T21:29:23.555753+00:00"
"[U:1:1578667801]"	"https://avatars.steamstatic.com/90f353fde8dedc38e5419c89a8ea97f523abf36a_full.jpg"	"2026-09-05T21:29:23.555753+00:00"
"[U:1:1583030985]"	"https://avatars.steamstatic.com/70e2710aa3ad73ec3942aad45cd694103a8800ca_full.jpg"	"2026-09-05T21:29:23.555753+00:00"
"[U:1:317887870]"	"https://avatars.steamstatic.com/59ad422778a95362762a3466b6a862fd8c01b19b_full.jpg"	"2026-09-05T21:29:23.555753+00:00"
"[U:1:1895912892]"	"https://avatars.steamstatic.com/da3392d6e3d59b5a1602e51d60a4047a3e294bbf_full.jpg"	"2026-09-05T21:29:23.555753+00:00"
"[U:1:862817948]"	"https://avatars.steamstatic.com/37751a46c5ba31cd0b63ac298fc15515551f4c90_full.jpg"	"2026-09-05T21:29:23.555753+00:00"
"[U:1:316837492]"	"https://avatars.steamstatic.com/ede30dc0987a894132565a1defd795efc3149fb7_full.jpg"	"2026-09-05T21:29:23.555753+00:00"
"[U:1:108844013]"	"https://avatars.steamstatic.com/29f3e9f7dbdbee2555b730a63439fce7714e104d_full.jpg"	"2026-09-05T21:29:23.555753+00:00"
"[U:1:868370029]"	"https://avatars.steamstatic.com/54155842ebeb3f4b79bd84908aaed99452378fe4_full.jpg"	"2026-09-05T21:29:23.555753+00:00"
"[U:1:1285726594]"	"https://avatars.steamstatic.com/34a024c7fc05053a19d16179624104f518c3b509_full.jpg"	"2026-09-05T21:29:23.555753+00:00"
"[U:1:184855054]"	"https://avatars.steamstatic.com/d11bab705f8b75809c9d8c15d1edcc558644c502_full.jpg"	"2026-09-05T21:29:23.555753+00:00"
"[U:1:1437602306]"	"https://avatars.steamstatic.com/c092f91e27dad2c82a58985e1d6b6087e2b92588_full.jpg"	"2026-09-05T21:29:23.555753+00:00"
"[U:1:241981223]"	"https://avatars.steamstatic.com/c110fd9fdea2504d7c3009b49b6719297663f08d_full.jpg"	"2026-09-05T21:29:23.555753+00:00"
"[U:1:315512390]"	"https://avatars.steamstatic.com/a3c18da4d0c55b2a2c6764185fb8df49dd557586_full.jpg"	"2026-09-05T21:29:23.555753+00:00"
"[U:1:373104376]"	"https://avatars.steamstatic.com/803a5b3416be96759ae20b6aae0f7d506c50bcfd_full.jpg"	"2026-09-05T21:29:23.555753+00:00"
"[U:1:37682505]"	"https://avatars.steamstatic.com/7758110ff641d4cf4ba416fd699cba9c1ea532a6_full.jpg"	"2026-09-05T21:29:23.555753+00:00"
"[U:1:1623710521]"	"https://avatars.steamstatic.com/83a7cc606960f501e9517f295a52ac087b77bce6_full.jpg"	"2026-09-05T21:29:23.555753+00:00"
"[U:1:5077091]"	"https://avatars.steamstatic.com/4547c062b012f8f59bb7cf13b2da42af8bf4c968_full.jpg"	"2026-09-05T21:29:23.555753+00:00"
"[U:1:1035562600]"	"https://avatars.steamstatic.com/314e207d7c15cd14ca2d3ca5be3a6648bb396a5c_full.jpg"	"2026-09-05T21:29:23.555753+00:00"
"[U:1:105645638]"	"https://avatars.steamstatic.com/51015940fabea97d4c584d858f65bdef992d8e6e_full.jpg"	"2026-09-05T21:29:23.555753+00:00"
"[U:1:1435390096]"	"https://avatars.steamstatic.com/0e96fd1da4c91017a7c1de980d6361b139e6831d_full.jpg"	"2026-09-05T21:29:23.555753+00:00"
"[U:1:1528191410]"	"https://avatars.steamstatic.com/693e35a66c415255873e80d4259fd653552beefa_full.jpg"	"2026-09-05T21:29:23.555753+00:00"
"[U:1:1902783372]"	"https://avatars.steamstatic.com/4b8ddf5e63556fa9228cea286eddb5bdf1570771_full.jpg"	"2026-09-05T21:29:23.555753+00:00"
"[U:1:317983980]"	"https://avatars.steamstatic.com/c2c26233d28860a9ff4686eafe37f7f7d593850b_full.jpg"	"2026-09-05T21:29:23.555753+00:00"
"[U:1:374556148]"	"https://avatars.steamstatic.com/9ea166f54e069e5bb753ab60d1d0880a888f3ca9_full.jpg"	"2026-09-05T21:29:23.555753+00:00"
"[U:1:479056281]"	"https://avatars.steamstatic.com/ae626983d8f687cc0c5c6ee50424ced095f059c2_full.jpg"	"2026-09-05T21:29:23.555753+00:00"
"[U:1:1044661460]"	"https://avatars.steamstatic.com/f8574a5ee73771ae9740284d85811bd8cf750636_full.jpg"	"2026-09-05T21:29:23.555753+00:00"
"[U:1:743197098]"	"https://avatars.steamstatic.com/6718e0dffeb524f45be11fa0181fa693b1d13ec2_full.jpg"	"2026-09-05T21:29:23.555753+00:00"
"[U:1:158193933]"	"https://avatars.steamstatic.com/7156b253c8125a07e9812c5fc73d5ccec93d0289_full.jpg"	"2026-09-05T21:29:23.555753+00:00"
"[U:1:181072956]"	"https://avatars.steamstatic.com/6f8446900a54c2766f0eecbd351ca67b90806004_full.jpg"	"2026-09-05T21:29:23.555753+00:00"
"[U:1:1330331480]"	"https://avatars.steamstatic.com/1ba0bdaa7c392215bdf8c191da60a0afd92d42ef_full.jpg"	"2026-09-05T21:29:23.555753+00:00"
"[U:1:373567079]"	"https://avatars.steamstatic.com/49ce516d8531a304c3c948ee41303d46f90ac8bf_full.jpg"	"2026-09-05T21:29:23.555753+00:00"
"[U:1:314527268]"	"https://avatars.steamstatic.com/d5f1f826a2a23bcf139375b09a1996925ab7c6e7_full.jpg"	"2026-09-05T21:29:23.555753+00:00"
"[U:1:366818653]"	"https://avatars.steamstatic.com/eaa86b6e1f7aab3d9bbc6bf12b152fe02d6e8ab9_full.jpg"	"2026-09-05T21:29:23.555753+00:00"
"[U:1:746691415]"	"https://avatars.steamstatic.com/46de14cc99256fe907c6bee9fabe0a225ea50fc6_full.jpg"	"2026-09-05T21:29:23.555753+00:00"
"[U:1:323868576]"	"https://avatars.steamstatic.com/7f8098040d436ac7ea422b94701f6de1a4166d44_full.jpg"	"2026-09-05T21:29:23.555753+00:00"
"[U:1:879918496]"	"https://avatars.steamstatic.com/4ec4681b46a2b801c7c4193932dddb513893d28b_full.jpg"	"2026-09-05T21:29:23.555753+00:00"
"[U:1:1267142274]"	"https://avatars.steamstatic.com/0138ed06c50b2b93cb6b2a7e43d3d682a1475286_full.jpg"	"2026-09-05T21:29:23.555753+00:00"
"[U:1:281403160]"	"https://avatars.steamstatic.com/73b90a771847c0d5d1ff0f8e11c9f530e7798d5b_full.jpg"	"2026-09-05T21:29:23.555753+00:00"
"[U:1:28171988]"	"https://avatars.steamstatic.com/f454db93b88fc64fec609bbbd5963f950b81ffb5_full.jpg"	"2026-09-05T21:29:23.555753+00:00"
"[U:1:38347060]"	"https://avatars.steamstatic.com/7e3c4bacdf60eae970d88d0ffa06abe15adca886_full.jpg"	"2026-09-05T21:29:23.555753+00:00"
"[U:1:875556381]"	"https://avatars.steamstatic.com/a67baa0498fbb2ace920ef232b3e274b4162e50c_full.jpg"	"2026-09-05T21:29:23.555753+00:00"
"[U:1:7491678]"	"https://avatars.steamstatic.com/acf67207768cdc5be5f09aca6a9f7830bf27d6f7_full.jpg"	"2026-09-05T21:29:23.555753+00:00"
"[U:1:178034081]"	"https://avatars.steamstatic.com/386d01f2dee6230ad1c5e2a6ea369ac443df5edb_full.jpg"	"2026-09-05T21:29:23.555753+00:00"
"[U:1:145092476]"	"https://avatars.steamstatic.com/713fd1c41b90283da3917cbd7636443e84e54e92_full.jpg"	"2026-09-05T21:29:23.555753+00:00"
"[U:1:1782466691]"	"https://avatars.steamstatic.com/730a4f068ebb7dc04a69110dd20e7de618479ec1_full.jpg"	"2026-09-05T21:29:23.555753+00:00"
"[U:1:279428916]"	"https://avatars.steamstatic.com/f0b1b492303d64df1938baeaa091a0087d48233a_full.jpg"	"2026-09-05T21:29:23.555753+00:00"
"[U:1:800224982]"	"https://avatars.steamstatic.com/c39e33d5d9d296db39b772239147822b9868295f_full.jpg"	"2026-09-05T21:29:23.555753+00:00"
"[U:1:324759156]"	"https://avatars.steamstatic.com/72a198a100ff77ee89ce46faad72b5806372819e_full.jpg"	"2026-09-05T21:29:23.555753+00:00"
"[U:1:881574727]"	"https://avatars.steamstatic.com/2f90641fede983a487d8be11bd30b32fa554aa70_full.jpg"	"2026-09-05T21:29:23.555753+00:00"
"[U:1:158644486]"	"https://avatars.steamstatic.com/9a48cae9464aff9569343ecd8f49f333e74ef276_full.jpg"	"2026-09-05T21:29:23.555753+00:00"
"[U:1:322647234]"	"https://avatars.steamstatic.com/6c9a82d96c8bdefd7b6bd6cfbe689c64ef9fc926_full.jpg"	"2026-09-05T21:29:23.555753+00:00"
"[U:1:1112814502]"	"https://avatars.steamstatic.com/14767b83038c98e28731fd6ce54f2d1031a683f8_full.jpg"	"2026-09-05T21:29:23.555753+00:00"
"[U:1:1019866766]"	"https://avatars.steamstatic.com/be4c8d95778b079888d90dc3d47617bd27cdb3d9_full.jpg"	"2026-09-05T21:29:23.555753+00:00"
"[U:1:880174494]"	"https://avatars.steamstatic.com/c1b19f109f77ba9c4981c40f81f661486e35b7da_full.jpg"	"2026-09-05T21:29:23.555753+00:00"
"[U:1:1065570379]"	"https://avatars.steamstatic.com/2da4242378b0528893a86b3aef1d2801833454af_full.jpg"	"2026-09-05T21:29:23.555753+00:00"
"[U:1:379436446]"	"https://avatars.steamstatic.com/56cdb78bed4c69a8a905a12aaef3c8a12c9590ff_full.jpg"	"2026-09-05T21:29:23.555753+00:00"
"[U:1:100465350]"	"https://avatars.steamstatic.com/25c896f2968a7ced732c0a73c08cd384546c3545_full.jpg"	"2026-09-05T21:29:23.555753+00:00"
"[U:1:32394315]"	"https://avatars.steamstatic.com/e533d0638771f191b4cebeeb7c30816ae3e49c80_full.jpg"	"2026-09-05T21:29:23.555753+00:00"
"[U:1:321858284]"	"https://avatars.steamstatic.com/1bcf70a4bf2cee925a501d926980679ac048e49b_full.jpg"	"2026-09-05T21:29:23.555753+00:00"
"[U:1:319452806]"	"https://avatars.steamstatic.com/87c261bc55a58e4d2ea88af1d61374013e5ae9c5_full.jpg"	"2026-09-05T21:29:23.555753+00:00"
"[U:1:1587330689]"	"https://avatars.steamstatic.com/0df3b836898918cd21b5a5ea74d3f94e517449cf_full.jpg"	"2026-09-05T21:29:23.555753+00:00"
"[U:1:181675507]"	"https://avatars.steamstatic.com/1ed70b8e4614841f4c2a7bee3204f5a6717e4f21_full.jpg"	"2026-09-05T21:29:23.555753+00:00"
"[U:1:52410418]"	"https://avatars.steamstatic.com/995fada77990cfd02255936f7b131fea283226e7_full.jpg"	"2026-09-05T21:29:23.555753+00:00"
"[U:1:1584147715]"	"https://avatars.steamstatic.com/d9b97be41003230b0ac636ccea6d0573b37e46d6_full.jpg"	"2026-09-05T21:29:23.555753+00:00"
"[U:1:1065268766]"	"https://avatars.steamstatic.com/ae3b475531d3d31151b5b0c6484cbf6af466e874_full.jpg"	"2026-09-05T21:29:23.555753+00:00"
"[U:1:884108743]"	"https://avatars.steamstatic.com/a8380b7f0ce2b3d96e4ccf69e550ba9867f8f411_full.jpg"	"2026-09-05T21:29:23.555753+00:00"
"[U:1:38052799]"	"https://avatars.steamstatic.com/d5ff90ae073ba5e89555debf1f6db98c589e0371_full.jpg"	"2026-09-05T21:29:23.555753+00:00"
"[U:1:1192945314]"	"https://avatars.steamstatic.com/80788ac248b0584936ce93b5a9f84c5beb938677_full.jpg"	"2026-09-05T21:29:23.555753+00:00"
"[U:1:1291180429]"	"https://avatars.steamstatic.com/2e31964f8df4d89c77660edd2b55ad297a9194ea_full.jpg"	"2026-09-05T21:29:23.555753+00:00"
"[U:1:1219198794]"	"https://avatars.steamstatic.com/fef49e7fa7e1997310d705b2a6158ff8dc1cdfeb_full.jpg"	"2026-09-05T21:29:23.555753+00:00"
"[U:1:1265500205]"	"https://avatars.steamstatic.com/e5c2a604dd0dcb5bb598442a73d82058adce4754_full.jpg"	"2026-09-05T21:29:23.555753+00:00"
"[U:1:139920431]"	"https://avatars.steamstatic.com/d70d74a2f37a4f2f3846348f3481726e9bae21e6_full.jpg"	"2026-09-05T21:29:23.555753+00:00"
"[U:1:1444845715]"	"https://avatars.steamstatic.com/bc05f445fd133fc9e4e1648e0d0d2e7aa280e2fd_full.jpg"	"2026-09-05T21:29:23.555753+00:00"
"[U:1:1022128028]"	"https://avatars.steamstatic.com/48f287ff1d3bfafa889e627e69af2364cea8ce45_full.jpg"	"2026-09-05T21:29:23.555753+00:00"
"[U:1:883626340]"	"https://avatars.steamstatic.com/2c2dd533e6d3807f85bb7d17c0a4b5a5efd2e519_full.jpg"	"2026-09-05T21:29:23.555753+00:00"
"[U:1:38396643]"	"https://avatars.steamstatic.com/9729ce84ed3a0c51925e7673eabe75005ed60fce_full.jpg"	"2026-09-05T21:29:23.555753+00:00"
"[U:1:130903150]"	"https://avatars.steamstatic.com/f96a2b505ffc28e98421348263cebc9c2165613d_full.jpg"	"2026-09-05T21:29:23.555753+00:00"
"[U:1:320033097]"	"https://avatars.steamstatic.com/59b387dcd5128b9a01b83eff795c408f2ceda2d1_full.jpg"	"2026-09-05T21:29:23.555753+00:00"
"[U:1:1854184924]"	"https://avatars.steamstatic.com/ede6513a88183479b3552f8d8de57a3494d1c1ba_full.jpg"	"2026-09-05T21:29:23.555753+00:00"
"[U:1:46989627]"	"https://avatars.steamstatic.com/8b029acaf7fe8a5bc4e18d991ea45ec965d509be_full.jpg"	"2026-09-05T21:29:23.555753+00:00"
"[U:1:88369986]"	"https://avatars.steamstatic.com/fc9c3e6789e54c3239d2f04dfb3eb6a3c519f944_full.jpg"	"2026-09-05T21:29:23.555753+00:00"
"[U:1:1112737661]"	"https://avatars.steamstatic.com/6e41e880448337af2dd7b7635561ceba05b5e853_full.jpg"	"2026-09-05T21:29:23.555753+00:00"
"[U:1:380921966]"	"https://avatars.steamstatic.com/3fd66d9fdfd5fe2c40c7d1bf41634dfa77b579cd_full.jpg"	"2026-09-05T21:29:23.555753+00:00"
"[U:1:172508899]"	"https://avatars.steamstatic.com/12fc1777be9026150b8153d19743795497cbf2b7_full.jpg"	"2026-09-05T21:29:23.555753+00:00"
"[U:1:1113026509]"	"https://avatars.steamstatic.com/f5ad3915ed12a8f7971e28201785ae05bf7d5a10_full.jpg"	"2026-09-05T21:29:23.555753+00:00"
"[U:1:524390]"	"https://avatars.steamstatic.com/fef49e7fa7e1997310d705b2a6158ff8dc1cdfeb_full.jpg"	"2026-09-05T21:29:23.555753+00:00"
"[U:1:874047549]"	"https://avatars.steamstatic.com/31d22f05fc2aa79048321e7b03459e403fb6749c_full.jpg"	"2026-09-05T21:29:23.555753+00:00"
"[U:1:1911227068]"	"https://avatars.steamstatic.com/fef49e7fa7e1997310d705b2a6158ff8dc1cdfeb_full.jpg"	"2026-09-05T21:29:23.555753+00:00"
"[U:1:323439882]"	"https://avatars.steamstatic.com/f61a1c2e9ee05236d6cbc89add14976eb05b6cd9_full.jpg"	"2026-09-05T21:29:23.555753+00:00"
"[U:1:321778729]"	"https://avatars.steamstatic.com/5aa2714cf807eb78c6f0aa257f0a966e578a881d_full.jpg"	"2026-09-05T21:29:23.555753+00:00"
"[U:1:51526675]"	"https://avatars.steamstatic.com/5a39ea3bc80f38f6e2c87aad0381262c509e7ce3_full.jpg"	"2026-09-05T21:29:23.555753+00:00"
"[U:1:87586695]"	"https://avatars.steamstatic.com/8ba467055583ccfdb99e48df3b638841c13ba0e5_full.jpg"	"2026-09-05T21:29:23.555753+00:00"
"[U:1:1630567918]"	"https://avatars.steamstatic.com/14d5ed9a8445b1966b0163e93fb044274bafdd12_full.jpg"	"2026-09-05T21:29:23.555753+00:00"
"[U:1:282318486]"	"https://avatars.steamstatic.com/bab9331fbf5f040f2d6092caa200110f5237d5db_full.jpg"	"2026-09-05T21:29:23.555753+00:00"
"[U:1:877260297]"	"https://avatars.steamstatic.com/63857b064480eb2571e362e2fef47f1de7f4814b_full.jpg"	"2026-09-05T21:29:23.555753+00:00"
"[U:1:1053037509]"	"https://avatars.steamstatic.com/f7e204df1653653042bc1278bedae076d4fffc7e_full.jpg"	"2026-09-05T21:29:23.555753+00:00"
"[U:1:10612720]"	"https://avatars.steamstatic.com/e19237bb4de1b1e8f2a32370690a9eea23f670a0_full.jpg"	"2026-09-05T21:29:23.555753+00:00"
"[U:1:876518783]"	"https://avatars.steamstatic.com/9cc5c77d13af4362f4442f6e826456a55432bff8_full.jpg"	"2026-09-05T21:29:23.555753+00:00"
"[U:1:52337740]"	"https://avatars.steamstatic.com/1aa3e6f79ce7d44222b85eb094e9cd87ef99c280_full.jpg"	"2026-09-05T21:29:23.555753+00:00"
"[U:1:1631037237]"	"https://avatars.steamstatic.com/8ac33d263567ddf161a944ac659fdcbd7d246342_full.jpg"	"2026-09-05T21:29:23.555753+00:00"
"[U:1:1191546884]"	"https://avatars.steamstatic.com/09c640be2bdd6dd9c092d7673b6d267098e500f8_full.jpg"	"2026-09-05T21:29:23.555753+00:00"
"[U:1:323494662]"	"https://avatars.steamstatic.com/06ae944e56fec14966797923ac8c6af8aa5c6e4c_full.jpg"	"2026-09-05T21:29:23.555753+00:00"
"[U:1:1628794892]"	"https://avatars.steamstatic.com/083024ca566e0e238d3baef368ba25b001160907_full.jpg"	"2026-09-05T21:29:23.555753+00:00"
"[U:1:131033385]"	"https://avatars.steamstatic.com/b0f5b4df073000cc491fe1d504320230aa55fe28_full.jpg"	"2026-09-05T21:29:23.555753+00:00"
"[U:1:145398832]"	"https://avatars.steamstatic.com/226d97b821d62311a4919aa5a20d772ec2bf2f42_full.jpg"	"2026-09-05T21:29:23.555753+00:00"
"[U:1:111357283]"	"https://avatars.steamstatic.com/fef49e7fa7e1997310d705b2a6158ff8dc1cdfeb_full.jpg"	"2026-09-05T21:29:23.555753+00:00"
"[U:1:321818034]"	"https://avatars.steamstatic.com/4d8bbc02322ee1d787cf1bc4f23017481350f655_full.jpg"	"2026-09-05T21:29:23.555753+00:00"
"[U:1:882153339]"	"https://avatars.steamstatic.com/d57b5d6d22715d64a96fbc640e6259378da832cc_full.jpg"	"2026-09-05T21:29:23.555753+00:00"
"[U:1:282608894]"	"https://avatars.steamstatic.com/e92475c89f671a5875a8ee408dbda213fd8f102c_full.jpg"	"2026-09-05T21:29:23.555753+00:00"
"[U:1:80141176]"	"https://avatars.steamstatic.com/babaad8e17a3ac76257cefddb0a349dd75d69049_full.jpg"	"2026-09-05T21:29:23.555753+00:00"
"[U:1:461647920]"	"https://avatars.steamstatic.com/b86e73e10064922406b68a34e72c2d44a4a9b938_full.jpg"	"2026-09-05T21:29:23.555753+00:00"
"[U:1:322951042]"	"https://avatars.steamstatic.com/66cf7b3c6bec3571e9e54472a5100baa7abc83f8_full.jpg"	"2026-09-05T21:29:23.555753+00:00"
"[U:1:470045382]"	"https://avatars.steamstatic.com/a4215dc9c250aef6c3b08d4dc09e9cd00af46047_full.jpg"	"2026-09-05T21:29:23.555753+00:00"
"[U:1:1585084631]"	"https://avatars.steamstatic.com/09b583fafb4b2a9321158d76d704406524ee7358_full.jpg"	"2026-09-05T21:29:23.555753+00:00"
"[U:1:1072198991]"	"https://avatars.steamstatic.com/5a8076df9a9cf38d84421ac457c26047ff40f374_full.jpg"	"2026-09-05T21:29:23.555753+00:00"
"[U:1:1055111226]"	"https://avatars.steamstatic.com/72ca1b643036dafc09fbd8c985ee9db152b39998_full.jpg"	"2026-09-05T21:29:23.555753+00:00"
"[U:1:323371070]"	"https://avatars.steamstatic.com/bb3ef3a7103423dbfe4947ad72c6a43a84b53fa9_full.jpg"	"2026-09-05T21:29:23.555753+00:00"
"[U:1:65959261]"	"https://avatars.steamstatic.com/0a99a5c14e904d2ff45b6a073e7b3ac1e7625336_full.jpg"	"2026-09-05T21:29:23.555753+00:00"
"[U:1:65074399]"	"https://avatars.steamstatic.com/235e6e10cd66af9a6c42020f8053cf3a32508522_full.jpg"	"2026-09-05T21:29:23.555753+00:00"
"[U:1:1909148548]"	"https://avatars.steamstatic.com/1d2565770b5296b090d7088b610f634aed689f80_full.jpg"	"2026-09-05T21:29:23.555753+00:00"
"[U:1:280079222]"	"https://avatars.steamstatic.com/36faff680a84f6c349e5c032893ba53aa574862e_full.jpg"	"2026-09-05T21:29:23.555753+00:00"
"[U:1:46985869]"	"https://avatars.steamstatic.com/bc10be6a669ed681ed521a250c31316affc14156_full.jpg"	"2026-09-05T21:29:23.555753+00:00"
"[U:1:1003828268]"	"https://avatars.steamstatic.com/a08ebe06dc0bf991bde1f11a6d5743116eb2c46f_full.jpg"	"2026-09-05T21:29:23.555753+00:00"
"[U:1:181887692]"	"https://avatars.steamstatic.com/9e6f352ab7ad90689f1bfa12fd4b05f77078560a_full.jpg"	"2026-09-05T21:29:23.555753+00:00"
"[U:1:1816533403]"	"https://avatars.steamstatic.com/8dc5a28c8e1783f4c96f5ecf14e060d0b6db6957_full.jpg"	"2026-09-05T21:29:23.555753+00:00"
"[U:1:123332740]"	"https://avatars.steamstatic.com/f247ec4b7c5c6e9947598aca4af347cd3bbe6624_full.jpg"	"2026-09-05T21:29:23.555753+00:00"
"[U:1:243793455]"	"https://avatars.steamstatic.com/625538f1c2107eb903e31705446dcca7aeef1427_full.jpg"	"2026-09-05T21:29:23.555753+00:00"
"[U:1:280478332]"	"https://avatars.steamstatic.com/3f6b6847793efc5a8fde38e69c376e01b5be57a6_full.jpg"	"2026-09-05T21:29:23.555753+00:00"
"[U:1:1139482388]"	"https://avatars.steamstatic.com/db7f03c18992ad822a52855ab99dce0d0ddbc355_full.jpg"	"2026-09-05T21:29:23.555753+00:00"
"[U:1:115377014]"	"https://avatars.steamstatic.com/ffbd24c15590ebcae30e30ddac0ef9500a7c878d_full.jpg"	"2026-09-05T21:29:23.555753+00:00"
"[U:1:124829275]"	"https://avatars.steamstatic.com/d8adcd7c03dd2f7e77636848bf457a984744874d_full.jpg"	"2026-09-05T21:29:23.555753+00:00"
"[U:1:385932708]"	"https://avatars.steamstatic.com/8f88d189fb7d7fbad1991828443138e12044645e_full.jpg"	"2026-09-05T21:29:23.555753+00:00"
"[U:1:878899564]"	"https://avatars.steamstatic.com/45ef736552e0d67b42a5bf30aa04e5b8dabcf071_full.jpg"	"2026-09-05T21:29:23.555753+00:00"
"[U:1:80791980]"	"https://avatars.steamstatic.com/bb6abc7dcce6be859d06d7e1c062cd2443cf0ba9_full.jpg"	"2026-09-05T21:29:23.555753+00:00"
"[U:1:80551817]"	"https://avatars.steamstatic.com/895ad75accc5eb9967f5e23242e47d5764a31e9d_full.jpg"	"2026-09-05T21:29:23.555753+00:00"
"[U:1:164514002]"	"https://avatars.steamstatic.com/b9794c757ef923af58e67677bfb7519ec2a3d89f_full.jpg"	"2026-09-05T21:29:23.555753+00:00"
"[U:1:895739120]"	"https://avatars.steamstatic.com/272aa9dca3aa57ebffbe9068e5f66fdb7bd90329_full.jpg"	"2026-09-05T21:29:23.555753+00:00"
"[U:1:483782553]"	"https://avatars.steamstatic.com/e20c2fe0bbb80a6f0f40dd68d20eda1be6082c98_full.jpg"	"2026-09-05T21:29:23.555753+00:00"
"[U:1:1058616255]"	"https://avatars.steamstatic.com/a4b96bdeef464ebae68787f6edc1c0b5f13ee15b_full.jpg"	"2026-09-05T21:29:23.555753+00:00"
"[U:1:140536849]"	"https://avatars.steamstatic.com/2b74e09135fa177c42678fbfdc36b70324965701_full.jpg"	"2026-09-05T21:29:23.555753+00:00"
"[U:1:471430612]"	"https://avatars.steamstatic.com/41821f1c6144c05daf6eca9178985951e674f668_full.jpg"	"2026-09-05T21:29:23.555753+00:00"
"[U:1:1114197546]"	"https://avatars.steamstatic.com/3bd03529b5bdb334a46ebb62be07f2a778bad9d1_full.jpg"	"2026-09-05T21:29:23.555753+00:00"
"[U:1:1174543776]"	"https://avatars.steamstatic.com/fe639691663abb66576bc5ed99ecff8c8296e8fe_full.jpg"	"2026-09-05T21:29:23.555753+00:00"
"[U:1:52861535]"	"https://avatars.steamstatic.com/7075c4e7227a477e8a39ceca15a54e811c9c4ada_full.jpg"	"2026-09-05T21:29:23.555753+00:00"
"[U:1:1234857423]"	"https://avatars.steamstatic.com/da3bb399b23a79746a2323bc75d689347352a132_full.jpg"	"2026-09-05T21:29:23.555753+00:00"
"[U:1:89278824]"	"https://avatars.steamstatic.com/7f88ce56cdca2c8180e201908adb33a4faa34575_full.jpg"	"2026-09-05T21:29:23.555753+00:00"
"[U:1:1916616927]"	"https://avatars.steamstatic.com/3111306017bfdc3f3013fb98410b7be5c2c703e7_full.jpg"	"2026-09-05T21:29:23.555753+00:00"
"[U:1:32927633]"	"https://avatars.steamstatic.com/8896fe2a855fbb58ff1950e505477baefe5744ca_full.jpg"	"2026-09-05T21:29:23.555753+00:00"
"[U:1:1128109558]"	"https://avatars.steamstatic.com/1ae9de09be3297c2fd3d115c6e3422045284ed64_full.jpg"	"2026-09-05T21:29:23.555753+00:00"
"[U:1:159044801]"	"https://avatars.steamstatic.com/e58ea935dd90207e701fb45e840f7f0bcf18125d_full.jpg"	"2026-09-05T21:29:23.555753+00:00"
"[U:1:1152686865]"	"https://avatars.steamstatic.com/46686932a786a511f20ce08561952f87cf66037b_full.jpg"	"2026-09-05T21:29:23.555753+00:00"
"[U:1:110774104]"	"https://avatars.steamstatic.com/7037ff5a5d1ad30825c9fb2a8a36e8654fc83bb4_full.jpg"	"2026-09-05T21:29:23.555753+00:00"
"[U:1:885495444]"	"https://avatars.steamstatic.com/3f1850a37ef71739f8cf843e66e6856ded551b80_full.jpg"	"2026-09-05T21:29:23.555753+00:00"
"[U:1:895744524]"	"https://avatars.steamstatic.com/6d1b43facbf1c67ef9813ee5c1f23e4094df39ed_full.jpg"	"2026-09-05T21:29:23.555753+00:00"
"[U:1:1269285566]"	"https://avatars.steamstatic.com/0aaf070dfeefb5a2796b2216b16090bcf0345f40_full.jpg"	"2026-09-05T21:29:23.555753+00:00"
"[U:1:32731872]"	"https://avatars.steamstatic.com/8fb1a3d1d0f6c575a927dcaa226c92bd261265dd_full.jpg"	"2026-09-05T21:29:23.555753+00:00"
"[U:1:285917976]"	"https://avatars.steamstatic.com/f01eefb128c91e27fd028125d79d1002f5d164fc_full.jpg"	"2026-09-05T21:29:23.555753+00:00"
"[U:1:394207785]"	"https://avatars.steamstatic.com/304a723a562a954ee58418fcd70389c9bfe8c400_full.jpg"	"2026-09-05T21:29:23.555753+00:00"
"[U:1:389810414]"	"https://avatars.steamstatic.com/95ce3c56aab4e01e44b9c332f0ee902b7c44ce7b_full.jpg"	"2026-09-05T21:29:23.555753+00:00"
"[U:1:391221077]"	"https://avatars.steamstatic.com/69fdb767cef7796d84d109036598e706bd9eb4a0_full.jpg"	"2026-09-05T21:29:23.555753+00:00"
"[U:1:80624033]"	"https://avatars.steamstatic.com/953818fabc370f247712dc038681ab849b8b7697_full.jpg"	"2026-09-05T21:29:23.555753+00:00"
"[U:1:114117449]"	"https://avatars.steamstatic.com/2e233be658536b1fd3ae6da106b96dcbe24eac5a_full.jpg"	"2026-09-05T21:29:23.555753+00:00"
"[U:1:89647858]"	"https://avatars.steamstatic.com/d73778ed256a3793185fa6ffb9bd36b25b115c90_full.jpg"	"2026-09-05T21:29:23.555753+00:00"
"[U:1:1640604541]"	"https://avatars.steamstatic.com/daa2f44a715590e84b2b14b9ffdfb39b7377a9e9_full.jpg"	"2026-09-05T21:29:23.555753+00:00"
"[U:1:218574347]"	"https://avatars.steamstatic.com/1cc70d16ab9e62e3edc069eb2c27f98eff6e6f84_full.jpg"	"2026-09-05T21:29:23.555753+00:00"
"[U:1:1466771221]"	"https://avatars.steamstatic.com/148ff422f2245ab66abfeabf3f7506861d6b703b_full.jpg"	"2026-09-05T21:29:23.555753+00:00"
"[U:1:804431530]"	"https://avatars.steamstatic.com/fef49e7fa7e1997310d705b2a6158ff8dc1cdfeb_full.jpg"	"2026-09-05T21:29:23.555753+00:00"
"[U:1:1521152890]"	"https://avatars.steamstatic.com/91ac73fff31b42ba3fd4d696988f239b7480d98e_full.jpg"	"2026-09-05T21:29:23.555753+00:00"
"[U:1:67802053]"	"https://avatars.steamstatic.com/d2840e54490333ff74fa4d08a48c0d8c2bc9c513_full.jpg"	"2026-09-05T21:29:23.555753+00:00"
"[U:1:757133138]"	"https://avatars.steamstatic.com/200b17510ff3568f05c9f4a71792a4014c0373c9_full.jpg"	"2026-09-05T21:29:23.555753+00:00"
"[U:1:245823091]"	"https://avatars.steamstatic.com/b409bea0e6b526122b3ec1f868201f0730100e63_full.jpg"	"2026-09-05T21:29:23.555753+00:00"
"[U:1:889820597]"	"https://avatars.steamstatic.com/21279590914dc78748797b59aa84634ee7db3cce_full.jpg"	"2026-09-05T21:29:23.555753+00:00"
"[U:1:892751307]"	"https://avatars.steamstatic.com/3560680492758c4ac1cdda57ca76114464a9ab4d_full.jpg"	"2026-09-05T21:29:23.555753+00:00"
"[U:1:102838717]"	"https://avatars.steamstatic.com/4d3cf8d5838b1d8707dc81f9bbc1123054701194_full.jpg"	"2026-09-05T21:29:23.555753+00:00"
"[U:1:75858117]"	"https://avatars.steamstatic.com/f1b7f324350c540a611f2137d4daad99a50a9970_full.jpg"	"2026-09-05T21:29:23.555753+00:00"
"[U:1:1027999877]"	"https://avatars.steamstatic.com/512613a5f6542ab423128a9973a57e170c89ada4_full.jpg"	"2026-09-05T21:29:23.555753+00:00"
"[U:1:452149828]"	"https://avatars.steamstatic.com/57bcb8225733e7fd857139fb4e4107cc804d39c8_full.jpg"	"2026-09-05T21:29:23.555753+00:00"
"[U:1:1822950113]"	"https://avatars.steamstatic.com/be57321a509a99b82dc66689d90773b68b4c11f2_full.jpg"	"2026-09-05T21:29:23.555753+00:00"
"[U:1:7571571]"	"https://avatars.steamstatic.com/3fd92c188d18c93ccceb159bd2cfce3a6af7dcc3_full.jpg"	"2026-09-05T21:29:23.555753+00:00"
"[U:1:80598580]"	"https://avatars.steamstatic.com/e9acdd3ff7124e1c27b65e2f7377fcc43c3024f0_full.jpg"	"2026-09-05T21:29:23.555753+00:00"
"[U:1:328600721]"	"https://avatars.steamstatic.com/5ccf0325e07ea2a701a695312103904b75137918_full.jpg"	"2026-09-05T21:29:23.555753+00:00"
"[U:1:3898226]"	"https://avatars.steamstatic.com/da35aacc4ca35573122a762daadeffc2d03bc5d2_full.jpg"	"2026-09-05T21:29:23.555753+00:00"
"[U:1:393916592]"	"https://avatars.steamstatic.com/84467c61aaa1a129fbf04a4fb29461c9ba810d69_full.jpg"	"2026-09-05T21:29:23.555753+00:00"
"[U:1:1235209645]"	"https://avatars.steamstatic.com/ac7b22d0de629ee3cf91d0c505fadfa55641d939_full.jpg"	"2026-09-05T21:29:23.555753+00:00"
"[U:1:115074332]"	"https://avatars.steamstatic.com/50040e23d0ed7a433b64b49a01bb47d27abc0774_full.jpg"	"2026-09-05T21:29:23.555753+00:00"
"[U:1:1920117203]"	"https://avatars.steamstatic.com/d0b6af43f5e89a7cf913080c7b54a0006e4e982f_full.jpg"	"2026-09-05T21:29:23.555753+00:00"
"[U:1:1066465835]"	"https://avatars.steamstatic.com/a1bebf0a2f694019307255416ab0a6b119214a74_full.jpg"	"2026-09-05T21:29:23.555753+00:00"
"[U:1:393256180]"	"https://avatars.steamstatic.com/b08f4cc6e108c06bda2bffc5c44c2833fac46461_full.jpg"	"2026-09-05T21:29:23.555753+00:00"
"[U:1:126870727]"	"https://avatars.steamstatic.com/50720078a8f136f9c5c113849f0e4ca7b94f8791_full.jpg"	"2026-09-05T21:29:23.555753+00:00"
"[U:1:104163923]"	"https://avatars.steamstatic.com/6889e542266ff1eca9c32d7f405a723a0e19f756_full.jpg"	"2026-09-05T21:29:23.555753+00:00"
"[U:1:1588539961]"	"https://avatars.steamstatic.com/8885a36c0d96840ae26e5b47d6965702a7a19741_full.jpg"	"2026-09-05T21:29:23.555753+00:00"
"[U:1:1132788074]"	"https://avatars.steamstatic.com/20adbd852dcce96ca6071589a1ea0ea8af9539d2_full.jpg"	"2026-09-05T21:29:23.555753+00:00"
"[U:1:75437602]"	"https://avatars.steamstatic.com/0f0e05a89fe7e21b5941697e0f2ffe5cdd20140e_full.jpg"	"2026-09-05T21:29:23.555753+00:00"
"[U:1:39561551]"	"https://avatars.steamstatic.com/69dd1d5f1bdc0b68ac87b23cf4aebf16f119b153_full.jpg"	"2026-09-05T21:29:23.555753+00:00"
"[U:1:103842509]"	"https://avatars.steamstatic.com/3020e61877dcdae7ea62a899bc53a45a6423a228_full.jpg"	"2026-09-05T21:29:23.555753+00:00"
"[U:1:10120697]"	"https://avatars.steamstatic.com/5707a730a976eeb3957a91654d413d913b9c93be_full.jpg"	"2026-09-05T21:29:23.555753+00:00"
"[U:1:164761720]"	"https://avatars.steamstatic.com/b38b3d08ce949da3008a2331e9486ea728208a40_full.jpg"	"2026-09-05T21:29:23.555753+00:00"
"[U:1:53105604]"	"https://avatars.steamstatic.com/9fffe46292cac9f98258734b09fc9b10d466cdef_full.jpg"	"2026-09-05T21:29:23.555753+00:00"
"[U:1:1405220640]"	"https://avatars.steamstatic.com/706234c7fc0de2af54b119ecae349a4d8a754f13_full.jpg"	"2026-09-05T21:29:23.555753+00:00"
"[U:1:145647067]"	"https://avatars.steamstatic.com/a1899689bb69eab5c53e1ffad10c236c78639c02_full.jpg"	"2026-09-05T21:29:23.555753+00:00"
"[U:1:163507640]"	"https://avatars.steamstatic.com/1572d6909675e3ec691b81f796a3c0e607231e76_full.jpg"	"2026-09-05T21:29:23.555753+00:00"
"[U:1:110344394]"	"https://avatars.steamstatic.com/fd112f31b52b2d56d7a871dbb1a517e72005f056_full.jpg"	"2026-09-05T21:29:23.555753+00:00"
"[U:1:105088712]"	"https://avatars.steamstatic.com/c5666330279f6b3a0d2099433df3d8852ab363c2_full.jpg"	"2026-09-05T21:29:23.555753+00:00"
"[U:1:32514514]"	"https://avatars.steamstatic.com/8962aa4877ed6bd282e86e4e397d7ccac613e4eb_full.jpg"	"2026-09-05T21:29:23.555753+00:00"
"[U:1:328039395]"	"https://avatars.steamstatic.com/8dd14cde75a9bf2289acef38be4b98abefdd97e8_full.jpg"	"2026-09-05T21:29:23.555753+00:00"
"[U:1:88626180]"	"https://avatars.steamstatic.com/4b063a238f0b032ad091cc5746badc68943fed9d_full.jpg"	"2026-09-05T21:29:23.555753+00:00"
"[U:1:47156206]"	"https://avatars.steamstatic.com/8d8ee2a88651de66b282d0a05cb964d8d3a56962_full.jpg"	"2026-09-05T21:29:23.555753+00:00"
"[U:1:1919657091]"	"https://avatars.steamstatic.com/3ad98ba65fd544e37c26c338e68a88b3c3f1dc93_full.jpg"	"2026-09-05T21:29:23.555753+00:00"
"[U:1:1017247186]"	"https://avatars.steamstatic.com/59042f5eb4af087e510fac44815a1f2fe1db6d54_full.jpg"	"2026-09-05T21:29:23.555753+00:00"
"[U:1:32513315]"	"https://avatars.steamstatic.com/6c19b938394141e4efabd70433e3c278805c9ed3_full.jpg"	"2026-09-05T21:29:23.555753+00:00"
"[U:1:32966296]"	"https://avatars.steamstatic.com/ea766c1dc027c108144bea0dd3adeaddb22b3408_full.jpg"	"2026-09-05T21:29:23.555753+00:00"
"[U:1:218552186]"	"https://avatars.steamstatic.com/7135459321e27fce29cd74b89b9571bc060f29d8_full.jpg"	"2026-09-05T21:29:23.555753+00:00"
"[U:1:1003429046]"	"https://avatars.steamstatic.com/eef4af7978d9b5aed6c785643c25816e927c7dac_full.jpg"	"2026-09-05T21:29:23.555753+00:00"
"[U:1:457143125]"	"https://avatars.steamstatic.com/879664c3a554665e4ffa086e0be69d8ad75696a7_full.jpg"	"2026-09-05T21:29:23.555753+00:00"
"[U:1:75612814]"	"https://avatars.steamstatic.com/38184e9f81b31c73ebe533b21107d380d2123e84_full.jpg"	"2026-09-05T21:29:23.555753+00:00"
"[U:1:81211787]"	"https://avatars.steamstatic.com/fef49e7fa7e1997310d705b2a6158ff8dc1cdfeb_full.jpg"	"2026-09-05T21:29:23.555753+00:00"
"[U:1:1720358629]"	"https://avatars.steamstatic.com/7c040b8d47f4e4620a10d22619f528ae43deca06_full.jpg"	"2026-09-05T21:29:23.555753+00:00"
"[U:1:1916523655]"	"https://avatars.steamstatic.com/0c91a4d2b26ee3e6ea13975e69c5cb4b897f4546_full.jpg"	"2026-09-05T21:29:23.555753+00:00"
"[U:1:330708721]"	"https://avatars.steamstatic.com/676db3eae3b87f0bc8835078b2cb1d0e6c705f84_full.jpg"	"2026-09-05T21:29:23.555753+00:00"
"[U:1:1587746137]"	"https://avatars.steamstatic.com/e46f8e5364197be1a0f4d8664bc4094a290bc170_full.jpg"	"2026-09-05T21:29:23.555753+00:00"
"[U:1:178584741]"	"https://avatars.steamstatic.com/a9b5cc9693f1a4e3c879ded21199ac4936b6b3ba_full.jpg"	"2026-09-05T21:29:23.555753+00:00"
"[U:1:1920397743]"	"https://avatars.steamstatic.com/8e9c0483b5f1eac957a1356a47c45647e180168c_full.jpg"	"2026-09-05T21:29:23.555753+00:00"
"[U:1:1005961331]"	"https://avatars.steamstatic.com/64c1faca0cfccd1968d571142bb4b180fe958e25_full.jpg"	"2026-09-05T21:29:23.555753+00:00"
"[U:1:75849737]"	"https://avatars.steamstatic.com/0c39a2279edbe13f82537b1768383d98461c6836_full.jpg"	"2026-09-05T21:29:23.555753+00:00"
"[U:1:158753725]"	"https://avatars.steamstatic.com/ef8d6dbec0c07c97d03b55458febbe57427c6461_full.jpg"	"2026-09-05T21:29:23.555753+00:00"
"[U:1:1011924]"	"https://avatars.steamstatic.com/796988a68f9976f8566616328950d25fde74945a_full.jpg"	"2026-09-05T21:29:23.555753+00:00"
"[U:1:134448028]"	"https://avatars.steamstatic.com/66b7c53fa7c14bcda0fc75f2d10339b06048e024_full.jpg"	"2026-09-05T21:29:23.555753+00:00"
"[U:1:182311354]"	"https://avatars.steamstatic.com/fef49e7fa7e1997310d705b2a6158ff8dc1cdfeb_full.jpg"	"2026-09-05T21:29:23.555753+00:00"
"[U:1:1919560156]"	"https://avatars.steamstatic.com/fef49e7fa7e1997310d705b2a6158ff8dc1cdfeb_full.jpg"	"2026-09-05T21:29:23.555753+00:00"
"[U:1:1406575022]"	"https://avatars.steamstatic.com/6f9f76026d2d2016e778710403d5eb4c50794e90_full.jpg"	"2026-09-05T21:29:23.555753+00:00"
"[U:1:234227487]"	"https://avatars.steamstatic.com/e7d6949a64732d0c33badececcda52c417a4eb76_full.jpg"	"2026-09-05T21:29:23.555753+00:00"
"[U:1:1287934783]"	"https://avatars.steamstatic.com/f90e4169e37b430a6edc4cd90982b176a45a4677_full.jpg"	"2026-09-05T21:29:23.555753+00:00"
"[U:1:32903221]"	"https://avatars.steamstatic.com/286a0e292ca8a002588a1f6f07e7bc675ec131b0_full.jpg"	"2026-09-05T21:29:23.555753+00:00"
"[U:1:1348604043]"	"https://avatars.steamstatic.com/c9180f93ac892fa7d078f5946239d049e987e3b6_full.jpg"	"2026-09-05T21:29:23.555753+00:00"
"[U:1:112540735]"	"https://avatars.steamstatic.com/4175fb33cd5c66b22cbe48544bf3e6b576580bd5_full.jpg"	"2026-09-05T21:29:23.555753+00:00"
"[U:1:1925166569]"	"https://avatars.steamstatic.com/1a0566f3e66e0d4b10713a2213ddb2804ed31b2f_full.jpg"	"2026-09-05T21:29:23.555753+00:00"
"[U:1:141088130]"	"https://avatars.steamstatic.com/5516361058a692b6afe5843e9cf1e68c3db34f32_full.jpg"	"2026-09-05T21:29:23.555753+00:00"
"[U:1:903353864]"	"https://avatars.steamstatic.com/b81437ab40fce409bf9b53004bbfdb8987a13147_full.jpg"	"2026-09-05T21:29:23.555753+00:00"
"[U:1:816734202]"	"https://avatars.steamstatic.com/07ba16b7a6ccf27013f29d0cae9eaa1aaa0ccb3a_full.jpg"	"2026-09-05T21:29:23.555753+00:00"
"[U:1:122636836]"	"https://avatars.steamstatic.com/91ee28fca1d1d967cb4b86ecd2514802b2e4e2f2_full.jpg"	"2026-09-05T21:29:23.555753+00:00"
"[U:1:1079153288]"	"https://avatars.steamstatic.com/086b73b46ec9fb1ed8134583a7dabf88be8c05aa_full.jpg"	"2026-09-05T21:29:23.555753+00:00"
"[U:1:119686332]"	"https://avatars.steamstatic.com/1663fa7f8be88434f41416c8f7349274a01d7f0d_full.jpg"	"2026-09-05T21:29:23.555753+00:00"
"[U:1:902926017]"	"https://avatars.steamstatic.com/95e6ffc20eab9dfa12efc7e0e5c6c29501a5f422_full.jpg"	"2026-09-05T21:29:23.555753+00:00"
"[U:1:119687152]"	"https://avatars.steamstatic.com/7f8ede016f9561962682814845c179da95c47cac_full.jpg"	"2026-09-05T21:29:23.555753+00:00"
"[U:1:68050183]"	"https://avatars.steamstatic.com/8f536183801ff8990c665eb6a53ed1ac4e454f3e_full.jpg"	"2026-09-05T21:29:23.555753+00:00"
"[U:1:1005628032]"	"https://avatars.steamstatic.com/2d817e7c04d049010709fbf201190d512c04aa94_full.jpg"	"2026-09-05T21:29:23.555753+00:00"
"[U:1:1788027935]"	"https://avatars.steamstatic.com/840f3ed4228512074ba20257711f7f4c52834c12_full.jpg"	"2026-09-05T21:29:23.555753+00:00"
"[U:1:81505156]"	"https://avatars.steamstatic.com/ff72daa915e0a7cb31c64cbe847870f47ad91706_full.jpg"	"2026-09-05T21:29:23.555753+00:00"
"[U:1:1534277747]"	"https://avatars.steamstatic.com/d8e59a0b9cce2c3a8ba0e22b9a88e51018357261_full.jpg"	"2026-09-05T21:29:23.555753+00:00"
"[U:1:1157694425]"	"https://avatars.steamstatic.com/921777486c9922a591b2f5890eae6af1bcd01189_full.jpg"	"2026-09-05T21:29:23.555753+00:00"
"[U:1:1115365583]"	"https://avatars.steamstatic.com/cd4f1599804ebad41c8869396c07d529122abf2c_full.jpg"	"2026-09-05T21:29:23.555753+00:00"
"[U:1:172070235]"	"https://avatars.steamstatic.com/d3092c465863030138a1846947f266e6e0825848_full.jpg"	"2026-09-05T21:29:23.555753+00:00"
"[U:1:898016797]"	"https://avatars.steamstatic.com/9be69395a9b15aa749c0ee7c0c8c99d9788920f9_full.jpg"	"2026-09-05T21:29:23.555753+00:00"
"[U:1:332041399]"	"https://avatars.steamstatic.com/e74340f0733f168c26d72382a818684bc1a4292d_full.jpg"	"2026-09-05T21:29:23.555753+00:00"
"[U:1:1652523454]"	"https://avatars.steamstatic.com/b1c3738f16fdc9a11af935062d443013afdd57d8_full.jpg"	"2026-09-05T21:29:23.555753+00:00"
"[U:1:1017479825]"	"https://avatars.steamstatic.com/d664370c236f4b119455d358c31ee58dd78beb58_full.jpg"	"2026-09-05T21:29:23.555753+00:00"
"[U:1:1521969298]"	"https://avatars.steamstatic.com/fb3fac2d7efbc85c525df10ab806a26a0ef719d6_full.jpg"	"2026-09-05T21:29:23.555753+00:00"
"[U:1:67884990]"	"https://avatars.steamstatic.com/7f54d06f604e9c91b1d1eaa84ea66a52c0b5a237_full.jpg"	"2026-09-05T21:29:23.555753+00:00"
"[U:1:234403818]"	"https://avatars.steamstatic.com/51b37c47f83416ecd0e7e36fe23b7b964b753b6a_full.jpg"	"2026-09-05T21:29:23.555753+00:00"
"[U:1:1469738806]"	"https://avatars.steamstatic.com/96251188cb062448bd48fb88eb92a1cbec755ca3_full.jpg"	"2026-09-05T21:29:23.555753+00:00"
"[U:1:485077414]"	"https://avatars.steamstatic.com/df36dfba6cd040aac4e4acaf02ed0e1f1aabfd10_full.jpg"	"2026-09-05T21:29:23.555753+00:00"
"[U:1:398421362]"	"https://avatars.steamstatic.com/8558ed93c9a9e50a606e774f3b52c41eaf186c61_full.jpg"	"2026-09-05T21:29:23.555753+00:00"
"[U:1:21893728]"	"https://avatars.steamstatic.com/c8f70e10087bc848c7f7035a96a1395f8dc0c06f_full.jpg"	"2026-09-05T21:29:23.555753+00:00"
"[U:1:1197196619]"	"https://avatars.steamstatic.com/95152f1260fb6beff0f66a7c69a00ee2b709ec33_full.jpg"	"2026-09-05T21:29:23.555753+00:00"
"[U:1:193099728]"	"https://avatars.steamstatic.com/b2718f041b7945af787d21dbb08fecb7dc7284f7_full.jpg"	"2026-09-05T21:29:23.555753+00:00"
"[U:1:19276134]"	"https://avatars.steamstatic.com/fef49e7fa7e1997310d705b2a6158ff8dc1cdfeb_full.jpg"	"2026-09-05T21:29:23.555753+00:00"
"[U:1:1521962095]"	"https://avatars.steamstatic.com/b2b24279a261c00c222c483875dc0406b60520dc_full.jpg"	"2026-09-05T21:29:23.555753+00:00"
"[U:1:1313708270]"	"https://avatars.steamstatic.com/6be8e42edad631b65f1987aa32e625cda5ceb824_full.jpg"	"2026-09-05T21:29:23.555753+00:00"
"[U:1:40174345]"	"https://avatars.steamstatic.com/03659265d153794cedc379fe18abf8c39c6fc794_full.jpg"	"2026-09-05T21:29:23.555753+00:00"
"[U:1:1269545856]"	"https://avatars.steamstatic.com/d77fa80259f7ceb7e3e51f5e34c03498d87d808e_full.jpg"	"2026-09-05T21:29:23.555753+00:00"
"[U:1:1593408605]"	"https://avatars.steamstatic.com/196a33d9d5832ff61352fc04212febcd7a96626a_full.jpg"	"2026-09-05T21:29:23.555753+00:00"
"[U:1:1269375694]"	"https://avatars.steamstatic.com/1466721ab3ef0d5126104656d5788cda3f85e74e_full.jpg"	"2026-09-05T21:29:23.555753+00:00"
"[U:1:1560515415]"	"https://avatars.steamstatic.com/1d11df8a91be0b186ea12ba3bab84fd0a4b21c69_full.jpg"	"2026-09-05T21:29:23.555753+00:00"
"[U:1:75896783]"	"https://avatars.steamstatic.com/9d780a781f7e1b4a7ed069015e1f34330ca499a3_full.jpg"	"2026-09-05T21:29:23.555753+00:00"
"[U:1:131475930]"	"https://avatars.steamstatic.com/1d705c2c4a753348e842fd5970e3f1137031eabf_full.jpg"	"2026-09-05T21:29:23.555753+00:00"
"[U:1:395986112]"	"https://avatars.steamstatic.com/01f68e4deec01ab6021765dd256947f3d347a2ac_full.jpg"	"2026-09-05T21:29:23.555753+00:00"
"[U:1:54343606]"	"https://avatars.steamstatic.com/244c5c03dc07db04fb6d49c056d00ff9acab2dcf_full.jpg"	"2026-09-05T21:29:23.555753+00:00"
"[U:1:1142185932]"	"https://avatars.steamstatic.com/0bee1ca74c9bb80b694f510bc2e840b8498e81be_full.jpg"	"2026-09-05T21:29:23.555753+00:00"
"[U:1:1099966472]"	"https://avatars.steamstatic.com/fef49e7fa7e1997310d705b2a6158ff8dc1cdfeb_full.jpg"	"2026-09-05T21:29:23.555753+00:00"
"[U:1:106217223]"	"https://avatars.steamstatic.com/d98a3b32eede76a594c0509b2c082e82704ba636_full.jpg"	"2026-09-05T21:29:23.555753+00:00"
"[U:1:1925823829]"	"https://avatars.steamstatic.com/3d836a6146b287ed0a661b19a8c0bdb70c6bf023_full.jpg"	"2026-09-05T21:29:23.555753+00:00"
"[U:1:100702421]"	"https://avatars.steamstatic.com/78569381983daf2d84b5cd53eecf98bb1fa97b93_full.jpg"	"2026-09-05T21:29:23.555753+00:00"
"[U:1:89926961]"	"https://avatars.steamstatic.com/3b7c09fbbe435fbc0b38be1b46c8018c43def6f6_full.jpg"	"2026-09-05T21:29:23.555753+00:00"
"[U:1:1592672981]"	"https://avatars.steamstatic.com/e73a2a9f0841f3b08098786356d370a6fbe501ee_full.jpg"	"2026-09-05T21:29:23.555753+00:00"
"[U:1:1010390946]"	"https://avatars.steamstatic.com/2bb6261e845f860ee0e5123fb6ebdaf5e76236cd_full.jpg"	"2026-09-05T21:29:23.555753+00:00"
"[U:1:1737470626]"	"https://avatars.steamstatic.com/b7066fb6ff81e0241bea7620e0bda9e06b669c13_full.jpg"	"2026-09-05T21:29:23.555753+00:00"
"[U:1:249088725]"	"https://avatars.steamstatic.com/fbbaad5da62e01aec8b0a76b602eb5c40417964b_full.jpg"	"2026-09-05T21:29:23.555753+00:00"
"[U:1:9097696]"	"https://avatars.steamstatic.com/2df1b493f18532bbef724cbd82d2f21eee981fc7_full.jpg"	"2026-09-05T21:29:23.555753+00:00"
"[U:1:218868615]"	"https://avatars.steamstatic.com/7a406d664d662c34ac3ce05a5545ad44b3e0d300_full.jpg"	"2026-09-05T21:29:23.555753+00:00"
"[U:1:1177403081]"	"https://avatars.steamstatic.com/cfa07b7630432466bde62ca0a980b4e34379d84d_full.jpg"	"2026-09-05T21:29:23.555753+00:00"
"[U:1:484960787]"	"https://avatars.steamstatic.com/ae907ed1c64da537a14a17f5ed1d78c956b383ac_full.jpg"	"2026-09-05T21:29:23.555753+00:00"
"[U:1:906250451]"	"https://avatars.steamstatic.com/9b574179e18a35dd43e099848656153239b0318c_full.jpg"	"2026-09-05T21:29:23.555753+00:00"
"[U:1:763942255]"	"https://avatars.steamstatic.com/0c39a2279edbe13f82537b1768383d98461c6836_full.jpg"	"2026-09-05T21:29:23.555753+00:00"
"[U:1:1048452953]"	"https://avatars.steamstatic.com/566c3a748f337b7b909647087ea6e600f366f3f2_full.jpg"	"2026-09-05T21:29:23.555753+00:00"
"[U:1:89944142]"	"https://avatars.steamstatic.com/5c61c13222a8afe7acee506a41d1798ff8415eba_full.jpg"	"2026-09-05T21:29:23.555753+00:00"
"[U:1:814637920]"	"https://avatars.steamstatic.com/e85143dddc217f45d24b89450d509dd48fb7cfbd_full.jpg"	"2026-09-05T21:29:23.555753+00:00"
"[U:1:106726510]"	"https://avatars.steamstatic.com/875ecf3470be61ec9c40497a107afb9938bcbe51_full.jpg"	"2026-09-05T21:29:23.555753+00:00"
"[U:1:119941293]"	"https://avatars.steamstatic.com/b9f04dce323c6b9c87d252ad3a043f4c586259c2_full.jpg"	"2026-09-05T21:29:23.555753+00:00"
"[U:1:1048447]"	"https://avatars.steamstatic.com/ae80ad0316148d4aaa65021b9b9c17d344243e65_full.jpg"	"2026-09-05T21:29:23.555753+00:00"
"[U:1:67900035]"	"https://avatars.steamstatic.com/fab32d5d7261d73e15dc105bc704823f92b15c38_full.jpg"	"2026-09-05T21:29:23.555753+00:00"
"[U:1:147517372]"	"https://avatars.steamstatic.com/8b1b240f5493969035b5811d2710299e6734af3e_full.jpg"	"2026-09-05T21:29:23.555753+00:00"
"[U:1:1535164376]"	"https://avatars.steamstatic.com/1cbc13c1b83b1be00f3dd15bc6aa05ff9aeaa848_full.jpg"	"2026-09-05T21:29:23.555753+00:00"
"[U:1:165849918]"	"https://avatars.steamstatic.com/3647c55c5ca85a9ade3630ffff2bed262667413e_full.jpg"	"2026-09-05T21:29:23.555753+00:00"
"[U:1:192980044]"	"https://avatars.steamstatic.com/08d3c94c4cf6eb5e8555357469ee8efdc62af46c_full.jpg"	"2026-09-05T21:29:23.555753+00:00"
"[U:1:81755901]"	"https://avatars.steamstatic.com/e2bba20d324efbba9f7c7d755f5ca4dfc3900312_full.jpg"	"2026-09-05T21:29:23.555753+00:00"
"[U:1:192833020]"	"https://avatars.steamstatic.com/c293c28982636383df5d1a086ad95c20011158ac_full.jpg"	"2026-09-05T21:29:23.555753+00:00"
"[U:1:165589523]"	"https://avatars.steamstatic.com/79a8119bd2a027755f93872d0d09b959909a0405_full.jpg"	"2026-09-05T21:29:23.555753+00:00"
"[U:1:5452334]"	"https://avatars.steamstatic.com/626f4881c38ab0f2d74b0e3098ca5f4041998cf8_full.jpg"	"2026-09-05T21:29:23.555753+00:00"
"[U:1:175452361]"	"https://avatars.steamstatic.com/b1248ea1068262366333f25d464ddb368fa12357_full.jpg"	"2026-09-05T21:29:23.555753+00:00"
"[U:1:1924369321]"	"https://avatars.steamstatic.com/eaea6d87ee29f276935d3b759ec6ac5cf69bccf4_full.jpg"	"2026-09-05T21:29:23.555753+00:00"
"[U:1:249526533]"	"https://avatars.steamstatic.com/2648b8bf2a176645c47b8002c0dc0be6e7f9af05_full.jpg"	"2026-09-05T21:29:23.555753+00:00"
"[U:1:134981610]"	"https://avatars.steamstatic.com/a9c6b38bc945c6cc707a115deed32f94da7135c1_full.jpg"	"2026-09-05T21:29:23.555753+00:00"
"[U:1:1413132616]"	"https://avatars.steamstatic.com/f44123eb02fdd22a1e993ba442cbf87c5d53722a_full.jpg"	"2026-09-05T21:29:23.555753+00:00"
"[U:1:758872615]"	"https://avatars.steamstatic.com/e2ded308e155a090106e7c57470e9d9150982fc9_full.jpg"	"2026-09-05T21:29:23.555753+00:00"
"[U:1:1019115587]"	"https://avatars.steamstatic.com/6081c3584cd20f828a5004e507a7932c199d6b46_full.jpg"	"2026-09-05T21:29:23.555753+00:00"
"[U:1:1861685305]"	"https://avatars.steamstatic.com/dd2e2c391af73331d41550ec1761a39d64a16a4c_full.jpg"	"2026-09-05T21:29:23.555753+00:00"
"[U:1:1534716185]"	"https://avatars.steamstatic.com/abd44d53ee9da0a9b1ee09e060eb97619e082c2d_full.jpg"	"2026-09-05T21:29:23.555753+00:00"
"[U:1:33465669]"	"https://avatars.steamstatic.com/02e783ab1a4ff914833d9c8c54da19a07641470f_full.jpg"	"2026-09-05T21:29:23.555753+00:00"
"[U:1:6813501]"	"https://avatars.steamstatic.com/4d8a7808ea49ac09bdb48586f6099c435397dde6_full.jpg"	"2026-09-05T21:29:23.555753+00:00"
"[U:1:1197573683]"	"https://avatars.steamstatic.com/bc10be6a669ed681ed521a250c31316affc14156_full.jpg"	"2026-09-05T21:29:23.555753+00:00"
"[U:1:123709140]"	"https://avatars.steamstatic.com/c705b5e98a1ab7650f83251d1a5b9cbe87697894_full.jpg"	"2026-09-05T21:29:23.555753+00:00"
"[U:1:82008346]"	"https://avatars.steamstatic.com/0be15c135b0859f9f856db9752db93a64011242e_full.jpg"	"2026-09-05T21:29:23.555753+00:00"
"[U:1:10510826]"	"https://avatars.steamstatic.com/3157b5f165fc9a4ae77288acc6c6e1ca2798bb3d_full.jpg"	"2026-09-05T21:29:23.555753+00:00"
"[U:1:397646232]"	"https://avatars.steamstatic.com/55be66fe5fff6f604ee22c3314cd618fa67a17e8_full.jpg"	"2026-09-05T21:29:23.555753+00:00"
"[U:1:398500474]"	"https://avatars.steamstatic.com/027fe27abc481ec9bf27122dfb0dcb00bbb7d4b3_full.jpg"	"2026-09-05T21:29:23.555753+00:00"
"[U:1:39859907]"	"https://avatars.steamstatic.com/8725db11ac850ac17deea8c1dfe5c8d12a59e0f1_full.jpg"	"2026-09-05T21:29:23.555753+00:00"
"[U:1:457556702]"	"https://avatars.steamstatic.com/125ef3f5e4ca3716f3ef0eaadf13ce0b7568fc35_full.jpg"	"2026-09-05T21:29:23.555753+00:00"
"[U:1:123712722]"	"https://avatars.steamstatic.com/076dcec3148b4b68c1e0d1fe0f9ac5356c603b40_full.jpg"	"2026-09-05T21:29:23.555753+00:00"
"[U:1:819758130]"	"https://avatars.steamstatic.com/a3d3ef1f97c072dcd7f86ae57a2f8f12183a338e_full.jpg"	"2026-09-05T21:29:23.555753+00:00"
"[U:1:54335060]"	"https://avatars.steamstatic.com/148d5da538bc980573d61806a324dbef35519df4_full.jpg"	"2026-09-05T21:29:23.555753+00:00"
"[U:1:141370338]"	"https://avatars.steamstatic.com/5abbff59bf6030100bb3f648b311abfe00989eb6_full.jpg"	"2026-09-05T21:29:23.555753+00:00"
"[U:1:248047121]"	"https://avatars.steamstatic.com/34f575e98687710e1cd8030c912b6b7597ba67f0_full.jpg"	"2026-09-05T21:29:23.555753+00:00"
"[U:1:812417959]"	"https://avatars.steamstatic.com/b52cb34ca9423b8da78502e396178885593471cb_full.jpg"	"2026-09-05T21:29:23.555753+00:00"
"[U:1:910468823]"	"https://avatars.steamstatic.com/fbb0223a3091c6231ee8aa859cd0a7a4738ab6bc_full.jpg"	"2026-09-05T21:29:23.555753+00:00"
"[U:1:1254162164]"	"https://avatars.steamstatic.com/b81728be4554a181415b8c5f5c4d31813fdea7b7_full.jpg"	"2026-09-05T21:29:23.555753+00:00"
"[U:1:1254447050]"	"https://avatars.steamstatic.com/72f7385f8241660bb8b16a734b06abccb106192c_full.jpg"	"2026-09-05T21:29:23.555753+00:00"
"[U:1:913438570]"	"https://avatars.steamstatic.com/7ac8a01a2b2dde34661bdb0b90520049324966b8_full.jpg"	"2026-09-05T21:29:23.555753+00:00"
"[U:1:1288734512]"	"https://avatars.steamstatic.com/681e7081316262bd9b3a4b91a71b67e5dda33e41_full.jpg"	"2026-09-05T21:29:23.555753+00:00"
"[U:1:1133837745]"	"https://avatars.steamstatic.com/ef2786d9ef0f6892d76e34ca12e7ad234eb613ba_full.jpg"	"2026-09-05T21:29:23.555753+00:00"
"[U:1:194264210]"	"https://avatars.steamstatic.com/e2de1d3ad42c00e5566bf091dde330f01f345920_full.jpg"	"2026-09-05T21:29:23.555753+00:00"
"[U:1:18678611]"	"https://avatars.steamstatic.com/885c4029fff92a6978617e0b730bcf245df812bb_full.jpg"	"2026-09-05T21:29:23.555753+00:00"
"[U:1:250891655]"	"https://avatars.steamstatic.com/36f68458dc2583eaf03c82bb82856b1356e716f5_full.jpg"	"2026-09-05T21:29:23.555753+00:00"
"[U:1:107384992]"	"https://avatars.steamstatic.com/f5fb7ae382b144ed78837bd42204b31daf5484ad_full.jpg"	"2026-09-05T21:29:23.555753+00:00"
"[U:1:1599968437]"	"https://avatars.steamstatic.com/3f783443e37b5a1e656e2fdd1efbd53780d47616_full.jpg"	"2026-09-05T21:29:23.555753+00:00"
"[U:1:1179256621]"	"https://avatars.steamstatic.com/14cf96e904288370201c9ca4189f469f28945465_full.jpg"	"2026-09-05T21:29:23.555753+00:00"
"[U:1:1011265751]"	"https://avatars.steamstatic.com/69cd6b18f16bb9e501cf113334c46695bcfe6ea1_full.jpg"	"2026-09-05T21:29:23.555753+00:00"
"[U:1:76581557]"	"https://avatars.steamstatic.com/7331074bbd4db4e354feb3c6aa431a0e9e01125c_full.jpg"	"2026-09-05T21:29:23.555753+00:00"
"[U:1:7008727]"	"https://avatars.steamstatic.com/53c5a41e1b7eed9057cebd7a6286150b02ec3019_full.jpg"	"2026-09-05T21:29:23.555753+00:00"
"[U:1:764467365]"	"https://avatars.steamstatic.com/e45c73e6e6e5684ea34dde83a9bc5bb7d95c4ee5_full.jpg"	"2026-09-05T21:29:23.555753+00:00"
"[U:1:1116220646]"	"https://avatars.steamstatic.com/63c346c1c96cb23bee54c8ddfb5717496ed500ba_full.jpg"	"2026-09-05T21:29:23.555753+00:00"
"[U:1:1143910241]"	"https://avatars.steamstatic.com/b7066fb6ff81e0241bea7620e0bda9e06b669c13_full.jpg"	"2026-09-05T21:29:23.555753+00:00"
"[U:1:1108960808]"	"https://avatars.steamstatic.com/18dc49cbf76567dd3c8ffb499d60258b247932e6_full.jpg"	"2026-09-05T21:29:23.555753+00:00"
"[U:1:338879040]"	"https://avatars.steamstatic.com/97411ec3da9a548768d6a4c6bd60cff839de0d65_full.jpg"	"2026-09-05T21:29:23.555753+00:00"
"[U:1:19685612]"	"https://avatars.steamstatic.com/0dd7355cbd0dca82657fb551de1e21f4307133b2_full.jpg"	"2026-09-05T21:29:23.555753+00:00"
"[U:1:1129194741]"	"https://avatars.steamstatic.com/9b54922407800f6314e48d3de32e99604eafbd13_full.jpg"	"2026-09-05T21:29:23.555753+00:00"
"[U:1:54810910]"	"https://avatars.steamstatic.com/b0a9c8082cd157fa74d0fae88252f5e10628e276_full.jpg"	"2026-09-05T21:29:23.555753+00:00"
"[U:1:91427629]"	"https://avatars.steamstatic.com/67fe454f3d69c11fd72337cd75c7bbd7eee00283_full.jpg"	"2026-09-05T21:29:23.555753+00:00"
"[U:1:408642564]"	"https://avatars.steamstatic.com/efb082d7c929649fba5b01c5bcba86f65e70a072_full.jpg"	"2026-09-05T21:29:23.555753+00:00"
"[U:1:1123426523]"	"https://avatars.steamstatic.com/a2009243f40c5d7844710f654a495dac73555c26_full.jpg"	"2026-09-05T21:29:23.555753+00:00"
"[U:1:919056013]"	"https://avatars.steamstatic.com/e9cf34eb38eaf7c7a21626fff777bcfdf365b188_full.jpg"	"2026-09-05T21:29:23.555753+00:00"
"[U:1:1161898120]"	"https://avatars.steamstatic.com/0f0435b891e4b5077e4c12a56c5c0e56ce86d0f2_full.jpg"	"2026-09-05T21:29:23.555753+00:00"
"[U:1:1271052215]"	"https://avatars.steamstatic.com/ec16aae66538cc39d4949746b9d4c25e3138dbd8_full.jpg"	"2026-09-05T21:29:23.555753+00:00"
"[U:1:166883393]"	"https://avatars.steamstatic.com/4d4432b8fe03437ef287c3867393956645e58c29_full.jpg"	"2026-09-05T21:29:23.555753+00:00"
"[U:1:183153625]"	"https://avatars.steamstatic.com/f5f162e739b347cd81b08b5f916c47d0d6245bf9_full.jpg"	"2026-09-05T21:29:23.555753+00:00"
"[U:1:1478018601]"	"https://avatars.steamstatic.com/43c5bf6064cc6de82024a1fc5add7e7cac4965b5_full.jpg"	"2026-09-05T21:29:23.555753+00:00"
"[U:1:1418874626]"	"https://avatars.steamstatic.com/3be2fcd88053bae5dd8f2a80dbf58da25b4861ce_full.jpg"	"2026-09-05T21:29:23.555753+00:00"
"[U:1:19693184]"	"https://avatars.steamstatic.com/8aa22b995474b147050237cbf5d60f1e13467ef3_full.jpg"	"2026-09-05T21:29:23.555753+00:00"
"[U:1:1833763573]"	"https://avatars.steamstatic.com/1df3535a6f4c9bcf76d310fff46700d18b98412c_full.jpg"	"2026-09-05T21:29:23.555753+00:00"
"[U:1:1053390820]"	"https://avatars.steamstatic.com/7891b392098ddbdc5ebf36ee12da2767e24f4124_full.jpg"	"2026-09-05T21:29:23.555753+00:00"
"[U:1:1046632740]"	"https://avatars.steamstatic.com/28598c6222ef0ae2f7582ff01fa0a8a9d5b99860_full.jpg"	"2026-09-05T21:29:23.555753+00:00"
"[U:1:1017609856]"	"https://avatars.steamstatic.com/3839513b94e48b616c3adce676ebdc934a7d5932_full.jpg"	"2026-09-05T21:29:23.555753+00:00"
"[U:1:1117178173]"	"https://avatars.steamstatic.com/fef49e7fa7e1997310d705b2a6158ff8dc1cdfeb_full.jpg"	"2026-09-05T21:29:23.555753+00:00"
"[U:1:34420243]"	"https://avatars.steamstatic.com/e0345d95a99a0280d31aaec05676eaad7a125d2c_full.jpg"	"2026-09-05T21:29:23.555753+00:00"
"[U:1:766549848]"	"https://avatars.steamstatic.com/3d6de3b2ea42797f6d9b894e0d28ada67100108a_full.jpg"	"2026-09-05T21:29:23.555753+00:00"
"[U:1:1024348491]"	"https://avatars.steamstatic.com/f20be1752da43d18b1227d09be35298f9bf59c55_full.jpg"	"2026-09-05T21:29:23.555753+00:00"
"[U:1:251038400]"	"https://avatars.steamstatic.com/7a7d680ba83068c4c1d519e322b380929426edc7_full.jpg"	"2026-09-05T21:29:23.555753+00:00"
"[U:1:406565719]"	"https://avatars.steamstatic.com/fb7e254aa20583616c25140489532b627e2f1034_full.jpg"	"2026-09-05T21:29:23.555753+00:00"
"[U:1:918720102]"	"https://avatars.steamstatic.com/f4f2fc58620a769dfcc51defda89ed5cb8fa7d75_full.jpg"	"2026-09-05T21:29:23.555753+00:00"
"[U:1:1271702302]"	"https://avatars.steamstatic.com/3f47c3634c822270cbccf23f4cb4fcf2272e23d1_full.jpg"	"2026-09-05T21:29:23.555753+00:00"
"[U:1:17934226]"	"https://avatars.steamstatic.com/b010454a815c12827ec1dea3b8fa00cb72d7b546_full.jpg"	"2026-09-05T21:29:23.555753+00:00"
"[U:1:829153398]"	"https://avatars.steamstatic.com/64dcaf552194c6ca65ac7672debd50e5142add9b_full.jpg"	"2026-09-05T21:29:23.555753+00:00"
"[U:1:296153664]"	"https://avatars.steamstatic.com/ba051052c4318b88acf0abc42db0567be3d36ebd_full.jpg"	"2026-09-05T21:29:23.555753+00:00"
"[U:1:175954945]"	"https://avatars.steamstatic.com/4b6adea7a971593338ff65ebdb3c4b52bfea58a8_full.jpg"	"2026-09-05T21:29:23.555753+00:00"
"[U:1:92503721]"	"https://avatars.steamstatic.com/909dd972c035f41b9de96aa5d200d6f1f8067d91_full.jpg"	"2026-09-05T21:29:23.555753+00:00"
"[U:1:41692537]"	"https://avatars.steamstatic.com/e6b3a79724b0276187bbae3426f086589449c613_full.jpg"	"2026-09-05T21:29:23.555753+00:00"
"[U:1:912413034]"	"https://avatars.steamstatic.com/0af6b8daccafcfa53f9e723c7eff86442135e7a0_full.jpg"	"2026-09-05T21:29:23.555753+00:00"
"[U:1:920165138]"	"https://avatars.steamstatic.com/72a04c21ead600e6cf763cbe4e8d755f15167fe6_full.jpg"	"2026-09-05T21:29:23.555753+00:00"
"[U:1:297869667]"	"https://avatars.steamstatic.com/7355377ba81082665e8b07d5c443982cd061b3f5_full.jpg"	"2026-09-05T21:29:23.555753+00:00"
"[U:1:107595546]"	"https://avatars.steamstatic.com/fecd75a2e42dd889959d5bd7bc28f31121446265_full.jpg"	"2026-09-05T21:29:23.555753+00:00"
"[U:1:8292199]"	"https://avatars.steamstatic.com/4ad91979896cb6cf8038f6aa0bc04cf524b1df85_full.jpg"	"2026-09-05T21:29:23.555753+00:00"
"[U:1:924722877]"	"https://avatars.steamstatic.com/52842e9f17f9c6af93b7261806801b19736aa926_full.jpg"	"2026-09-05T21:29:23.555753+00:00"
"[U:1:198357683]"	"https://avatars.steamstatic.com/f7839143419a1c452af8a99067811dd8d732d779_full.jpg"	"2026-09-05T21:29:23.555753+00:00"
"[U:1:295545263]"	"https://avatars.steamstatic.com/97f57b58d639bf7e7f0de30ba44f013c32281139_full.jpg"	"2026-09-05T21:29:23.555753+00:00"
"[U:1:167075753]"	"https://avatars.steamstatic.com/a3c6a7f5432df4d0ce381f2798b3d664bf6ac053_full.jpg"	"2026-09-05T21:29:23.555753+00:00"
"[U:1:82191529]"	"https://avatars.steamstatic.com/ed91b9765bc8d73a4d8fc35559d6368e6b2b73d8_full.jpg"	"2026-09-05T21:29:23.555753+00:00"
"[U:1:194656874]"	"https://avatars.steamstatic.com/81bda72a08ab7bee6a027bcb4a6e787aac204115_full.jpg"	"2026-09-05T21:29:23.555753+00:00"
"[U:1:250714293]"	"https://avatars.steamstatic.com/77dd93c2cebf9ccd54e7dc7b6ff0f58146eda032_full.jpg"	"2026-09-05T21:29:23.555753+00:00"
"[U:1:1676042987]"	"https://avatars.steamstatic.com/6d7fdbb9e766f8cf68fc3777fce6f49edbceb561_full.jpg"	"2026-09-05T21:29:23.555753+00:00"
"[U:1:1126009031]"	"https://avatars.steamstatic.com/0d83db793b7aaf36e53a067dd1b18d23ff2087f1_full.jpg"	"2026-09-05T21:29:23.555753+00:00"
"[U:1:918739150]"	"https://avatars.steamstatic.com/850935d18a2b5df38b1d7e600bcce8e918a365d5_full.jpg"	"2026-09-05T21:29:23.555753+00:00"
"[U:1:765955889]"	"https://avatars.steamstatic.com/76a6056313d3eaab150f4e8d5fd06bb1b2c01d87_full.jpg"	"2026-09-05T21:29:23.555753+00:00"
"[U:1:91485405]"	"https://avatars.steamstatic.com/508a10044206cf31671b60123854cf027a0c212b_full.jpg"	"2026-09-05T21:29:23.555753+00:00"
"[U:1:417094151]"	"https://avatars.steamstatic.com/ed05160c3d85481c235fda086750b39a39308050_full.jpg"	"2026-09-05T21:29:23.555753+00:00"
"[U:1:488619475]"	"https://avatars.steamstatic.com/6e353d0baf96ab25a225c618ce86aa8e21a2a620_full.jpg"	"2026-09-05T21:29:23.555753+00:00"
"[U:1:70468606]"	"https://avatars.steamstatic.com/9529cfbb59bc8e03846ce1ccb8082b58317b805c_full.jpg"	"2026-09-05T21:29:23.555753+00:00"
"[U:1:1793266041]"	"https://avatars.steamstatic.com/ab480f391983de0024f677dcfb9b2d741d15ee01_full.jpg"	"2026-09-05T21:29:23.555753+00:00"
"[U:1:1316191129]"	"https://avatars.steamstatic.com/7146579e43b1e429f9fd9d7aaae4d35eac58c35e_full.jpg"	"2026-09-05T21:29:23.555753+00:00"
"[U:1:414707503]"	"https://avatars.steamstatic.com/f1b990af6bd5fbfaac9980e4e028b5a9b899e876_full.jpg"	"2026-09-05T21:29:23.555753+00:00"
"[U:1:120220395]"	"https://avatars.steamstatic.com/e68142e58517cb44105014aecde60549e259a7b8_full.jpg"	"2026-09-05T21:29:23.555753+00:00"
"[U:1:160274394]"	"https://avatars.steamstatic.com/ae3b475531d3d31151b5b0c6484cbf6af466e874_full.jpg"	"2026-09-05T21:29:23.555753+00:00"
"[U:1:764956395]"	"https://avatars.steamstatic.com/53f3cb00bed8d0c24f880fa07eb930ac02b1053a_full.jpg"	"2026-09-05T21:29:23.555753+00:00"
"[U:1:917815451]"	"https://avatars.steamstatic.com/402ef88a16247620570a9acfd790431df79826f2_full.jpg"	"2026-09-05T21:29:23.555753+00:00"
"[U:1:474365899]"	"https://avatars.steamstatic.com/b1991ff73b5adf6e8701d47eb97b6f5db2635b93_full.jpg"	"2026-09-05T21:29:23.555753+00:00"
"[U:1:2524199]"	"https://avatars.steamstatic.com/44c6b94c4e41e8baac878ab23bf6265ce78cf851_full.jpg"	"2026-09-05T21:29:23.555753+00:00"
"[U:1:1272955461]"	"https://avatars.steamstatic.com/7a055c31b082226b8304bc5bf030a606a6dc9d41_full.jpg"	"2026-09-05T21:29:23.555753+00:00"
"[U:1:109721979]"	"https://avatars.steamstatic.com/57076b22e0dafd7d0d93096559fcb2e8bb1e86f9_full.jpg"	"2026-09-05T21:29:23.555753+00:00"
"[U:1:1212052865]"	"https://avatars.steamstatic.com/76aeac0b8b6f17445d780cdb0bf73feea59181b1_full.jpg"	"2026-09-05T21:29:23.555753+00:00"
"[U:1:14815958]"	"https://avatars.steamstatic.com/4f18c609c39628f1a45f4abd87adfb8aa8567ec2_full.jpg"	"2026-09-05T21:29:23.555753+00:00"
"[U:1:102024939]"	"https://avatars.steamstatic.com/7e4ef6e6cc2145a24cb2cdb67cb591eae2cd9574_full.jpg"	"2026-09-05T21:29:23.555753+00:00"
"[U:1:168110232]"	"https://avatars.steamstatic.com/93b6a084730407c835dc568dbf8c4b4b6b90a279_full.jpg"	"2026-09-05T21:29:23.555753+00:00"
"[U:1:194860463]"	"https://avatars.steamstatic.com/e57ccb9ee33f1aa17005190cfc753f01456cdc47_full.jpg"	"2026-09-05T21:29:23.555753+00:00"
"[U:1:160122341]"	"https://avatars.steamstatic.com/0c6f8d426fe74bdc06670aecafd8c47a6b63a74e_full.jpg"	"2026-09-05T21:29:23.555753+00:00"
"[U:1:141840850]"	"https://avatars.steamstatic.com/7a91ee4a3683d455c2565139465a1ef848b026e5_full.jpg"	"2026-09-05T21:29:23.555753+00:00"
"[U:1:219372970]"	"https://avatars.steamstatic.com/00115b60ee0da1145d0bd4f94b54446b33173faf_full.jpg"	"2026-09-05T21:29:23.555753+00:00"
"[U:1:112590550]"	"https://avatars.steamstatic.com/98817cf64bdc9913479e09a15c93e2230a2c65c8_full.jpg"	"2026-09-05T21:29:23.555753+00:00"
"[U:1:1253714516]"	"https://avatars.steamstatic.com/96251188cb062448bd48fb88eb92a1cbec755ca3_full.jpg"	"2026-09-05T21:29:23.555753+00:00"
"[U:1:474629910]"	"https://avatars.steamstatic.com/04288846f0b0d3f1338a76e1314ff0894dbedb25_full.jpg"	"2026-09-05T21:29:23.555753+00:00"
"[U:1:920001510]"	"https://avatars.steamstatic.com/bbadbbc42c1453a44ae4e6550e61bb0ed04b5564_full.jpg"	"2026-09-05T21:29:23.555753+00:00"
"[U:1:343924454]"	"https://avatars.steamstatic.com/fb382cb36ea6638a70757710f1372be4fa66b89d_full.jpg"	"2026-09-05T21:29:23.555753+00:00"
"[U:1:4887394]"	"https://avatars.steamstatic.com/42079d827315a81030a9a670bf3204acbea80add_full.jpg"	"2026-09-05T21:29:23.555753+00:00"
"[U:1:1789853354]"	"https://avatars.steamstatic.com/3ef7be4f7d875e852411a3aed2cf95cb201c078f_full.jpg"	"2026-09-05T21:29:23.555753+00:00"
"[U:1:910727816]"	"https://avatars.steamstatic.com/c59878ceefb80f985d33b0ee1fd3cf04a6e78cc4_full.jpg"	"2026-09-05T21:29:23.555753+00:00"
"[U:1:122111206]"	"https://avatars.steamstatic.com/3ff567a39401f1bb92d883756abb1b817ec81b5a_full.jpg"	"2026-09-05T21:29:23.555753+00:00"
"[U:1:83391705]"	"https://avatars.steamstatic.com/4940cfd69e8cc91e14433d8ab7345859012dc179_full.jpg"	"2026-09-05T21:29:23.555753+00:00"
"[U:1:474708800]"	"https://avatars.steamstatic.com/e9440ab08014495fec0d8b29967f0e566b955772_full.jpg"	"2026-09-05T21:29:23.555753+00:00"
"[U:1:77215433]"	"https://avatars.steamstatic.com/e51b3eb1759584cc0e8a208ed77f33e8da7c8507_full.jpg"	"2026-09-05T21:29:23.555753+00:00"
"[U:1:228405226]"	"https://avatars.steamstatic.com/bd0e7b61faff0d370ebf4a973df16870c47aa716_full.jpg"	"2026-09-05T21:29:23.555753+00:00"
"[U:1:429250925]"	"https://avatars.steamstatic.com/92a78d0ecc9c77233d0c6510cea96b7b9ae58ea2_full.jpg"	"2026-09-05T21:29:23.555753+00:00"
"[U:1:1257047196]"	"https://avatars.steamstatic.com/7ae6b169093cd77eaffb24b0e09e06e06c021635_full.jpg"	"2026-09-05T21:29:23.555753+00:00"
"[U:1:176299796]"	"https://avatars.steamstatic.com/63cc619bb4887af67e9837f82362234cfec43be0_full.jpg"	"2026-09-05T21:29:23.555753+00:00"
"[U:1:183952400]"	"https://avatars.steamstatic.com/98df85cc2d6046ec7617c32e679162b987823f85_full.jpg"	"2026-09-05T21:29:23.555753+00:00"
"[U:1:1839356092]"	"https://avatars.steamstatic.com/38438b7f7efb46949c17f4d2a1ae6d74587761c5_full.jpg"	"2026-09-05T21:29:23.555753+00:00"
"[U:1:1524321559]"	"https://avatars.steamstatic.com/97072179914ec4b902c756b859e0f0c3cdccb067_full.jpg"	"2026-09-05T21:29:23.555753+00:00"
"[U:1:1255680688]"	"https://avatars.steamstatic.com/5ccdbbfa6f528a1acf8af7617af3f1eb1c4d6dc7_full.jpg"	"2026-09-05T21:29:23.555753+00:00"
"[U:1:1043144934]"	"https://avatars.steamstatic.com/07ce92cc29487e002e4f1578f5fdee1f2480e98d_full.jpg"	"2026-09-05T21:29:23.555753+00:00"
"[U:1:12389088]"	"https://avatars.steamstatic.com/2742d060b34b9c5a90a2cf4bcc3060f5edde59a2_full.jpg"	"2026-09-05T21:29:23.555753+00:00"
"[U:1:25356571]"	"https://avatars.steamstatic.com/831325cfeaadafc1e411cbc63df9890fe96c642e_full.jpg"	"2026-09-05T21:29:23.555753+00:00"
"[U:1:77390657]"	"https://avatars.steamstatic.com/226ca103e5294fecfeb81e668ed4af601777287a_full.jpg"	"2026-09-05T21:29:23.555753+00:00"
"[U:1:348131496]"	"https://avatars.steamstatic.com/3980f9de27ceb79282f5f483955d5e215142b33b_full.jpg"	"2026-09-05T21:29:23.555753+00:00"
"[U:1:1181113819]"	"https://avatars.steamstatic.com/70691cd19c39a78bc82c9733d55d49e2200d798b_full.jpg"	"2026-09-05T21:29:23.555753+00:00"
"[U:1:168524919]"	"https://avatars.steamstatic.com/225cca020d8ce3fe589fee39c4a67e7f190991ac_full.jpg"	"2026-09-05T21:29:23.555753+00:00"
"[U:1:1211763415]"	"https://avatars.steamstatic.com/6db2ac365ae4ee52c350ac4e9a34fdbf013c64ce_full.jpg"	"2026-09-05T21:29:23.555753+00:00"
"[U:1:458357023]"	"https://avatars.steamstatic.com/e199d290c5078d518cfebfacea66c56caccc1675_full.jpg"	"2026-09-05T21:29:23.555753+00:00"
"[U:1:105536251]"	"https://avatars.steamstatic.com/40de601d7355ae0922c6ce4d6595385afec59873_full.jpg"	"2026-09-05T21:29:23.555753+00:00"
"[U:1:1684823476]"	"https://avatars.steamstatic.com/100e1bb24fee26b37275460a050ed851ed7d3246_full.jpg"	"2026-09-05T21:29:23.555753+00:00"
"[U:1:125642812]"	"https://avatars.steamstatic.com/43cc5f08826aff85cfa320278b04598c8e234383_full.jpg"	"2026-09-05T21:29:23.555753+00:00"
"[U:1:1018542462]"	"https://avatars.steamstatic.com/760ecdb12bc950f54f7539f4d4f661f42fcbb22a_full.jpg"	"2026-09-05T21:29:23.555753+00:00"
"[U:1:1135067275]"	"https://avatars.steamstatic.com/79d3fe5839617eb83a9661071ed021dd56ac8a5b_full.jpg"	"2026-09-05T21:29:23.555753+00:00"
"[U:1:417573409]"	"https://avatars.steamstatic.com/8e31687b6390dd07052d192a76d66771d632a7c7_full.jpg"	"2026-09-05T21:29:23.555753+00:00"
"[U:1:932313098]"	"https://avatars.steamstatic.com/f3983007afbed39bb4cfceaf59bc651a55d9d025_full.jpg"	"2026-09-05T21:29:23.555753+00:00"
"[U:1:1004956777]"	"https://avatars.steamstatic.com/38bc6a94327b20027aecd23d49a04a0891cee8fb_full.jpg"	"2026-09-05T21:29:23.555753+00:00"
"[U:1:775307555]"	"https://avatars.steamstatic.com/fef49e7fa7e1997310d705b2a6158ff8dc1cdfeb_full.jpg"	"2026-09-05T21:29:23.555753+00:00"
"[U:1:187347915]"	"https://avatars.steamstatic.com/cb05132bc894eb5ff907224fa90ad9f69d4bd178_full.jpg"	"2026-09-05T21:29:23.555753+00:00"
"[U:1:1166857335]"	"https://avatars.steamstatic.com/8df3fbb9717a9433d4c709138700c25228676cb9_full.jpg"	"2026-09-05T21:29:23.555753+00:00"
"[U:1:300284202]"	"https://avatars.steamstatic.com/d3c899f72473036650c7bbe4f7a918b1ebb22ed9_full.jpg"	"2026-09-05T21:29:23.555753+00:00"
"[U:1:153864771]"	"https://avatars.steamstatic.com/63e01a175ad7452d7a1c2e9b649aa285bcf31beb_full.jpg"	"2026-09-05T21:29:23.555753+00:00"
"[U:1:127401555]"	"https://avatars.steamstatic.com/bc6903abe580335df9aa8ba96c9252a0bbf496df_full.jpg"	"2026-09-05T21:29:23.555753+00:00"
"[U:1:1166692727]"	"https://avatars.steamstatic.com/a5734400dff9663b4e2e819cc128158eb4ccbf5a_full.jpg"	"2026-09-05T21:29:23.555753+00:00"
"[U:1:201543578]"	"https://avatars.steamstatic.com/869603b61a6739fd058d034eb1ddbdcc5d9ecdd6_full.jpg"	"2026-09-05T21:29:23.555753+00:00"
"[U:1:203021983]"	"https://avatars.steamstatic.com/b4e1c9bd2f2102a6dd28c9d68e1767b62c301968_full.jpg"	"2026-09-05T21:29:23.555753+00:00"
"[U:1:836802098]"	"https://avatars.steamstatic.com/a145332bf981040940f4c11a60532ca5c9313a58_full.jpg"	"2026-09-05T21:29:23.555753+00:00"
"[U:1:95625626]"	"https://avatars.steamstatic.com/329279f954d471916b38d2ce905cdd7af4a1b91a_full.jpg"	"2026-09-05T21:29:23.555753+00:00"
"[U:1:418489712]"	"https://avatars.steamstatic.com/a2ccf02161a546b23be2e9fdf8358b7b3fcd274e_full.jpg"	"2026-09-05T21:29:23.555753+00:00"
"[U:1:25440663]"	"https://avatars.steamstatic.com/e8f0b326ca6adfc219b8b09e080b2ef8b6508ace_full.jpg"	"2026-09-05T21:29:23.555753+00:00"
"[U:1:1690149286]"	"https://avatars.steamstatic.com/f2ba787ebb220f6c93e59f3dba12ae093fc335a5_full.jpg"	"2026-09-05T21:29:23.555753+00:00"
"[U:1:421687549]"	"https://avatars.steamstatic.com/19b078f137aec7fba42ac6f026970c696472944a_full.jpg"	"2026-09-05T21:29:23.555753+00:00"
"[U:1:176249753]"	"https://avatars.steamstatic.com/341db3f58313a2425a21ca6d8a20aa97335332dd_full.jpg"	"2026-09-05T21:29:23.555753+00:00"
"[U:1:418550548]"	"https://avatars.steamstatic.com/5b17ed9b0405869e8886ed194b576a0f48830331_full.jpg"	"2026-09-05T21:29:23.555753+00:00"
"[U:1:947424971]"	"https://avatars.steamstatic.com/b1764f5c391167e846bc7bcc11340e5b08519ab9_full.jpg"	"2026-09-05T21:29:23.555753+00:00"
"[U:1:198753788]"	"https://avatars.steamstatic.com/ec40e95bc507d9430e0e12d3bdef72f1f9b1b12e_full.jpg"	"2026-09-05T21:29:23.555753+00:00"
"[U:1:1120289256]"	"https://avatars.steamstatic.com/a3b55198242066b1831eff547cbcde64f9f05dad_full.jpg"	"2026-09-05T21:29:23.555753+00:00"
"[U:1:1294935290]"	"https://avatars.steamstatic.com/d5dfa98438b3f27c3fdaf5fc86bb39e6da0e2042_full.jpg"	"2026-09-05T21:29:23.555753+00:00"
"[U:1:34875758]"	"https://avatars.steamstatic.com/f542aab229df06ba36ddb3ec73aeba92a72b8bd0_full.jpg"	"2026-09-05T21:29:23.555753+00:00"
"[U:1:1068522366]"	"https://avatars.steamstatic.com/3a57b193555d2f1c680d4d4be7cccebbd56ce30f_full.jpg"	"2026-09-05T21:29:23.555753+00:00"
"[U:1:151145074]"	"https://avatars.steamstatic.com/1a693d35d23bf99bdf567b76bab865150a1a27ce_full.jpg"	"2026-09-05T21:29:23.555753+00:00"
"[U:1:104455772]"	"https://avatars.steamstatic.com/414fe9abc59f01004b815a4fd2e8ac05f83ab416_full.jpg"	"2026-09-05T21:29:23.555753+00:00"
"[U:1:1485659922]"	"https://avatars.steamstatic.com/99182b9946f9967a20fa1c76909b770155a210e9_full.jpg"	"2026-09-05T21:29:23.555753+00:00"
"[U:1:1015227804]"	"https://avatars.steamstatic.com/b95bb6ff26e26dbdb749ddbf72ca306b6516a5d2_full.jpg"	"2026-09-05T21:29:23.555753+00:00"
"[U:1:92791425]"	"https://avatars.steamstatic.com/72a9d2f6ef36f22821011b051615612715032781_full.jpg"	"2026-09-05T21:29:23.555753+00:00"
"[U:1:1217836876]"	"https://avatars.steamstatic.com/60d8403d3b4062b7e7c77345ff4fd1b1eadb249a_full.jpg"	"2026-09-05T21:29:23.555753+00:00"
"[U:1:187493504]"	"https://avatars.steamstatic.com/6796cf53d1b12f7e70b34f2d02f69a41e1de3d81_full.jpg"	"2026-09-05T21:29:23.555753+00:00"
"[U:1:1318138495]"	"https://avatars.steamstatic.com/488f1ccc57b6c323b105e2a93aada5568d12087e_full.jpg"	"2026-09-05T21:29:23.555753+00:00"
"[U:1:1052001053]"	"https://avatars.steamstatic.com/fd49ed3fd96ed555fd0dfe6b0c28e494232c1084_full.jpg"	"2026-09-05T21:29:23.555753+00:00"
"[U:1:58477345]"	"https://avatars.steamstatic.com/1502f96efa6c4d308a49a4d3b95cac04245295ce_full.jpg"	"2026-09-05T21:29:23.555753+00:00"
"[U:1:952983636]"	"https://avatars.steamstatic.com/6e2529103f387d9a0cf804622ad1411f6901f334_full.jpg"	"2026-09-05T21:29:23.555753+00:00"
"[U:1:298954261]"	"https://avatars.steamstatic.com/16ff94624ff629208f50a094f5bfeaeb6fc9a95a_full.jpg"	"2026-09-05T21:29:23.555753+00:00"
"[U:1:299570025]"	"https://avatars.steamstatic.com/f565e8d2bd072c5ef4a0290e7d717dcdb9731af0_full.jpg"	"2026-09-05T21:29:23.555753+00:00"
"[U:1:121279752]"	"https://avatars.steamstatic.com/334440a1bd5a760430afab7826ba2e3be8f42bc1_full.jpg"	"2026-09-05T21:29:23.555753+00:00"
"[U:1:346746409]"	"https://avatars.steamstatic.com/032187435839cf481d14b534eda90f60bbe35114_full.jpg"	"2026-09-05T21:29:23.555753+00:00"
"[U:1:1488647454]"	"https://avatars.steamstatic.com/877ca287b800506045e1f832f25acaa9b7d094a1_full.jpg"	"2026-09-05T21:29:23.555753+00:00"
"[U:1:1602966915]"	"https://avatars.steamstatic.com/0d78db097055d23152d3c62b27e8aef219675208_full.jpg"	"2026-09-05T21:29:23.555753+00:00"
"[U:1:156710211]"	"https://avatars.steamstatic.com/a97a2663059064ad9b8f0d98f68e4a84a0cbe855_full.jpg"	"2026-09-05T21:29:23.555753+00:00"
"[U:1:57703697]"	"https://avatars.steamstatic.com/ad7f74201c18b9d569b7bb7e1bdb33fc0953dbf5_full.jpg"	"2026-09-05T21:29:23.555753+00:00"
"[U:1:160383102]"	"https://avatars.steamstatic.com/678ba12326d5e52d37fc6c93d387683a18652d75_full.jpg"	"2026-09-05T21:29:23.555753+00:00"
"[U:1:1032481852]"	"https://avatars.steamstatic.com/38e5c95901325385f7c15c14116832705e5de1a3_full.jpg"	"2026-09-05T21:29:23.555753+00:00"
"[U:1:71490524]"	"https://avatars.steamstatic.com/bd156b6542ae8176278c281b8600735a8b93e999_full.jpg"	"2026-09-05T21:29:23.555753+00:00"
"[U:1:179678955]"	"https://avatars.steamstatic.com/5a130ec3d4709fb8724f45a8efb7143d04542051_full.jpg"	"2026-09-05T21:29:23.555753+00:00"
"[U:1:42559487]"	"https://avatars.steamstatic.com/0013094aefa495ade9b1b7904d6f3dc0c7301359_full.jpg"	"2026-09-05T21:29:23.555753+00:00"
"[U:1:1203074720]"	"https://avatars.steamstatic.com/3e7fa82d331c950cc2dffca68c4e0f723849cff0_full.jpg"	"2026-09-05T21:29:23.555753+00:00"
"[U:1:238775357]"	"https://avatars.steamstatic.com/a95c483ceaf41ccbdb884b1bf83d9d718d60184b_full.jpg"	"2026-09-05T21:29:23.555753+00:00"
"[U:1:227448255]"	"https://avatars.steamstatic.com/f9ae261da37d70b5756e46ae52fdc610cfb7ad6e_full.jpg"	"2026-09-05T21:29:23.555753+00:00"
"[U:1:93704489]"	"https://avatars.steamstatic.com/28fde6f468adde1e377f67f5a0143fc74ed4f42d_full.jpg"	"2026-09-05T21:29:23.555753+00:00"
"[U:1:135988349]"	"https://avatars.steamstatic.com/553a211aebafa6fe26c5eceaeaed6f68ef3527b4_full.jpg"	"2026-09-05T21:29:23.555753+00:00"
"[U:1:1053685362]"	"https://avatars.steamstatic.com/ae20d4d57e55f98bb08b4b3923faaae535c7da63_full.jpg"	"2026-09-05T21:29:23.555753+00:00"
"[U:1:7072050]"	"https://avatars.steamstatic.com/c8b00ff426278122c236560611c1d674d0770f25_full.jpg"	"2026-09-05T21:29:23.555753+00:00"
"[U:1:420336930]"	"https://avatars.steamstatic.com/d6296494f1a3dbe53690eb650e557cd7752dd316_full.jpg"	"2026-09-05T21:29:23.555753+00:00"
"[U:1:202050946]"	"https://avatars.steamstatic.com/38359e328885c2c163032600ad9687c585443e31_full.jpg"	"2026-09-05T21:29:23.555753+00:00"
"[U:1:94173878]"	"https://avatars.steamstatic.com/73d95ca8619a45812426f9d35cb97d7d6692ff81_full.jpg"	"2026-09-05T21:29:23.555753+00:00"
"[U:1:168399960]"	"https://avatars.steamstatic.com/eb22f3765d54f6b65c2269d826cebf2fca39ffe4_full.jpg"	"2026-09-05T21:29:23.555753+00:00"
"[U:1:1839756568]"	"https://avatars.steamstatic.com/7136e36c8b4b8af740186190bfd9a81c1acdf95f_full.jpg"	"2026-09-05T21:29:23.555753+00:00"
"[U:1:95347856]"	"https://avatars.steamstatic.com/93483a635e6c1b4a269b1e7e31a33ffc313d50cb_full.jpg"	"2026-09-05T21:29:23.555753+00:00"
"[U:1:1147046421]"	"https://avatars.steamstatic.com/fef49e7fa7e1997310d705b2a6158ff8dc1cdfeb_full.jpg"	"2026-09-05T21:29:23.555753+00:00"
"[U:1:77334340]"	"https://avatars.steamstatic.com/52d56a0a682a86da8fdc6f143c262b34fff57c97_full.jpg"	"2026-09-05T21:29:23.555753+00:00"
"[U:1:1063144515]"	"https://avatars.steamstatic.com/dfb515726f227bbda5b323400400ac53afbbcdbc_full.jpg"	"2026-09-05T21:29:23.555753+00:00"
"[U:1:1032573254]"	"https://avatars.steamstatic.com/0227a240393e6d62f539ee7b306dd048b0830eeb_full.jpg"	"2026-09-05T21:29:23.555753+00:00"
"[U:1:95570755]"	"https://avatars.steamstatic.com/b23a878a16546143be0eeddd1df333ec72003078_full.jpg"	"2026-09-05T21:29:23.555753+00:00"
"[U:1:129431975]"	"https://avatars.steamstatic.com/935cd1a6ebc4df05bacb86b2882ec98492d03da3_full.jpg"	"2026-09-05T21:29:23.555753+00:00"
"[U:1:1423119057]"	"https://avatars.steamstatic.com/a0457bcd6dc5602dc8e215373f69766c275a9c69_full.jpg"	"2026-09-05T21:29:23.555753+00:00"
"[U:1:58003084]"	"https://avatars.steamstatic.com/0287e0706e9e052d091c3356be85de99745e3bbc_full.jpg"	"2026-09-05T21:29:23.555753+00:00"
"[U:1:187666333]"	"https://avatars.steamstatic.com/c566fb88e9f1f9e980006bb01094b7b0f6bb83b6_full.jpg"	"2026-09-05T21:29:23.555753+00:00"
"[U:1:300385308]"	"https://avatars.steamstatic.com/e7a9d64887ad8109608f7679adfc96d30718eac6_full.jpg"	"2026-09-05T21:29:23.555753+00:00"
"[U:1:348662557]"	"https://avatars.steamstatic.com/548d737e729e9bc267c2b0001f6b32f55b6566f5_full.jpg"	"2026-09-05T21:29:23.555753+00:00"
"[U:1:153871897]"	"https://avatars.steamstatic.com/f3807a6236fb64eca3614e83d88e51d802683dc6_full.jpg"	"2026-09-05T21:29:23.555753+00:00"
"[U:1:101143668]"	"https://avatars.steamstatic.com/965fb7535e3694ccfcef06d286acc2dc1645cce0_full.jpg"	"2026-09-05T21:29:23.555753+00:00"
"[U:1:49118415]"	"https://avatars.steamstatic.com/cbf2edd5a8e35e28fcfd39d2f01193dc7c8c7714_full.jpg"	"2026-09-05T21:29:23.555753+00:00"
"[U:1:1014141404]"	"https://avatars.steamstatic.com/52cee24962d92ff5e7805a902719297a79b4185a_full.jpg"	"2026-09-05T21:29:23.555753+00:00"
"[U:1:105396297]"	"https://avatars.steamstatic.com/378512a4fec696557a9a3c9073406ac6b88a3946_full.jpg"	"2026-09-05T21:29:23.555753+00:00"
"[U:1:775771506]"	"https://avatars.steamstatic.com/7e081444f3bb37795e96a2847d53b8b88a8a168f_full.jpg"	"2026-09-05T21:29:23.555753+00:00"
"[U:1:1880844300]"	"https://avatars.steamstatic.com/1502f96efa6c4d308a49a4d3b95cac04245295ce_full.jpg"	"2026-09-05T21:29:23.555753+00:00"
"[U:1:43161321]"	"https://avatars.steamstatic.com/debc0ff6979035de12b33d7108efce191da2f1af_full.jpg"	"2026-09-05T21:29:23.555753+00:00"
"[U:1:441114827]"	"https://avatars.steamstatic.com/d066c967dfeb6828090dce2824affd01697a8743_full.jpg"	"2026-09-05T21:29:23.555753+00:00"
"[U:1:839407693]"	"https://avatars.steamstatic.com/adca9cbbace1f283664b007042a96d531b1890aa_full.jpg"	"2026-09-05T21:29:23.555753+00:00"
"[U:1:1094381874]"	"https://avatars.steamstatic.com/8568c114965c36c9edf4666ec5b8d0ad0ee8edf3_full.jpg"	"2026-09-05T21:29:23.555753+00:00"
"[U:1:35435992]"	"https://avatars.steamstatic.com/cffd9f7a0634aec2e0ffe1c76a0fdef4cd487636_full.jpg"	"2026-09-05T21:29:23.555753+00:00"
"[U:1:1279072694]"	"https://avatars.steamstatic.com/196b2723f814d479ebad4b20c906f664bb29da0a_full.jpg"	"2026-09-05T21:29:23.555753+00:00"
"[U:1:1278158698]"	"https://avatars.steamstatic.com/4df3c768ef2b9b0fe818506aa8109f23423983a3_full.jpg"	"2026-09-05T21:29:23.555753+00:00"
"[U:1:962297090]"	"https://avatars.steamstatic.com/ae3b475531d3d31151b5b0c6484cbf6af466e874_full.jpg"	"2026-09-05T21:29:23.555753+00:00"
"[U:1:208068597]"	"https://avatars.steamstatic.com/5d205c7b5a9f623958944229cdb08a6aba7003dd_full.jpg"	"2026-09-05T21:29:23.555753+00:00"
"[U:1:1182946350]"	"https://avatars.steamstatic.com/a0705e417a78da3a26e5114c5226e6ec7b493ce1_full.jpg"	"2026-09-05T21:29:23.555753+00:00"
"[U:1:1302263176]"	"https://avatars.steamstatic.com/9ab854c23ad39c58c4a0dcb78a9104a2cd9691d4_full.jpg"	"2026-09-05T21:29:23.555753+00:00"
"[U:1:170297070]"	"https://avatars.steamstatic.com/28c86ac757249555d23a08d8b40723b5b1f487f6_full.jpg"	"2026-09-05T21:29:23.555753+00:00"
"[U:1:121229432]"	"https://avatars.steamstatic.com/9e1bf2e21181cc358e099be033cc8f2902ffd411_full.jpg"	"2026-09-05T21:29:23.555753+00:00"
"[U:1:206146315]"	"https://avatars.steamstatic.com/a1e9338b50a9506005667fdc78a4bb6309424b71_full.jpg"	"2026-09-05T21:29:23.555753+00:00"
"[U:1:207427571]"	"https://avatars.steamstatic.com/3bf5921a0ebdf20f7eebe889ba2d8744dbadc252_full.jpg"	"2026-09-05T21:29:23.555753+00:00"
"[U:1:18812602]"	"https://avatars.steamstatic.com/b6ec5034a7ce01b277c8f80ba3b0d22ddfaf0606_full.jpg"	"2026-09-05T21:29:23.555753+00:00"
"[U:1:1842199478]"	"https://avatars.steamstatic.com/f304083b2c29abcf53b61f0da3c637c44876ed25_full.jpg"	"2026-09-05T21:29:23.555753+00:00"
"[U:1:1043421465]"	"https://avatars.steamstatic.com/2387fca9fe9f87420858598ef8f93ff053ae9dfd_full.jpg"	"2026-09-05T21:29:23.555753+00:00"
"[U:1:97792271]"	"https://avatars.steamstatic.com/ddc8ecaafc595de14ceff1a17cdf9c31a782415d_full.jpg"	"2026-09-05T21:29:23.555753+00:00"
"[U:1:1240491796]"	"https://avatars.steamstatic.com/742834bce4f645f7f0d75ec38cbbbe0fea08d525_full.jpg"	"2026-09-05T21:29:23.555753+00:00"
"[U:1:353600946]"	"https://avatars.steamstatic.com/0fc81829f08fcd6fdc03235acb40363a0c1075b5_full.jpg"	"2026-09-05T21:29:23.555753+00:00"
"[U:1:96435243]"	"https://avatars.steamstatic.com/4c006c9af61c6d00821751cbaed84312717132f8_full.jpg"	"2026-09-05T21:29:23.555753+00:00"
"[U:1:436409383]"	"https://avatars.steamstatic.com/6f1ee9ecadd57e69bfc1472dc568d3328116abad_full.jpg"	"2026-09-05T21:29:23.555753+00:00"
"[U:1:353792286]"	"https://avatars.steamstatic.com/314b40ca16942435a9dfc2d18d61a8536c599ee0_full.jpg"	"2026-09-05T21:29:23.555753+00:00"
"[U:1:172208691]"	"https://avatars.steamstatic.com/aa4fa98a57a289a7a77592bbca499b830cb0e585_full.jpg"	"2026-09-05T21:29:23.555753+00:00"
"[U:1:1002703201]"	"https://avatars.steamstatic.com/b670b47a5e581059057fce8dbfe0b6166deca2e9_full.jpg"	"2026-09-05T21:29:23.555753+00:00"
"[U:1:98338918]"	"https://avatars.steamstatic.com/6f77d745f455990d99da2e6873715a494df78434_full.jpg"	"2026-09-05T21:29:23.555753+00:00"
"[U:1:187883616]"	"https://avatars.steamstatic.com/86927eddf87f78c3ce73847abd982f82c96d6232_full.jpg"	"2026-09-05T21:29:23.555753+00:00"
"[U:1:136600219]"	"https://avatars.steamstatic.com/d1272aacf59ea9163018386bcbac46df751fd6ad_full.jpg"	"2026-09-05T21:29:23.555753+00:00"
"[U:1:839375027]"	"https://avatars.steamstatic.com/9c0f196dc75ec807890841f6090e8a73d03a4340_full.jpg"	"2026-09-05T21:29:23.555753+00:00"
"[U:1:257664101]"	"https://avatars.steamstatic.com/ffab722c89e5a38eeedcc384f5f3d31ed9943fb2_full.jpg"	"2026-09-05T21:29:23.555753+00:00"
"[U:1:1013064291]"	"https://avatars.steamstatic.com/4472ab56d3200a4d1d5209d0bedf8bd9e880c8b6_full.jpg"	"2026-09-05T21:29:23.555753+00:00"
"[U:1:228618439]"	"https://avatars.steamstatic.com/e3a070b2f8da1581040217fcd431483a7927769b_full.jpg"	"2026-09-05T21:29:23.555753+00:00"
"[U:1:1741556860]"	"https://avatars.steamstatic.com/fef49e7fa7e1997310d705b2a6158ff8dc1cdfeb_full.jpg"	"2026-09-05T21:29:23.555753+00:00"
"[U:1:22073557]"	"https://avatars.steamstatic.com/5f0371ea89df1e2df865f1f9812236042f706bb4_full.jpg"	"2026-09-05T21:29:23.555753+00:00"
"[U:1:10940129]"	"https://avatars.steamstatic.com/5d81a7c3bdc6a5a96b39e0779709feefddc0f85e_full.jpg"	"2026-09-05T21:29:23.555753+00:00"
"[U:1:1070170243]"	"https://avatars.steamstatic.com/5deac7a92a09ac6a8cf867aaa9bd3d35e2af4bf4_full.jpg"	"2026-09-05T21:29:23.555753+00:00"
"[U:1:352343027]"	"https://avatars.steamstatic.com/a6cb4f17bc5b031eb2efed3e1dc84a498dd56d87_full.jpg"	"2026-09-05T21:29:23.555753+00:00"
"[U:1:353280266]"	"https://avatars.steamstatic.com/a5ea4f46826aa57fa3fa40ace07497ba07c0de33_full.jpg"	"2026-09-05T21:29:23.555753+00:00"
"[U:1:303005969]"	"https://avatars.steamstatic.com/f16dd21f66a65656c6a8c33413a9a2606d3126a6_full.jpg"	"2026-09-05T21:29:23.555753+00:00"
"[U:1:1206784613]"	"https://avatars.steamstatic.com/68b6e02d083b384c616d2d61b8637d75dbc96bfa_full.jpg"	"2026-09-05T21:29:23.555753+00:00"
"[U:1:187794573]"	"https://avatars.steamstatic.com/8fe817e9198a0e20f22d0ab5fdb649ed2b4cd48f_full.jpg"	"2026-09-05T21:29:23.555753+00:00"
"[U:1:350337965]"	"https://avatars.steamstatic.com/158750c74a29ddd0d58bc643e7b86eda0b9d199c_full.jpg"	"2026-09-05T21:29:23.555753+00:00"
"[U:1:1696316003]"	"https://avatars.steamstatic.com/bb9346b147c257b6001a1311540e98549d72c1ee_full.jpg"	"2026-09-05T21:29:23.555753+00:00"
"[U:1:839507913]"	"https://avatars.steamstatic.com/522cd5ca492994375dfec43da9acfcd69aa6c5c2_full.jpg"	"2026-09-05T21:29:23.555753+00:00"
"[U:1:44163670]"	"https://avatars.steamstatic.com/87db8de9f65776d533cefc6d6badfeb2a82871fe_full.jpg"	"2026-09-05T21:29:23.555753+00:00"
"[U:1:1209193633]"	"https://avatars.steamstatic.com/6757f81a15cf4e5ea854a16e44116970a4c9a4c6_full.jpg"	"2026-09-05T21:29:23.555753+00:00"
"[U:1:1279262118]"	"https://avatars.steamstatic.com/9bc44c609a4d00c4a31bff301cdaee12e425b023_full.jpg"	"2026-09-05T21:29:23.555753+00:00"
"[U:1:71526774]"	"https://avatars.steamstatic.com/42b48e30b56497e3d992c67ab2af3dd920109d5d_full.jpg"	"2026-09-05T21:29:23.555753+00:00"
"[U:1:84084788]"	"https://avatars.steamstatic.com/bdc5d2f0777cd7467d0aef6c0d330761a747dddd_full.jpg"	"2026-09-05T21:29:23.555753+00:00"
"[U:1:12219082]"	"https://avatars.steamstatic.com/cebd7359212584a7f258ecc65e4556e7c4333df3_full.jpg"	"2026-09-05T21:29:23.555753+00:00"
"[U:1:83912053]"	"https://avatars.steamstatic.com/69dd99d211afa597e133bc35eb56051d1ee1c078_full.jpg"	"2026-09-05T21:29:23.555753+00:00"
"[U:1:59327162]"	"https://avatars.steamstatic.com/3c29c328d25782946ccd03c774de2e0ee7bf97b9_full.jpg"	"2026-09-05T21:29:23.555753+00:00"
"[U:1:204714894]"	"https://avatars.steamstatic.com/67abe9d574bf41e1531c597abcf68c271e9c3d24_full.jpg"	"2026-09-05T21:29:23.555753+00:00"
"[U:1:838978663]"	"https://avatars.steamstatic.com/38a5ca4481e23fbb902781c56a67025136402e8b_full.jpg"	"2026-09-05T21:29:23.555753+00:00"
"[U:1:35327012]"	"https://avatars.steamstatic.com/5eb679d9d8e8be71754696ffe4efb7a1949640c6_full.jpg"	"2026-09-05T21:29:23.555753+00:00"
"[U:1:1162024063]"	"https://avatars.steamstatic.com/7c4449a9031a513932219a7c6f555ec68ebed5bf_full.jpg"	"2026-09-05T21:29:23.555753+00:00"
"[U:1:1841112269]"	"https://avatars.steamstatic.com/39229b8bda24a57e1b4a4e0beeb3dc64eca4e1a2_full.jpg"	"2026-09-05T21:29:23.555753+00:00"
"[U:1:160957083]"	"https://avatars.steamstatic.com/33cd398e0d9c702d7053590dabef9c157e57e910_full.jpg"	"2026-09-05T21:29:23.555753+00:00"
"[U:1:1506187606]"	"https://avatars.steamstatic.com/9ed82245287d41ae84c43da31be306f0027432ef_full.jpg"	"2026-09-05T21:29:23.555753+00:00"
"[U:1:1074405526]"	"https://avatars.steamstatic.com/833c44bec1b65b2f322f86674ed9b5d7c9e05cb7_full.jpg"	"2026-09-05T21:29:23.555753+00:00"
"[U:1:350461208]"	"https://avatars.steamstatic.com/6cabde2668b873001eaab82a1bd35f6056df2d96_full.jpg"	"2026-09-05T21:29:23.555753+00:00"
"[U:1:59270678]"	"https://avatars.steamstatic.com/cd749f4cac89d50d05fef0e1f68a37271f91accf_full.jpg"	"2026-09-05T21:29:23.555753+00:00"
"[U:1:187960209]"	"https://avatars.steamstatic.com/cc65b2e51c12c364fdb62d61b2232e804b4c789a_full.jpg"	"2026-09-05T21:29:23.555753+00:00"
"[U:1:220841526]"	"https://avatars.steamstatic.com/ba40861dbf386feea786456dbebb0e1ecd7f0cc4_full.jpg"	"2026-09-05T21:29:23.555753+00:00"
"[U:1:116817641]"	"https://avatars.steamstatic.com/14fadafa8db55441908d28203ad474057b0d41f1_full.jpg"	"2026-09-05T21:29:23.555753+00:00"
"[U:1:1280000978]"	"https://avatars.steamstatic.com/fef49e7fa7e1997310d705b2a6158ff8dc1cdfeb_full.jpg"	"2026-09-05T21:29:23.555753+00:00"
"[U:1:433394347]"	"https://avatars.steamstatic.com/8168bc43154031d761e814c0e81f108d2afc6067_full.jpg"	"2026-09-05T21:29:23.555753+00:00"
"[U:1:96988503]"	"https://avatars.steamstatic.com/80118dd1446276f5bbc0790c4e9b251e690b9948_full.jpg"	"2026-09-05T21:29:23.555753+00:00"
"[U:1:302629161]"	"https://avatars.steamstatic.com/5289c10ea0a48ef85911623173dc1b55aa3251d4_full.jpg"	"2026-09-05T21:29:23.555753+00:00"
"[U:1:77869488]"	"https://avatars.steamstatic.com/b7caedbe8d0c846dc8e113a00086fec3c76e3294_full.jpg"	"2026-09-05T21:29:23.555753+00:00"
"[U:1:1135751770]"	"https://avatars.steamstatic.com/23a59b843be27a273aec3300a5674c99c3489eb6_full.jpg"	"2026-09-05T21:29:23.555753+00:00"
"[U:1:1423489799]"	"https://avatars.steamstatic.com/bd77235baceb746e1bec9d6102792507ce32b412_full.jpg"	"2026-09-05T21:29:23.555753+00:00"
"[U:1:354348865]"	"https://avatars.steamstatic.com/e5a9f2c3e6b50a279455fe4432cc46cf91419a08_full.jpg"	"2026-09-05T21:29:23.555753+00:00"
"[U:1:220793017]"	"https://avatars.steamstatic.com/af9644eb1bb5a7eda9db2e2429ea2904574fe1dd_full.jpg"	"2026-09-05T21:29:23.555753+00:00"
"[U:1:109388448]"	"https://avatars.steamstatic.com/604d026368de3880c4a82f2b7f99057d312d88cf_full.jpg"	"2026-09-05T21:29:23.555753+00:00"
"[U:1:1541575247]"	"https://avatars.steamstatic.com/d4a2fb923e627555b15fe0403c26fbf4283c5087_full.jpg"	"2026-09-05T21:29:23.555753+00:00"
"[U:1:188214269]"	"https://avatars.steamstatic.com/897a98af2fe0c1169811ae6ee1f1086c6c9efb4d_full.jpg"	"2026-09-05T21:29:23.555753+00:00"
"[U:1:101139693]"	"https://avatars.steamstatic.com/52a0bfd5ef911f194f08902d454b7090af763fb2_full.jpg"	"2026-09-05T21:29:23.555753+00:00"
"[U:1:97570168]"	"https://avatars.steamstatic.com/bcbb3b351babf62560b6fff846c4254e475cc365_full.jpg"	"2026-09-05T21:29:23.555753+00:00"
"[U:1:116827784]"	"https://avatars.steamstatic.com/83fc4ab744cfabbbd7f8d4e061da800fc78ff2b2_full.jpg"	"2026-09-05T21:29:23.555753+00:00"
"[U:1:353095246]"	"https://avatars.steamstatic.com/b675dfe535ab12789ba8b32a46ea602898cf1abb_full.jpg"	"2026-09-05T21:29:23.555753+00:00"
"[U:1:97195153]"	"https://avatars.steamstatic.com/1e13d505baf60be37f47b3b53fdc67f71ca88a12_full.jpg"	"2026-09-05T21:29:23.555753+00:00"
"[U:1:988200750]"	"https://avatars.steamstatic.com/5005f44b15b5496235880ff80f86d8bb703b03e2_full.jpg"	"2026-09-05T21:29:23.555753+00:00"
"[U:1:71891723]"	"https://avatars.steamstatic.com/035277356eadec888bb47e41cbd75a08a34a56d3_full.jpg"	"2026-09-05T21:29:23.555753+00:00"
"[U:1:204034089]"	"https://avatars.steamstatic.com/9058bb19c9a1bca23b2aa5e9da9571e655ea42ce_full.jpg"	"2026-09-05T21:29:23.555753+00:00"
"[U:1:1258785478]"	"https://avatars.steamstatic.com/de499aa3dbcd009cb6cba5682f0ddb3ed6116c65_full.jpg"	"2026-09-05T21:29:23.555753+00:00"
"[U:1:43290820]"	"https://avatars.steamstatic.com/fef49e7fa7e1997310d705b2a6158ff8dc1cdfeb_full.jpg"	"2026-09-05T21:29:23.555753+00:00"
"[U:1:1052080076]"	"https://avatars.steamstatic.com/1f5010e20ac573a226d834df3ca9a4934cdab3e5_full.jpg"	"2026-09-05T21:29:23.555753+00:00"
"[U:1:970618054]"	"https://avatars.steamstatic.com/aaf10a474bd5ea9849c71f1038ffe0956ee183af_full.jpg"	"2026-09-05T21:29:23.555753+00:00"
"[U:1:109413653]"	"https://avatars.steamstatic.com/a63a572ae2d70739784ffc88546121a334cc8be8_full.jpg"	"2026-09-05T21:29:23.555753+00:00"
"[U:1:840131251]"	"https://avatars.steamstatic.com/edfedb06da87643f1fae15f597adbde9c81e4795_full.jpg"	"2026-09-05T21:29:23.555753+00:00"
"[U:1:207559878]"	"https://avatars.steamstatic.com/2546fd07e9cdd3b2c3b00967af4c744a54c50dec_full.jpg"	"2026-09-05T21:29:23.555753+00:00"
"[U:1:838668833]"	"https://avatars.steamstatic.com/098a5dc25b46c787dbc9c9d0aabe231732ca7e03_full.jpg"	"2026-09-05T21:29:23.555753+00:00"
"[U:1:99143344]"	"https://avatars.steamstatic.com/bcab8d325d136502794ec7ff31405d18b481095c_full.jpg"	"2026-09-05T21:29:23.555753+00:00"
"[U:1:1162118303]"	"https://avatars.steamstatic.com/26ea53f204bf4396a7b1a0b66a7e86ce6c36a079_full.jpg"	"2026-09-05T21:29:23.555753+00:00"
"[U:1:1708659490]"	"https://avatars.steamstatic.com/f996e142b372106b220b22f86568598e0259b165_full.jpg"	"2026-09-05T21:29:23.555753+00:00"
"[U:1:477566985]"	"https://avatars.steamstatic.com/106f79a704637c66eba7197fa488dc15ce428861_full.jpg"	"2026-09-05T21:29:23.555753+00:00"
"[U:1:1222457406]"	"https://avatars.steamstatic.com/fef49e7fa7e1997310d705b2a6158ff8dc1cdfeb_full.jpg"	"2026-09-05T21:29:23.555753+00:00"
"[U:1:11301289]"	"https://avatars.steamstatic.com/ad6466af45214608766a292194e3ae1c9b284513_full.jpg"	"2026-09-05T21:29:23.555753+00:00"
"[U:1:459828674]"	"https://avatars.steamstatic.com/8b981f498521a9d96a7d5aa5b3d0ac64614304c5_full.jpg"	"2026-09-05T21:29:23.555753+00:00"
"[U:1:1289513156]"	"https://avatars.steamstatic.com/ceaef8f9216da0143a7e8a24ba72f9b451c4e859_full.jpg"	"2026-09-05T21:29:23.555753+00:00"
"[U:1:445490271]"	"https://avatars.steamstatic.com/7159b066c94c565db3adb75b547538c8ddd2010a_full.jpg"	"2026-09-05T21:29:23.555753+00:00"
"[U:1:150276416]"	"https://avatars.steamstatic.com/2780e359eb4c89ee57ae5c98474b84fcfc4b5cb3_full.jpg"	"2026-09-05T21:29:23.555753+00:00"
"[U:1:1525718009]"	"https://avatars.steamstatic.com/d67fc88bdca25d91ac704f71cda010b59d1eb1bf_full.jpg"	"2026-09-05T21:29:23.555753+00:00"
"[U:1:843158296]"	"https://avatars.steamstatic.com/6a5102eb00f5dff0cb949b7147a3b36b43f979dd_full.jpg"	"2026-09-05T21:29:23.555753+00:00"
"[U:1:1024113398]"	"https://avatars.steamstatic.com/99cb0bb62025edf5cb7c3aacbdebb1b0d810279e_full.jpg"	"2026-09-05T21:29:23.555753+00:00"
"[U:1:152947130]"	"https://avatars.steamstatic.com/c1f5de454901c6746076b25656f43d86da716540_full.jpg"	"2026-09-05T21:29:23.555753+00:00"
"[U:1:121077342]"	"https://avatars.steamstatic.com/bd162d28bca4a827f0ef7dc55954cea2068f1eac_full.jpg"	"2026-09-05T21:29:23.555753+00:00"
"[U:1:445493742]"	"https://avatars.steamstatic.com/1b93fa01dbf56da2f4b51ad6368e39306fb23136_full.jpg"	"2026-09-05T21:29:23.555753+00:00"
"[U:1:99857276]"	"https://avatars.steamstatic.com/f1a6b2e86ce3414b85c6a8987c161e509f6ca4d9_full.jpg"	"2026-09-05T21:29:23.555753+00:00"
"[U:1:131425954]"	"https://avatars.steamstatic.com/8b92aa47f2361ab13e5bb1b0206ef809ca15c47d_full.jpg"	"2026-09-05T21:29:23.555753+00:00"
"[U:1:60350352]"	"https://avatars.steamstatic.com/e2db5e2825712329f49ada5e709d504bf5fa924f_full.jpg"	"2026-09-05T21:29:23.555753+00:00"
"[U:1:142736677]"	"https://avatars.steamstatic.com/f3fdf7b7d0f720829064026dda1a562faafff200_full.jpg"	"2026-09-05T21:29:23.555753+00:00"
"[U:1:223462546]"	"https://avatars.steamstatic.com/2469d97923cc91cafbe64d7cbc97521c7c92e844_full.jpg"	"2026-09-05T21:29:23.555753+00:00"
"[U:1:208314294]"	"https://avatars.steamstatic.com/914892d19c34a69e75ade1dfa9d2f2c0af0084ba_full.jpg"	"2026-09-05T21:29:23.555753+00:00"
"[U:1:97595650]"	"https://avatars.steamstatic.com/df2575aac257927df4b6dbf2041e124a76c1cb58_full.jpg"	"2026-09-05T21:29:23.555753+00:00"
"[U:1:180001795]"	"https://avatars.steamstatic.com/ffc5526670372b0822ab8fb17f0578a3ea0fda57_full.jpg"	"2026-09-05T21:29:23.555753+00:00"
"[U:1:901640896]"	"https://avatars.steamstatic.com/fb8e295cdea1bfcca44fed2a7f71a3fa8889014a_full.jpg"	"2026-09-05T21:29:23.555753+00:00"
"[U:1:1841524582]"	"https://avatars.steamstatic.com/005bde8623034681e4593565551034f5bca80411_full.jpg"	"2026-09-05T21:29:23.555753+00:00"
"[U:1:999893021]"	"https://avatars.steamstatic.com/a590abe5a14fdcf29d297633d8fe35ffa8997c85_full.jpg"	"2026-09-05T21:29:23.555753+00:00"
"[U:1:259412643]"	"https://avatars.steamstatic.com/3f6b11935038e5f00870e35cb0b776c7cc6c497e_full.jpg"	"2026-09-05T21:29:23.555753+00:00"
"[U:1:132364556]"	"https://avatars.steamstatic.com/188fec515d2756246876d1e4e53b1d7675e41e50_full.jpg"	"2026-09-05T21:29:23.555753+00:00"
"[U:1:35647254]"	"https://avatars.steamstatic.com/95d8902745ec45e59f9ab2138042fad789dce99b_full.jpg"	"2026-09-05T21:29:23.555753+00:00"
"[U:1:108394530]"	"https://avatars.steamstatic.com/1222b3cf4f9eb44d7cb1a431d65bcf66c99764db_full.jpg"	"2026-09-05T21:29:23.555753+00:00"
"[U:1:150211733]"	"https://avatars.steamstatic.com/a54f99c39f1bd6d4a63bfad157df35d671558da1_full.jpg"	"2026-09-05T21:29:23.555753+00:00"
"[U:1:358616240]"	"https://avatars.steamstatic.com/76c1910f1d943a6e5f36e5502f72f3718f2e6f5c_full.jpg"	"2026-09-05T21:29:23.555753+00:00"
"[U:1:307384302]"	"https://avatars.steamstatic.com/671a2a776d722df3492d1d60886ee1fc79333027_full.jpg"	"2026-09-05T21:29:23.555753+00:00"
"[U:1:60014587]"	"https://avatars.steamstatic.com/66de6bfd3301e9f4b6148e37b3c3f7f6ba2ef8e7_full.jpg"	"2026-09-05T21:29:23.555753+00:00"
"[U:1:1851973516]"	"https://avatars.steamstatic.com/73bcf5daefa3967adcfb6030098d9b6524294f72_full.jpg"	"2026-09-05T21:29:23.555753+00:00"
"[U:1:1281288684]"	"https://avatars.steamstatic.com/837253cff4584cec79f7ccefe19d3af1266b1f58_full.jpg"	"2026-09-05T21:29:23.555753+00:00"
"[U:1:209075412]"	"https://avatars.steamstatic.com/8e671ed4a72c86cea9f490f17586816a724eacea_full.jpg"	"2026-09-05T21:29:23.555753+00:00"
"[U:1:453911092]"	"https://avatars.steamstatic.com/e0e0cd037c4346dc246f5ba73eaddd1e559b6cd4_full.jpg"	"2026-09-05T21:29:23.555753+00:00"
"[U:1:443837267]"	"https://avatars.steamstatic.com/e31ce13a4e2a8c5eb85b0da6ef5033a511d1553b_full.jpg"	"2026-09-05T21:29:23.555753+00:00"
"[U:1:181447717]"	"https://avatars.steamstatic.com/34adcd2a2c63e40ce323f872f4781ef5ee322413_full.jpg"	"2026-09-05T21:29:23.555753+00:00"
"[U:1:84656910]"	"https://avatars.steamstatic.com/fef49e7fa7e1997310d705b2a6158ff8dc1cdfeb_full.jpg"	"2026-09-05T21:29:23.555753+00:00"
"[U:1:165628814]"	"https://avatars.steamstatic.com/110ae8f4f2f4635df29ce1ba31d1e6055740a080_full.jpg"	"2026-09-05T21:29:23.555753+00:00"
"[U:1:1313835890]"	"https://avatars.steamstatic.com/95e5439aa5469be7b83b1dfea2a0734265a3e5ca_full.jpg"	"2026-09-05T21:29:23.555753+00:00"
"[U:1:461358134]"	"https://avatars.steamstatic.com/1f25793b492402753ff22d828ea49223e2850b3d_full.jpg"	"2026-09-05T21:29:23.555753+00:00"
"[U:1:1609944493]"	"https://avatars.steamstatic.com/c495fdb7b1071be550e3b8805522fe689d703349_full.jpg"	"2026-09-05T21:29:23.555753+00:00"
"[U:1:362809789]"	"https://avatars.steamstatic.com/4f7de1cd989b0f7faf5130b8e8b8a0842927d22b_full.jpg"	"2026-09-05T21:29:23.555753+00:00"
"[U:1:319453302]"	"https://avatars.steamstatic.com/e3ea789442d331fe0244f6f1ae0d2e3d1d958cca_full.jpg"	"2026-09-05T21:29:23.555753+00:00"
"[U:1:842750796]"	"https://avatars.steamstatic.com/51cf181081a4d7d8e95030d09cc2cd7c5b5426b9_full.jpg"	"2026-09-05T21:29:23.555753+00:00"
"[U:1:291113518]"	"https://avatars.steamstatic.com/6fb7ae5949e54c06fb2f14e269a0e27d1432b8fb_full.jpg"	"2026-09-05T21:29:23.555753+00:00"
"[U:1:1128644438]"	"https://avatars.steamstatic.com/2028eb32e7908afcb6e95bdbb0e5c33db2af59ff_full.jpg"	"2026-09-05T21:29:23.555753+00:00"
"[U:1:1168936739]"	"https://avatars.steamstatic.com/a23a83617594be08c2c4c656d82c0b7691e16d2e_full.jpg"	"2026-09-05T21:29:23.555753+00:00"
"[U:1:446738736]"	"https://avatars.steamstatic.com/d869fe338aa904e8000b8ac291bcb24b4cb8d0ad_full.jpg"	"2026-09-05T21:29:23.555753+00:00"
"[U:1:839661309]"	"https://avatars.steamstatic.com/9735b40e3b9bcd68ef76b6d8df951d61d0cfc66e_full.jpg"	"2026-09-05T21:29:23.555753+00:00"
"[U:1:1142170296]"	"https://avatars.steamstatic.com/cf0ccd582b38e77f914369b1f212d4c277fb3b26_full.jpg"	"2026-09-05T21:29:23.555753+00:00"
"[U:1:46899599]"	"https://avatars.steamstatic.com/b95526223f1993a2b84b633a75f40adf6817335b_full.jpg"	"2026-09-05T21:29:23.555753+00:00"
"[U:1:11504456]"	"https://avatars.steamstatic.com/4461b58288a35f3b0e3861a024fdbf217f8352e9_full.jpg"	"2026-09-05T21:29:23.555753+00:00"
"[U:1:1033756077]"	"https://avatars.steamstatic.com/e6b60c31cc53c3529ad97dd4905988edcb32853d_full.jpg"	"2026-09-05T21:29:23.555753+00:00"
"[U:1:1533949036]"	"https://avatars.steamstatic.com/76372fcb28dd27d9685e84533fb195109e81d1d1_full.jpg"	"2026-09-05T21:29:23.555753+00:00"
"[U:1:1260069472]"	"https://avatars.steamstatic.com/346e9ce1c40ff3c813e52b4828707980421067c3_full.jpg"	"2026-09-05T21:29:23.555753+00:00"
"[U:1:159310126]"	"https://avatars.steamstatic.com/45c548886b7d91cd5905347e002524f7b0d09ae2_full.jpg"	"2026-09-05T21:29:23.555753+00:00"
"[U:1:97625533]"	"https://avatars.steamstatic.com/c064b0ff4bf78cac26820dab7831779e01e17bbd_full.jpg"	"2026-09-05T21:29:23.555753+00:00"
"[U:1:84309084]"	"https://avatars.steamstatic.com/9f004528ecb68964f420ed77b847d705408790fb_full.jpg"	"2026-09-05T21:29:23.555753+00:00"
"[U:1:841819490]"	"https://avatars.steamstatic.com/f1bce7ca15c11d5dbf97e3913d872b48be466e78_full.jpg"	"2026-09-05T21:29:23.555753+00:00"
"[U:1:243931920]"	"https://avatars.steamstatic.com/9ca8cfd9ffbd55a15133c28f55b9b81d203bb7bb_full.jpg"	"2026-09-05T21:29:23.555753+00:00"
"[U:1:1851930090]"	"https://avatars.steamstatic.com/1b0b01cc57ddb56058cd3c069de41b7f0bdc9f19_full.jpg"	"2026-09-05T21:29:23.555753+00:00"
"[U:1:1730221372]"	"https://avatars.steamstatic.com/7f34cf102f6f7aa73c8d67654a1a0fd16d046700_full.jpg"	"2026-09-05T21:29:23.555753+00:00"
"[U:1:30560586]"	"https://avatars.steamstatic.com/4cd4e9cbf1de1a2097f8bbdf1ab4746801319f4d_full.jpg"	"2026-09-05T21:29:23.555753+00:00"
"[U:1:87529735]"	"https://avatars.steamstatic.com/4ade7a8e9fbff46bdfa8be0d5749cfdd9c9ef3da_full.jpg"	"2026-09-05T21:29:23.555753+00:00"
"[U:1:104837872]"	"https://avatars.steamstatic.com/3f80f5c7bbad29b24613c2637d28b20e0187b802_full.jpg"	"2026-09-05T21:29:23.555753+00:00"
"[U:1:845304041]"	"https://avatars.steamstatic.com/e581374c524b18433e9987f60349ac641ae34d25_full.jpg"	"2026-09-05T21:29:23.555753+00:00"
"[U:1:116814680]"	"https://avatars.steamstatic.com/a41301d4b9e1d39dda8f88f1c057b74f846482c7_full.jpg"	"2026-09-05T21:29:23.555753+00:00"
"[U:1:999866206]"	"https://avatars.steamstatic.com/0516d9204305c97c7264f43d1d7cdb69f074c774_full.jpg"	"2026-09-05T21:29:23.555753+00:00"
"[U:1:1150042796]"	"https://avatars.steamstatic.com/09b4237ea644f06927e481efb37b967053f674d8_full.jpg"	"2026-09-05T21:29:23.555753+00:00"
"[U:1:1150045382]"	"https://avatars.steamstatic.com/1e2404d837e1ac4b3a6f0aa4fd76417bb20a1753_full.jpg"	"2026-09-05T21:29:23.555753+00:00"
"[U:1:990130416]"	"https://avatars.steamstatic.com/30ef70c7292bbc6708fd21f22f5478e7a57baefd_full.jpg"	"2026-09-05T21:29:23.555753+00:00"
"[U:1:234528307]"	"https://avatars.steamstatic.com/386cbeff3ef9ab897d65c8f026e45b1b33f9fa3d_full.jpg"	"2026-09-05T21:29:23.555753+00:00"
"[U:1:87463349]"	"https://avatars.steamstatic.com/310f2bea937f3a0fab020a4f4cfa85ed9d843839_full.jpg"	"2026-09-05T21:29:23.555753+00:00"
"[U:1:165759468]"	"https://avatars.steamstatic.com/617d1ff6f46f08c7fa846bd69b19e2d89eba4726_full.jpg"	"2026-09-05T21:29:23.555753+00:00"
"[U:1:1906449073]"	"https://avatars.steamstatic.com/a2a67750b4f1b7b62b8094f544a30da4b909db00_full.jpg"	"2026-09-05T21:29:23.555753+00:00"
"[U:1:1729791438]"	"https://avatars.steamstatic.com/75d7cde033bc854f574b91ecf6f474152d520329_full.jpg"	"2026-09-05T21:29:23.555753+00:00"
"[U:1:98858580]"	"https://avatars.steamstatic.com/33e2fc63cf9fb7a4277313ed9db973e9f73aa850_full.jpg"	"2026-09-05T21:29:23.555753+00:00"
"[U:1:1827668937]"	"https://avatars.steamstatic.com/ae5a68961d9e76e137c4c132f997ce926e985a6a_full.jpg"	"2026-09-05T21:29:23.555753+00:00"
"[U:1:398048246]"	"https://avatars.steamstatic.com/8ef95aa45607c596191c0181c325c933114b5c00_full.jpg"	"2026-09-05T21:29:23.555753+00:00"
"[U:1:159315383]"	"https://avatars.steamstatic.com/ae3b475531d3d31151b5b0c6484cbf6af466e874_full.jpg"	"2026-09-05T21:29:23.555753+00:00"
"[U:1:1169592878]"	"https://avatars.steamstatic.com/d87b799d9f1ae1ccd63a08a654411257f53904d0_full.jpg"	"2026-09-05T21:29:23.555753+00:00"
"[U:1:355908853]"	"https://avatars.steamstatic.com/f531a40bb1dc584d912e512b1e87c92ead739875_full.jpg"	"2026-09-05T21:29:23.555753+00:00"
"[U:1:234534161]"	"https://avatars.steamstatic.com/1cf0db9651e454077aa4f9b73bdd810a5209e0b6_full.jpg"	"2026-09-05T21:29:23.555753+00:00"
"[U:1:35756122]"	"https://avatars.steamstatic.com/37c3e40e1d153b222b465b522b4aa46c2f21dc6c_full.jpg"	"2026-09-05T21:29:23.555753+00:00"
"[U:1:844408069]"	"https://avatars.steamstatic.com/87b8083ee7f1633479d448b48c1c37258aa2608b_full.jpg"	"2026-09-05T21:29:23.555753+00:00"
"[U:1:778253685]"	"https://avatars.steamstatic.com/82137e47b1e5cf1b7d6a9e74a93f4b3d6862a9f5_full.jpg"	"2026-09-05T21:29:23.555753+00:00"
"[U:1:78062592]"	"https://avatars.steamstatic.com/d4d72b28bad543bdc5bab82870959dd81bab640d_full.jpg"	"2026-09-05T21:29:23.555753+00:00"
"[U:1:1120936014]"	"https://avatars.steamstatic.com/7528f61cdb15100f3c6fb3021a85a86c296b40de_full.jpg"	"2026-09-05T21:29:23.555753+00:00"
"[U:1:977252951]"	"https://avatars.steamstatic.com/a4b9c40d79a0739cefafd735b49520480fc11ed0_full.jpg"	"2026-09-05T21:29:23.555753+00:00"
"[U:1:842482104]"	"https://avatars.steamstatic.com/f05078aef280b9317cafb9c8c69accaf68b28da3_full.jpg"	"2026-09-05T21:29:23.555753+00:00"
"[U:1:71786975]"	"https://avatars.steamstatic.com/a627d3c0e9fe310d6ce9538c3594376522acbb00_full.jpg"	"2026-09-05T21:29:23.555753+00:00"
"[U:1:1142326374]"	"https://avatars.steamstatic.com/17145d5ae877e5562bac5deced1246c186a6f41c_full.jpg"	"2026-09-05T21:29:23.555753+00:00"
"[U:1:131407145]"	"https://avatars.steamstatic.com/9362e1ea4dd7548ddd313c1ecd94205a9b70c283_full.jpg"	"2026-09-05T21:29:23.555753+00:00"
"[U:1:39816373]"	"https://avatars.steamstatic.com/2f3c59d41f8c760857d784c3cc3b402372cb4e8e_full.jpg"	"2026-09-05T21:29:23.555753+00:00"
"[U:1:11154714]"	"https://avatars.steamstatic.com/53bb1d6df2efcc95b7ec172e8a2d0d36a38d4d5f_full.jpg"	"2026-09-05T21:29:23.555753+00:00"
"[U:1:1148779776]"	"https://avatars.steamstatic.com/b0404c4a6b080603ebd4797d074dcb0ad3b08221_full.jpg"	"2026-09-05T21:29:23.555753+00:00"
"[U:1:303271177]"	"https://avatars.steamstatic.com/ea3be1b205b46946e5dd1c3de3946fa9e0932b07_full.jpg"	"2026-09-05T21:29:23.555753+00:00"
"[U:1:182812748]"	"https://avatars.steamstatic.com/359e61fec66e9562d96687f4058fb90de7b61d7a_full.jpg"	"2026-09-05T21:29:23.555753+00:00"
"[U:1:1473072019]"	"https://avatars.steamstatic.com/ce012bdeaa348457e1e779be5b50e3d0770e86df_full.jpg"	"2026-09-05T21:29:23.555753+00:00"
"[U:1:1115477534]"	"https://avatars.steamstatic.com/fef49e7fa7e1997310d705b2a6158ff8dc1cdfeb_full.jpg"	"2026-09-05T21:29:23.555753+00:00"
"[U:1:110228373]"	"https://avatars.steamstatic.com/6fbe36b36d6126779494cfdd6a2c4b21567af9d1_full.jpg"	"2026-09-05T21:29:23.555753+00:00"
"[U:1:134922032]"	"https://avatars.steamstatic.com/2253fb1237252296eb6a8f7b19c9675b7420623c_full.jpg"	"2026-09-05T21:29:23.555753+00:00"
"[U:1:159336485]"	"https://avatars.steamstatic.com/b785aa730d2186b389feab633dbcd3347df9dc0b_full.jpg"	"2026-09-05T21:29:23.555753+00:00"
"[U:1:319172053]"	"https://avatars.steamstatic.com/b5671d23b0d722afe8a5024dd0974ce36466feeb_full.jpg"	"2026-09-05T21:29:23.555753+00:00"
"[U:1:65145712]"	"https://avatars.steamstatic.com/ff040749ba35e3ceb19ffc8ebd469ccbf23c6455_full.jpg"	"2026-09-05T21:29:23.555753+00:00"
"[U:1:133545397]"	"https://avatars.steamstatic.com/1c07973d486c12aa47239152a43523dcac5574c9_full.jpg"	"2026-09-05T21:29:23.555753+00:00"
"[U:1:68695751]"	"https://avatars.steamstatic.com/fee61407bdbb471b4bee1db2ec25a8bc9ef5362c_full.jpg"	"2026-09-05T21:29:23.555753+00:00"
"[U:1:119154459]"	"https://avatars.steamstatic.com/4b46e1c8da98a8fee0519e81c1e1d31fcc388b83_full.jpg"	"2026-09-05T21:29:23.555753+00:00"
"[U:1:378329413]"	"https://avatars.steamstatic.com/f1a7c160fcb71c161e6bf2207712e1c504adb282_full.jpg"	"2026-09-05T21:29:23.555753+00:00"
"[U:1:1628933060]"	"https://avatars.steamstatic.com/8a72213d973cf126fbac89342eb0d94f7cca3544_full.jpg"	"2026-09-05T21:29:23.555753+00:00"
"[U:1:1142818935]"	"https://avatars.steamstatic.com/35b5cf4c25a9d0d572fc64097451a6eefaf3d466_full.jpg"	"2026-09-05T21:29:23.555753+00:00"
"[U:1:81666656]"	"https://avatars.steamstatic.com/af74fbd64fd95fa0b3c16d79b6230f39d774f907_full.jpg"	"2026-09-05T21:29:23.555753+00:00"
"[U:1:1004222637]"	"https://avatars.steamstatic.com/08f59d4620665473d3cfd2d01eec5c6b4b748b43_full.jpg"	"2026-09-05T21:29:23.555753+00:00"
"[U:1:133554365]"	"https://avatars.steamstatic.com/c4b4eda67a570b3bdf9e053a54d4c9d19de2d5c8_full.jpg"	"2026-09-05T21:29:23.555753+00:00"
"[U:1:263721228]"	"https://avatars.steamstatic.com/4d084d7dc7ed4c3c75ea352ded8a53766661a919_full.jpg"	"2026-09-05T21:29:23.555753+00:00"
"[U:1:1349550976]"	"https://avatars.steamstatic.com/5628aa1e4377bbdc9e3619a0b41b08ae722baed5_full.jpg"	"2026-09-05T21:29:23.555753+00:00"
"[U:1:1890998083]"	"https://avatars.steamstatic.com/3ac419624d027a36ddbe45ca410294f449544b0e_full.jpg"	"2026-09-05T21:29:23.555753+00:00"
"[U:1:303234424]"	"https://avatars.steamstatic.com/be42fa97d61928d73be7cfea8d8627c902db9259_full.jpg"	"2026-09-05T21:29:23.555753+00:00"
"[U:1:333483601]"	"https://avatars.steamstatic.com/e1c2a973eb3dffcc18b0b48a114e46cca385a5a3_full.jpg"	"2026-09-05T21:29:23.555753+00:00"
"[U:1:90410807]"	"https://avatars.steamstatic.com/28746d972044ecb4ed7cdc94ec4453cb6c9e3a07_full.jpg"	"2026-09-05T21:29:23.555753+00:00"
"[U:1:334084377]"	"https://avatars.steamstatic.com/a6c4a1706a3f4aa07d5dadf90652d777fb5ea63b_full.jpg"	"2026-09-05T21:29:23.555753+00:00"
"[U:1:1213613369]"	"https://avatars.steamstatic.com/6e628833daf51acc5cdfb63a93dfea57b590b9e8_full.jpg"	"2026-09-05T21:29:23.555753+00:00"
"[U:1:1269656480]"	"https://avatars.steamstatic.com/9db5e8dcaa6654f881be18a74156f0892eb86946_full.jpg"	"2026-09-05T21:29:23.555753+00:00"
"[U:1:1112718807]"	"https://avatars.steamstatic.com/5d12c22c086e5f0930fab36377d3a65a24ed9bce_full.jpg"	"2026-09-05T21:29:23.555753+00:00"
"[U:1:97909089]"	"https://avatars.steamstatic.com/27f9d729bcd4ea87f5e8a27f85f6c928a4cd3e5a_full.jpg"	"2026-09-05T21:29:23.555753+00:00"
"[U:1:154411127]"	"https://avatars.steamstatic.com/a3dc20fd44a9a0ab716543361e92a34295414ad8_full.jpg"	"2026-09-05T21:29:23.555753+00:00"
"[U:1:177185789]"	"https://avatars.steamstatic.com/c8af7c54891856f788449af0b682f96bf98fcfb0_full.jpg"	"2026-09-05T21:29:23.555753+00:00"
"[U:1:1033926080]"	"https://avatars.steamstatic.com/5ceda5a8e01c1c0a0fc6ac02aa8c51aac89f5341_full.jpg"	"2026-09-05T21:29:23.555753+00:00"
"[U:1:786575564]"	"https://avatars.steamstatic.com/08373e2f265d83db34b69c20e280a4a0bdde03a9_full.jpg"	"2026-09-05T21:29:23.555753+00:00"
"[U:1:439516167]"	"https://avatars.steamstatic.com/0cf49e9be12b4d7e2eb43c95b33b902bef91d064_full.jpg"	"2026-09-05T21:29:23.555753+00:00"
"[U:1:248675323]"	"https://avatars.steamstatic.com/1502f96efa6c4d308a49a4d3b95cac04245295ce_full.jpg"	"2026-09-05T21:29:23.555753+00:00"
"[U:1:400013215]"	"https://avatars.steamstatic.com/4b63efc1bc6d61f8bbda072afadf846d27af88c7_full.jpg"	"2026-09-05T21:29:23.555753+00:00"
"[U:1:1851916122]"	"https://avatars.steamstatic.com/067b6c215577c96436e6c548d43506949e091af4_full.jpg"	"2026-09-05T21:29:23.555753+00:00"
"[U:1:31912639]"	"https://avatars.steamstatic.com/150f3e96e93f02ca3c9320b63a7ad9501825012b_full.jpg"	"2026-09-05T21:29:23.555753+00:00"
"[U:1:905820495]"	"https://avatars.steamstatic.com/bee6ba820c8edf255aba31d653c230a1f4425dca_full.jpg"	"2026-09-05T21:29:23.555753+00:00"
"[U:1:108401451]"	"https://avatars.steamstatic.com/8df3fbb9717a9433d4c709138700c25228676cb9_full.jpg"	"2026-09-05T21:29:23.555753+00:00"
"[U:1:1126584971]"	"https://avatars.steamstatic.com/8d116c8558343dcc1e69f976d4c7a60542dbdafe_full.jpg"	"2026-09-05T21:29:23.555753+00:00"
"[U:1:112175319]"	"https://avatars.steamstatic.com/ba42b07207a38a40658f3f7433444784804fae57_full.jpg"	"2026-09-05T21:29:23.555753+00:00"
"[U:1:1851828808]"	"https://avatars.steamstatic.com/6d2a5c91af0e4ade34f698daccd758237d51949e_full.jpg"	"2026-09-05T21:29:23.555753+00:00"
"[U:1:904048722]"	"https://avatars.steamstatic.com/d27d74e22537475817f8cb9d4ac9b3c49e92151b_full.jpg"	"2026-09-05T21:29:23.555753+00:00"
"[U:1:1851826020]"	"https://avatars.steamstatic.com/0227a240393e6d62f539ee7b306dd048b0830eeb_full.jpg"	"2026-09-05T21:29:23.555753+00:00"
"[U:1:400228215]"	"https://avatars.steamstatic.com/e591b5e7a5528cbdf12fa4e0d1d4785d8c418b21_full.jpg"	"2026-09-05T21:29:23.555753+00:00"
"[U:1:398829173]"	"https://avatars.steamstatic.com/a26ace5e3f974f5ade39a3ef91e4ef9809cc41a3_full.jpg"	"2026-09-05T21:29:23.555753+00:00"
"[U:1:111561259]"	"https://avatars.steamstatic.com/31fb54f26d375103f5a48c83859e874799314d36_full.jpg"	"2026-09-05T21:29:23.555753+00:00"
"[U:1:873626918]"	"https://avatars.steamstatic.com/45ce9bb7a725a50162f3ae4ceb09e2055399463a_full.jpg"	"2026-09-05T21:29:23.555753+00:00"
"[U:1:1133277184]"	"https://avatars.steamstatic.com/2a1b6a8d4428f328e1e009d8794b393524347b18_full.jpg"	"2026-09-05T21:29:23.555753+00:00"
"[U:1:1662740485]"	"https://avatars.steamstatic.com/bee779db446dc680fa402fd89b6b99dfde915f3a_full.jpg"	"2026-09-05T21:29:23.555753+00:00"
"[U:1:68451183]"	"https://avatars.steamstatic.com/952e75209b7caa9fe0458f8b8afc6aead58e0ec4_full.jpg"	"2026-09-05T21:29:23.555753+00:00"
"[U:1:97790521]"	"https://avatars.steamstatic.com/37d87b7f0a823a4322c22345e548f54db5b9fdce_full.jpg"	"2026-09-05T21:29:23.555753+00:00"
"[U:1:1798797320]"	"https://avatars.steamstatic.com/21a1bcad8149776247cfbce34f4d469ab866822a_full.jpg"	"2026-09-05T21:29:23.555753+00:00"
"[U:1:378882419]"	"https://avatars.steamstatic.com/1a7c0fd8554711f6d7549a079d3a1c0e7ddc64f5_full.jpg"	"2026-09-05T21:29:23.555753+00:00"
"[U:1:292648140]"	"https://avatars.steamstatic.com/3d495f2eb6787e8dd19fd045d686602fbfeca82d_full.jpg"	"2026-09-05T21:29:23.555753+00:00"
"[U:1:1044000760]"	"https://avatars.steamstatic.com/45507dd172f23c50dd7fa82ed95f86b74c7dba08_full.jpg"	"2026-09-05T21:29:23.555753+00:00"
"[U:1:81807265]"	"https://avatars.steamstatic.com/eafddec5b0bbc63c5be7f4d3c6dc802ee383a99b_full.jpg"	"2026-09-05T21:29:23.555753+00:00"
"[U:1:1154411691]"	"https://avatars.steamstatic.com/9ed36beb5d09f2eafba210f988322cf050f1eb08_full.jpg"	"2026-09-05T21:29:23.555753+00:00"
"[U:1:165986855]"	"https://avatars.steamstatic.com/b5c9a41d6ff1a1c45544cae77c624c96effbb483_full.jpg"	"2026-09-05T21:29:23.555753+00:00"
"[U:1:225714101]"	"https://avatars.steamstatic.com/8e451283fca60d00b37688054db693e6d1e727ee_full.jpg"	"2026-09-05T21:29:23.555753+00:00"
"[U:1:1208495637]"	"https://avatars.steamstatic.com/7414854a4576518297b05dcf8a61bb10b8206ea9_full.jpg"	"2026-09-05T21:29:23.555753+00:00"
"[U:1:1269594862]"	"https://avatars.steamstatic.com/0f54b20ec9899723d433b921c8339c602897ca40_full.jpg"	"2026-09-05T21:29:23.555753+00:00"
"[U:1:1314469627]"	"https://avatars.steamstatic.com/751d211bfa3421ec8698935386ec29eaf17f97e0_full.jpg"	"2026-09-05T21:29:23.555753+00:00"
"[U:1:9788980]"	"https://avatars.steamstatic.com/f0fa0f3df090ae2d9c6598939e1051d715f5719a_full.jpg"	"2026-09-05T21:29:23.555753+00:00"
"[U:1:1473459149]"	"https://avatars.steamstatic.com/45567435bc3d39fd99bcf58aa3d322f06f4f9dfb_full.jpg"	"2026-09-05T21:29:23.555753+00:00"
"[U:1:1583354206]"	"https://avatars.steamstatic.com/20fb0db7cef22eb043d28b9e050381a41b6845fc_full.jpg"	"2026-09-05T21:29:23.555753+00:00"
"[U:1:1628944933]"	"https://avatars.steamstatic.com/aca9304c9b143514b6b8f598d1bd59a2b99c28b4_full.jpg"	"2026-09-05T21:29:23.555753+00:00"
"[U:1:439397245]"	"https://avatars.steamstatic.com/e904c98457c9e0d2b45992300159e8883f1a6829_full.jpg"	"2026-09-05T21:29:23.555753+00:00"
"[U:1:292176984]"	"https://avatars.steamstatic.com/544c32b5e70ca6919e2efeff39458d08a20fe72e_full.jpg"	"2026-09-05T21:29:23.555753+00:00"
"[U:1:137207045]"	"https://avatars.steamstatic.com/e9e06c8fd04ceffa3c5267e351494f49309f1452_full.jpg"	"2026-09-05T21:29:23.555753+00:00"
"[U:1:103792990]"	"https://avatars.steamstatic.com/382476a386a672497f8c301fa968b5a6635ecbe3_full.jpg"	"2026-09-05T21:29:23.555753+00:00"
"[U:1:1610086692]"	"https://avatars.steamstatic.com/c718b0c234a3f5ff5fc8f0b99c3f64f0de4ccefe_full.jpg"	"2026-09-05T21:29:23.555753+00:00"
"[U:1:151956281]"	"https://avatars.steamstatic.com/0c9ea3d6dfe57e53c74828eb7b931d6fd837272f_full.jpg"	"2026-09-05T21:29:23.555753+00:00"
"[U:1:1429597402]"	"https://avatars.steamstatic.com/edc3dc73c280dbe6253bac52349ad5405ec680ea_full.jpg"	"2026-09-05T21:29:23.555753+00:00"
"[U:1:209660003]"	"https://avatars.steamstatic.com/33b10aa60bcf59c444ce79b1edcb0e20c3b0807c_full.jpg"	"2026-09-05T21:29:23.555753+00:00"
"[U:1:1368368234]"	"https://avatars.steamstatic.com/e89d5eac8ebf99aab4bd12fc1cd4f3f19b9bfafa_full.jpg"	"2026-09-05T21:29:23.555753+00:00"
"[U:1:153474139]"	"https://avatars.steamstatic.com/72c363e4e5cae8385604104e861b1b060fc36f49_full.jpg"	"2026-09-05T21:29:23.555753+00:00"
"[U:1:846373444]"	"https://avatars.steamstatic.com/62290681848b99e427f0a1ab984cfbe7f88ecf91_full.jpg"	"2026-09-05T21:29:23.555753+00:00"
"[U:1:1198530320]"	"https://avatars.steamstatic.com/83e0d904ebc4a4c2015f574e3c992278cc14adb8_full.jpg"	"2026-09-05T21:29:23.555753+00:00"
"[U:1:762197285]"	"https://avatars.steamstatic.com/fef49e7fa7e1997310d705b2a6158ff8dc1cdfeb_full.jpg"	"2026-09-05T21:29:23.555753+00:00"
"[U:1:816852213]"	"https://avatars.steamstatic.com/fef49e7fa7e1997310d705b2a6158ff8dc1cdfeb_full.jpg"	"2026-09-05T21:29:23.555753+00:00"
"[U:1:165999626]"	"https://avatars.steamstatic.com/36d847abf3277630ad30ba5b646b1f1cc65dcd77_full.jpg"	"2026-09-05T21:29:23.555753+00:00"
"[U:1:1077307428]"	"https://avatars.steamstatic.com/5906db97c426213489b0a5b110281feb43203498_full.jpg"	"2026-09-05T21:29:23.555753+00:00"
"[U:1:76087437]"	"https://avatars.steamstatic.com/fe1c6da4dc0dc7597ff94bf5cf04fc3e190dafe7_full.jpg"	"2026-09-05T21:29:23.555753+00:00"
"[U:1:399639925]"	"https://avatars.steamstatic.com/c656b8fc974cb571d561b021d126e84a80231ffe_full.jpg"	"2026-09-05T21:29:23.555753+00:00"
"[U:1:311668648]"	"https://avatars.steamstatic.com/821d126c200f8abd689d1622e9794f74fedc27b0_full.jpg"	"2026-09-05T21:29:23.555753+00:00"
"[U:1:1628886641]"	"https://avatars.steamstatic.com/5c51ca468a1d37f32931d310ea391b87c294d082_full.jpg"	"2026-09-05T21:29:23.555753+00:00"
"[U:1:1927402554]"	"https://avatars.steamstatic.com/8202229f76a97dd0571cc79eb99bcd74cc28c0bf_full.jpg"	"2026-09-05T21:29:23.555753+00:00"
"[U:1:1017538266]"	"https://avatars.steamstatic.com/12a521303482450399ce8e741fe35b6cdc0fdfdd_full.jpg"	"2026-09-05T21:29:23.555753+00:00"
"[U:1:147392906]"	"https://avatars.steamstatic.com/e79afe0c025f349af3ba2fc759e5053f7267660b_full.jpg"	"2026-09-05T21:29:23.555753+00:00"
"[U:1:1411206522]"	"https://avatars.steamstatic.com/e5ab21882ab8398710d14887ca5d76e038fad94a_full.jpg"	"2026-09-05T21:29:23.555753+00:00"
"[U:1:40053307]"	"https://avatars.steamstatic.com/5364a10a7cfe467d63c891b56b23ae1869e285f5_full.jpg"	"2026-09-05T21:29:23.555753+00:00"
"[U:1:378954723]"	"https://avatars.steamstatic.com/7aceb4f05820fc89bf29a936cf492848c15dd250_full.jpg"	"2026-09-05T21:29:23.555753+00:00"
"[U:1:111564909]"	"https://avatars.steamstatic.com/028b28d95e48c7a220a088607b403c6bc0facc33_full.jpg"	"2026-09-05T21:29:23.555753+00:00"
"[U:1:747699359]"	"https://avatars.steamstatic.com/a87b61162e93a604ddc2e9c61587e2be4c9f6902_full.jpg"	"2026-09-05T21:29:23.555753+00:00"
"[U:1:311653124]"	"https://avatars.steamstatic.com/6de4b90c14d0df3809bec1137c779506662888c7_full.jpg"	"2026-09-05T21:29:23.555753+00:00"
"[U:1:1845744996]"	"https://avatars.steamstatic.com/a73483e985f4acc9de1926b4d71a3aa33ae07e63_full.jpg"	"2026-09-05T21:29:23.555753+00:00"
"[U:1:362144126]"	"https://avatars.steamstatic.com/d1bc2ddc81f651916a57a4f875d78ff1f678b250_full.jpg"	"2026-09-05T21:29:23.555753+00:00"
"[U:1:1075935294]"	"https://avatars.steamstatic.com/fdfdd9771b6249ba20e6422792916fe0f860251b_full.jpg"	"2026-09-05T21:29:23.555753+00:00"
"[U:1:72840294]"	"https://avatars.steamstatic.com/72017ff7dbeafd10f731f72056048fbf70b7375f_full.jpg"	"2026-09-05T21:29:23.555753+00:00"
"[U:1:90666173]"	"https://avatars.steamstatic.com/151c0a180c9a01d527bdb8d8a83fd96adab4b280_full.jpg"	"2026-09-05T21:29:23.555753+00:00"
"[U:1:1928423721]"	"https://avatars.steamstatic.com/f7f46286504489edfc202b306e0b10fc709f5a1f_full.jpg"	"2026-09-05T21:29:23.555753+00:00"
"[U:1:6894011]"	"https://avatars.steamstatic.com/fc8f3e2563ff0ccb78146b57e8dedfa11c85c9ea_full.jpg"	"2026-09-05T21:29:23.555753+00:00"
"[U:1:44041316]"	"https://avatars.steamstatic.com/3f5d1e75126b599e91207855c26162fcf9464ac2_full.jpg"	"2026-09-05T21:29:23.555753+00:00"
"[U:1:1123185596]"	"https://avatars.steamstatic.com/97e463a36f2693f6158631fb69c4074694019c20_full.jpg"	"2026-09-05T21:29:23.555753+00:00"
"[U:1:1161706652]"	"https://avatars.steamstatic.com/d58b836563936261d7f38fbc964634e75e567291_full.jpg"	"2026-09-05T21:29:23.555753+00:00"
"[U:1:181364667]"	"https://avatars.steamstatic.com/f39d6eea591caf29d4a9e4b19f9eb2018c1484bc_full.jpg"	"2026-09-05T21:29:23.555753+00:00"
"[U:1:249272213]"	"https://avatars.steamstatic.com/af3c4e06fe32f6541d72da5706bdedf4d505a846_full.jpg"	"2026-09-05T21:29:23.555753+00:00"
"[U:1:21468266]"	"https://avatars.steamstatic.com/126e58a68fe747b4f347fae5030adfa49379ee89_full.jpg"	"2026-09-05T21:29:23.555753+00:00"
"[U:1:123295877]"	"https://avatars.steamstatic.com/a454b2fed424cc1c2838f102a35bf701a1cdef0d_full.jpg"	"2026-09-05T21:29:23.555753+00:00"
"[U:1:872487767]"	"https://avatars.steamstatic.com/48f332a41a10efc8d6e629f5f085d95365648848_full.jpg"	"2026-09-05T21:29:23.555753+00:00"
"[U:1:795846439]"	"https://avatars.steamstatic.com/3d288a6c0e639a5d18426c213580c04648c73a54_full.jpg"	"2026-09-05T21:29:23.555753+00:00"
"[U:1:359019753]"	"https://avatars.steamstatic.com/377f271bb82bf36a34ed85df6e651848657f2310_full.jpg"	"2026-09-05T21:29:23.555753+00:00"
"[U:1:1829166220]"	"https://avatars.steamstatic.com/c2c71c40a6c5ae51dbdab49c8006dd7dc3062c58_full.jpg"	"2026-09-05T21:29:23.555753+00:00"
"[U:1:1517966121]"	"https://avatars.steamstatic.com/29b8a505a5403fa9157881fea8b3ebda7227876c_full.jpg"	"2026-09-05T21:29:23.555753+00:00"
"[U:1:65025711]"	"https://avatars.steamstatic.com/ad26704ac78018c39d006212c96c0269d975725d_full.jpg"	"2026-09-05T21:29:23.555753+00:00"
"[U:1:1131757111]"	"https://avatars.steamstatic.com/df1724a9b0d4e726352fd7419fe2ad8d4970578a_full.jpg"	"2026-09-05T21:29:23.555753+00:00"
"[U:1:123737741]"	"https://avatars.steamstatic.com/cbb5f8d8bc2535346a04468e91f38d65ef3c6d6f_full.jpg"	"2026-09-05T21:29:23.555753+00:00"
"[U:1:84008055]"	"https://avatars.steamstatic.com/50d30dcc88aaf672565d01a9d14ba9fecfb3debb_full.jpg"	"2026-09-05T21:29:23.555753+00:00"
"[U:1:763099348]"	"https://avatars.steamstatic.com/0f8dca4c038a8eec244eb4e32ca0461a4d808449_full.jpg"	"2026-09-05T21:29:23.555753+00:00"
"[U:1:402612887]"	"https://avatars.steamstatic.com/819919a002f554b028aae4bc68a5d65d1777a0ef_full.jpg"	"2026-09-05T21:29:23.555753+00:00"
"[U:1:27852524]"	"https://avatars.steamstatic.com/2411fa6dcd2519ebcdbbe74201e265977b147234_full.jpg"	"2026-09-05T21:29:23.555753+00:00"
"[U:1:318219810]"	"https://avatars.steamstatic.com/96dc752f182982f289a30b4c3bd41a38b0e76a36_full.jpg"	"2026-09-05T21:29:23.555753+00:00"
"[U:1:1804247057]"	"https://avatars.steamstatic.com/62d453337430e31f7d39713d6152c22570d85170_full.jpg"	"2026-09-05T21:29:23.555753+00:00"
"[U:1:318179103]"	"https://avatars.steamstatic.com/e62f7642c4754544e90b976dede35a27ff40b30f_full.jpg"	"2026-09-05T21:29:23.555753+00:00"
"[U:1:1119217958]"	"https://avatars.steamstatic.com/4329234432cf74274e95ab82eeb85b8c40029673_full.jpg"	"2026-09-05T21:29:23.555753+00:00"
"[U:1:119932614]"	"https://avatars.steamstatic.com/1824bee27a678d0f75a0fa9adc4b83e518d5c187_full.jpg"	"2026-09-05T21:29:23.555753+00:00"
"[U:1:161739405]"	"https://avatars.steamstatic.com/6624505a94cb89371d571f63f44f7aa5c1426dc2_full.jpg"	"2026-09-05T21:29:23.555753+00:00"
"[U:1:54622356]"	"https://avatars.steamstatic.com/ad9c5261bf034d3053a536bf4c5d3a5fd4e1251e_full.jpg"	"2026-09-05T21:29:23.555753+00:00"
"[U:1:65065056]"	"https://avatars.steamstatic.com/d0df32b788304662165071c1aa0c29f0a18269f5_full.jpg"	"2026-09-05T21:29:23.555753+00:00"
"[U:1:401001683]"	"https://avatars.steamstatic.com/f2f17905c181481c4c55af6824fb7287f3ba7c0a_full.jpg"	"2026-09-05T21:29:23.555753+00:00"
"[U:1:1060279109]"	"https://avatars.steamstatic.com/b3a8cfcd4e100fb1a53a1c04e1f49459a077b4be_full.jpg"	"2026-09-05T21:29:23.555753+00:00"
"[U:1:746983357]"	"https://avatars.steamstatic.com/06380efdd06824128ea4d9bd478b9e169b1be012_full.jpg"	"2026-09-05T21:29:23.555753+00:00"
"[U:1:1251574559]"	"https://avatars.steamstatic.com/5a9d8af913e013425c6721fb6c98d47996e12269_full.jpg"	"2026-09-05T21:29:23.555753+00:00"
"[U:1:82031491]"	"https://avatars.steamstatic.com/bef0b06b30d260a95abf575d116fe553e07a98f1_full.jpg"	"2026-09-05T21:29:23.555753+00:00"
"[U:1:1073525116]"	"https://avatars.steamstatic.com/d4108c1cbfe865c36774167af28523c52fb95b08_full.jpg"	"2026-09-05T21:29:23.555753+00:00"
"[U:1:318458099]"	"https://avatars.steamstatic.com/e2973ec42cecdc9f175da897cad1c10c324c1d3c_full.jpg"	"2026-09-05T21:29:23.555753+00:00"
"[U:1:1067202468]"	"https://avatars.steamstatic.com/5a34399b339c5e1d7440349ccb28209d2213bfa8_full.jpg"	"2026-09-05T21:29:23.555753+00:00"
"[U:1:249582595]"	"https://avatars.steamstatic.com/97c1177cf84eff57769dffb697c10553f8c8885c_full.jpg"	"2026-09-05T21:29:23.555753+00:00"
"[U:1:1550655788]"	"https://avatars.steamstatic.com/3777066dc200e17c66a5dbd1c04ec84e35d81525_full.jpg"	"2026-09-05T21:29:23.555753+00:00"
"[U:1:1269872185]"	"https://avatars.steamstatic.com/61ab70962972708287fbe01bbf30a073e02557fb_full.jpg"	"2026-09-05T21:29:23.555753+00:00"
"[U:1:377107369]"	"https://avatars.steamstatic.com/7552660a110d144fb2528e244c1049efcc11813f_full.jpg"	"2026-09-05T21:29:23.555753+00:00"
"[U:1:1000724941]"	"https://avatars.steamstatic.com/09d816abf072fe36e2d9a82cdc21a99aa8c89417_full.jpg"	"2026-09-05T21:29:23.555753+00:00"
"[U:1:820517948]"	"https://avatars.steamstatic.com/a85e8873b2a0d185e585a164e22f5de79299ec95_full.jpg"	"2026-09-05T21:29:23.555753+00:00"
"[U:1:907174503]"	"https://avatars.steamstatic.com/70c5c6e35161bd7ba1d95dd5d57351bf819157fe_full.jpg"	"2026-09-05T21:29:23.555753+00:00"
"[U:1:335636600]"	"https://avatars.steamstatic.com/2bd46149b4697d32527b37af3ceafef2ac7b5acc_full.jpg"	"2026-09-05T21:29:23.555753+00:00"
"[U:1:1930407021]"	"https://avatars.steamstatic.com/b72cf34fad5d0821f294a7a49e7f6c62132e7e66_full.jpg"	"2026-09-05T21:29:23.555753+00:00"
"[U:1:182922038]"	"https://avatars.steamstatic.com/77de3ec3b96b53b92cbb71598b6af98ebb1b1191_full.jpg"	"2026-09-05T21:29:23.555753+00:00"
"[U:1:144413961]"	"https://avatars.steamstatic.com/85ff157e885fb01285eb962f73e198037cc6e06c_full.jpg"	"2026-09-05T21:29:23.555753+00:00"
"[U:1:1928305506]"	"https://avatars.steamstatic.com/fef49e7fa7e1997310d705b2a6158ff8dc1cdfeb_full.jpg"	"2026-09-05T21:29:23.555753+00:00"
"[U:1:1177591402]"	"https://avatars.steamstatic.com/2bdcc442e82fcdd9188997ecdcb0dc58c7578f38_full.jpg"	"2026-09-05T21:29:23.555753+00:00"
"[U:1:1474873985]"	"https://avatars.steamstatic.com/a495d4bd49ee0bdfcdbd376bb944dcedd8f15b15_full.jpg"	"2026-09-05T21:29:23.555753+00:00"
"[U:1:1169495956]"	"https://avatars.steamstatic.com/92ad93adeee573da561420f75bdc94fa2674d046_full.jpg"	"2026-09-05T21:29:23.555753+00:00"
"[U:1:1091444593]"	"https://avatars.steamstatic.com/0807aeaab761559e39b181b68afbb0133f5be7bc_full.jpg"	"2026-09-05T21:29:23.555753+00:00"
"[U:1:1734767692]"	"https://avatars.steamstatic.com/ff3b8b2d2bb7a27fcbda72c1867188258ba40fbc_full.jpg"	"2026-09-05T21:29:23.555753+00:00"
"[U:1:762829198]"	"https://avatars.steamstatic.com/f0d6bd669ffda79b3b6b008456ed8da40481522f_full.jpg"	"2026-09-05T21:29:23.555753+00:00"
"[U:1:906774577]"	"https://avatars.steamstatic.com/b4915ab9cc805424c6e8777ad7142e32aeeb252c_full.jpg"	"2026-09-05T21:29:23.555753+00:00"
"[U:1:1006215993]"	"https://avatars.steamstatic.com/59ebe4f5f6c67ffeb8594998a81c2c5c8021b007_full.jpg"	"2026-09-05T21:29:23.555753+00:00"
"[U:1:1191306497]"	"https://avatars.steamstatic.com/15a4d32257227ddae0035d8291e1d124fd83f239_full.jpg"	"2026-09-05T21:29:23.555753+00:00"
"[U:1:1108425960]"	"https://avatars.steamstatic.com/01e32179008648cd2f1ddcfa80b14343a8ca62ca_full.jpg"	"2026-09-05T21:29:23.555753+00:00"
"[U:1:1063714460]"	"https://avatars.steamstatic.com/ff032d59e0d4a6a0866d5044f4a85c226443781e_full.jpg"	"2026-09-05T21:29:23.555753+00:00"
"[U:1:106397779]"	"https://avatars.steamstatic.com/28a82e62d3492fde1a9caf76944a2f47568f37dc_full.jpg"	"2026-09-05T21:29:23.555753+00:00"
"[U:1:378187178]"	"https://avatars.steamstatic.com/488d18262153988033b2d35bb006fafc768852f4_full.jpg"	"2026-09-05T21:29:23.555753+00:00"
"[U:1:818951483]"	"https://avatars.steamstatic.com/916730044801cc994f393abb4f31f1ec206f472d_full.jpg"	"2026-09-05T21:29:23.555753+00:00"
"[U:1:159475366]"	"https://avatars.steamstatic.com/bbe452bdcc0de79257d021ce53d8d942dd66770a_full.jpg"	"2026-09-05T21:29:23.555753+00:00"
"[U:1:84976693]"	"https://avatars.steamstatic.com/4c07fbe6d0cdb06062cdfa208e8c5ab1492545e9_full.jpg"	"2026-09-05T21:29:23.555753+00:00"
"[U:1:1700906694]"	"https://avatars.steamstatic.com/df52173eee0ea6643febf9d3253b0fc8b1bb1f62_full.jpg"	"2026-09-05T21:29:23.555753+00:00"
"[U:1:845308220]"	"https://avatars.steamstatic.com/598b6dbab4e066a61f81ce11b6b1537637aa0156_full.jpg"	"2026-09-05T21:29:23.555753+00:00"
"[U:1:1628807370]"	"https://avatars.steamstatic.com/81559b38e6592c6fe06d6d9a15a20e6225332a2c_full.jpg"	"2026-09-05T21:29:23.555753+00:00"
"[U:1:166410059]"	"https://avatars.steamstatic.com/d93615bd0c589054d35729f749ef3cd3a496fdd1_full.jpg"	"2026-09-05T21:29:23.555753+00:00"
"[U:1:278429688]"	"https://avatars.steamstatic.com/e2e99f59931b066e359b21342fe07953b41eeb20_full.jpg"	"2026-09-05T21:29:23.555753+00:00"
"[U:1:139146843]"	"https://avatars.steamstatic.com/dddb2217d0354b6564242eda87b2776bd3f6bd9b_full.jpg"	"2026-09-05T21:29:23.555753+00:00"
"[U:1:353684851]"	"https://avatars.steamstatic.com/1e052b0bb052d9e02b75674d0223aaf27d773a0b_full.jpg"	"2026-09-05T21:29:23.555753+00:00"
"[U:1:1018091177]"	"https://avatars.steamstatic.com/f4e7432889c3773c1f585f0f5ccf488fec760a5b_full.jpg"	"2026-09-05T21:29:23.555753+00:00"
"[U:1:401880497]"	"https://avatars.steamstatic.com/87a6d2e788d7527f338189cc59c4bb2e6f73e6bd_full.jpg"	"2026-09-05T21:29:23.555753+00:00"
"[U:1:7632729]"	"https://avatars.steamstatic.com/b6ddd550412b63c477b2f8e61705201160bc206c_full.jpg"	"2026-09-05T21:29:23.555753+00:00"
"[U:1:1056874271]"	"https://avatars.steamstatic.com/a627d3c0e9fe310d6ce9538c3594376522acbb00_full.jpg"	"2026-09-05T21:29:23.555753+00:00"
"[U:1:1059374526]"	"https://avatars.steamstatic.com/a9a03568335e4d47e442d23d1b8add787022d74e_full.jpg"	"2026-09-05T21:29:23.555753+00:00"
"[U:1:335492668]"	"https://avatars.steamstatic.com/a3841fcc8f41875946c1f8501040aa125eab0761_full.jpg"	"2026-09-05T21:29:23.555753+00:00"
"[U:1:1270015170]"	"https://avatars.steamstatic.com/5ea55cb98acd0dd32596f7f9d0ddf1fc039fa2c3_full.jpg"	"2026-09-05T21:29:23.555753+00:00"
"[U:1:81892009]"	"https://avatars.steamstatic.com/e6bc15123501cb4560917a8038b6a42d384df116_full.jpg"	"2026-09-05T21:29:23.555753+00:00"
"[U:1:294070354]"	"https://avatars.steamstatic.com/b12effe48d790fc4f69c34fecd10c29ec27956bc_full.jpg"	"2026-09-05T21:29:23.555753+00:00"
"[U:1:1376777]"	"https://avatars.steamstatic.com/e1e16f29c94288078c6b38a3a3a4b937951bc67d_full.jpg"	"2026-09-05T21:29:23.555753+00:00"
"[U:1:762647822]"	"https://avatars.steamstatic.com/b7edc0bb7149e801fb08c9858fb67a790142cb71_full.jpg"	"2026-09-05T21:29:23.555753+00:00"
"[U:1:1258348751]"	"https://avatars.steamstatic.com/543368049b07031ef2cf6f2f1ca16688cb43675e_full.jpg"	"2026-09-05T21:29:23.555753+00:00"
"[U:1:225920403]"	"https://avatars.steamstatic.com/4d43b3e428f80e93f1ea8b9d1ae8dac3d2765a66_full.jpg"	"2026-09-05T21:29:23.555753+00:00"
"[U:1:908613405]"	"https://avatars.steamstatic.com/a41301d4b9e1d39dda8f88f1c057b74f846482c7_full.jpg"	"2026-09-05T21:29:23.555753+00:00"
"[U:1:1904276761]"	"https://avatars.steamstatic.com/fef49e7fa7e1997310d705b2a6158ff8dc1cdfeb_full.jpg"	"2026-09-05T21:29:23.555753+00:00"
"[U:1:481210231]"	"https://avatars.steamstatic.com/0781ecd659f6d7c2fdf836fceb01e73278a02c0a_full.jpg"	"2026-09-05T21:29:23.555753+00:00"
"[U:1:190458303]"	"https://avatars.steamstatic.com/7478606a29136032c95662007d2913adec4edc91_full.jpg"	"2026-09-05T21:29:23.555753+00:00"
"[U:1:1862014013]"	"https://avatars.steamstatic.com/ec48cb48218a84e568a9b995a412e4532a640c81_full.jpg"	"2026-09-05T21:29:23.555753+00:00"
"[U:1:1246549592]"	"https://avatars.steamstatic.com/2983c0ba8999039e87b06abcafb9c2dc3cc91bf3_full.jpg"	"2026-09-05T21:29:23.555753+00:00"
"[U:1:159448636]"	"https://avatars.steamstatic.com/c3435bbf4f4247ad74b4e9e41fefff1bd65db146_full.jpg"	"2026-09-05T21:29:23.555753+00:00"
"[U:1:819286761]"	"https://avatars.steamstatic.com/a966dbbf142eebbfe2f1cdb3ef236a8f32c0e5fa_full.jpg"	"2026-09-05T21:29:23.555753+00:00"
"[U:1:1208717267]"	"https://avatars.steamstatic.com/b95649285b99b381a7b3622681e20436431be550_full.jpg"	"2026-09-05T21:29:23.555753+00:00"
"[U:1:1928746347]"	"https://avatars.steamstatic.com/5fb2cb8becaca95567c52c40f08a635bfe5a9fea_full.jpg"	"2026-09-05T21:29:23.555753+00:00"
"[U:1:180414023]"	"https://avatars.steamstatic.com/c4e733b1a5458583f35e2475bb61b41e0421f037_full.jpg"	"2026-09-05T21:29:23.555753+00:00"
"[U:1:209904838]"	"https://avatars.steamstatic.com/b7a9b74fd2d660985a32e040cde171125724b8b8_full.jpg"	"2026-09-05T21:29:23.555753+00:00"
"[U:1:1789926702]"	"https://avatars.steamstatic.com/aabd7093bc912e156dbea19d8a352a5124487690_full.jpg"	"2026-09-05T21:29:23.555753+00:00"
"[U:1:1477001401]"	"https://avatars.steamstatic.com/02614c9ad358be8f4f05ee75f2624c86394f1efd_full.jpg"	"2026-09-05T21:29:23.555753+00:00"
"[U:1:1286311253]"	"https://avatars.steamstatic.com/58c51d653a058277171b8c6c601c16e8e6988745_full.jpg"	"2026-09-05T21:29:23.555753+00:00"
"[U:1:154526506]"	"https://avatars.steamstatic.com/52626952eed65e37250ac3837605d5c89e7418ce_full.jpg"	"2026-09-05T21:29:23.555753+00:00"
"[U:1:22169889]"	"https://avatars.steamstatic.com/3968104f2133d94d57773bdd874be2e5efa71160_full.jpg"	"2026-09-05T21:29:23.555753+00:00"
"[U:1:981370961]"	"https://avatars.steamstatic.com/50a4f86ee13082ebe909f231bed894bf46279a4d_full.jpg"	"2026-09-05T21:29:23.555753+00:00"
"[U:1:181297353]"	"https://avatars.steamstatic.com/180c64db1c96a4bccc0b6a8c625ef016ec343adf_full.jpg"	"2026-09-05T21:29:23.555753+00:00"
"[U:1:1595575395]"	"https://avatars.steamstatic.com/67899f55b3de2b47114bde885ad7f93847a4e407_full.jpg"	"2026-09-05T21:29:23.555753+00:00"
"[U:1:84020443]"	"https://avatars.steamstatic.com/4ca9e0a6a008df473ffc83f5c63419aeabb8f0f6_full.jpg"	"2026-09-05T21:29:23.555753+00:00"
"[U:1:1830346243]"	"https://avatars.steamstatic.com/dbb7bceeb0c39022fe85cadf579389d818500254_full.jpg"	"2026-09-05T21:29:23.555753+00:00"
"[U:1:1314837991]"	"https://avatars.steamstatic.com/e52d7a1dff98b9feb7e086c866677ebb30b74a5f_full.jpg"	"2026-09-05T21:29:23.555753+00:00"
"[U:1:54770212]"	"https://avatars.steamstatic.com/822abc5120e5a9d4144ece3b2eece0e73abed22d_full.jpg"	"2026-09-05T21:29:23.555753+00:00"
"[U:1:1863760802]"	"https://avatars.steamstatic.com/7b1a4015b6114c7284a1874235f0abbf10597449_full.jpg"	"2026-09-05T21:29:23.555753+00:00"
"[U:1:1199539928]"	"https://avatars.steamstatic.com/8cbf58def83ba4642b7a292ac1f76f9ff97e9407_full.jpg"	"2026-09-05T21:29:23.555753+00:00"
"[U:1:162861229]"	"https://avatars.steamstatic.com/be41cbdef4cdc3dcfaa60413046f0390eac9fdeb_full.jpg"	"2026-09-05T21:29:23.555753+00:00"
"[U:1:54941482]"	"https://avatars.steamstatic.com/5f9eafe70dd86fd72bc06ce1e80a6ef7d1b9d2a4_full.jpg"	"2026-09-05T21:29:23.555753+00:00"
"[U:1:105339270]"	"https://avatars.steamstatic.com/1d034765d7ca18733c1bd30033e03a0f950d87fb_full.jpg"	"2026-09-05T21:29:23.555753+00:00"
"[U:1:778697410]"	"https://avatars.steamstatic.com/8707319fd87ef78f9c3166d44d5a928d72230415_full.jpg"	"2026-09-05T21:29:23.555753+00:00"
"[U:1:54760040]"	"https://avatars.steamstatic.com/43cee221a2951a716845a151ce534dffb8da81c3_full.jpg"	"2026-09-05T21:29:23.555753+00:00"
"[U:1:1415081809]"	"https://avatars.steamstatic.com/f7b6343dcce2263336376027d63275bec3fdbb52_full.jpg"	"2026-09-05T21:29:23.555753+00:00"
"[U:1:336532149]"	"https://avatars.steamstatic.com/fc009e094f9fc03e38f94a2a64225b079c51047f_full.jpg"	"2026-09-05T21:29:23.555753+00:00"
"[U:1:303522171]"	"https://avatars.steamstatic.com/34b0d504128273a9c9d8bc76458f863969daa345_full.jpg"	"2026-09-05T21:29:23.555753+00:00"
"[U:1:1190983292]"	"https://avatars.steamstatic.com/24b3b5d37e484ce8e8a2cba49d5cced9792eded8_full.jpg"	"2026-09-05T21:29:23.555753+00:00"
"[U:1:294449376]"	"https://avatars.steamstatic.com/e6b0eec30ddcdc85881342b9f98ae344053243db_full.jpg"	"2026-09-05T21:29:23.555753+00:00"
"[U:1:193237253]"	"https://avatars.steamstatic.com/f27e81f491d083a85ee65d54a384307f40e6f250_full.jpg"	"2026-09-05T21:29:23.555753+00:00"
"[U:1:87078254]"	"https://avatars.steamstatic.com/ee353d01a50e5e21d79f8353ad46bfdecdf84824_full.jpg"	"2026-09-05T21:29:23.555753+00:00"
"[U:1:103877470]"	"https://avatars.steamstatic.com/483ac5e84d3a0d6848a79c0af460d619eec47c6c_full.jpg"	"2026-09-05T21:29:23.555753+00:00"
"[U:1:375874481]"	"https://avatars.steamstatic.com/c9d3891923b58050ad505ede38136b4bc8ae662f_full.jpg"	"2026-09-05T21:29:23.555753+00:00"
"[U:1:1075936816]"	"https://avatars.steamstatic.com/5ffc7f5697cf7869165dfc98a90c0cd266c75c24_full.jpg"	"2026-09-05T21:29:23.555753+00:00"
"[U:1:193421962]"	"https://avatars.steamstatic.com/f1d7c42c005dfe0786cabc5aa2949036e738b662_full.jpg"	"2026-09-05T21:29:23.555753+00:00"
"[U:1:821524558]"	"https://avatars.steamstatic.com/54079425752fe34903832bbe1dcf87baf3a79048_full.jpg"	"2026-09-05T21:29:23.555753+00:00"
"[U:1:1120118264]"	"https://avatars.steamstatic.com/b6f1b1acc12a56e0829e8c482336c4c3fac9206e_full.jpg"	"2026-09-05T21:29:23.555753+00:00"
"[U:1:317714123]"	"https://avatars.steamstatic.com/02de4a0a90057d480cffff1bfbd5b0b3a34982e5_full.jpg"	"2026-09-05T21:29:23.555753+00:00"
"[U:1:405337464]"	"https://avatars.steamstatic.com/faa8f70e6179605694f6f14e8541b16d2a1a81cb_full.jpg"	"2026-09-05T21:29:23.555753+00:00"
"[U:1:822053398]"	"https://avatars.steamstatic.com/3b4dc7b8105251ee1f3dece6521d790153841848_full.jpg"	"2026-09-05T21:29:23.555753+00:00"
"[U:1:1790039540]"	"https://avatars.steamstatic.com/935c4a6f86420738c0229e4cf4011986d241f8d4_full.jpg"	"2026-09-05T21:29:23.555753+00:00"
"[U:1:1131741251]"	"https://avatars.steamstatic.com/2144e726e869a13bae744684b0d09c1eb49058ca_full.jpg"	"2026-09-05T21:29:23.555753+00:00"
"[U:1:132329664]"	"https://avatars.steamstatic.com/cf1470dd6621ebd5ec9ec846822cdc8a942503e2_full.jpg"	"2026-09-05T21:29:23.555753+00:00"
"[U:1:870515832]"	"https://avatars.steamstatic.com/6f6b05cc7cd48551106b6fa57f663a642f6321cc_full.jpg"	"2026-09-05T21:29:23.555753+00:00"
"[U:1:1264891324]"	"https://avatars.steamstatic.com/f0d8ce7779f6366e18fcffeddd6a77f8dfcfb923_full.jpg"	"2026-09-05T21:29:23.555753+00:00"
"[U:1:183021989]"	"https://avatars.steamstatic.com/9079335976e437958cb7e50059f244d8fb4a3f7d_full.jpg"	"2026-09-05T21:29:23.555753+00:00"
"[U:1:1037925574]"	"https://avatars.steamstatic.com/3c0427d828d6647740a03df37885c7fdfd2378a3_full.jpg"	"2026-09-05T21:29:23.555753+00:00"
"[U:1:910241111]"	"https://avatars.steamstatic.com/1903909dd987981c4176ca63df645545263dcd68_full.jpg"	"2026-09-05T21:29:23.555753+00:00"
"[U:1:37686851]"	"https://avatars.steamstatic.com/ab0fcb94e2d0b21976da8d50192f2d79626d943e_full.jpg"	"2026-09-05T21:29:23.555753+00:00"
"[U:1:193240104]"	"https://avatars.steamstatic.com/a5adac6a0b0c1f3cdb5117ac3620d589b8f7a84f_full.jpg"	"2026-09-05T21:29:23.555753+00:00"
"[U:1:405104726]"	"https://avatars.steamstatic.com/52b03f62ea0be1184115be32f8c777537043728a_full.jpg"	"2026-09-05T21:29:23.555753+00:00"
"[U:1:33705992]"	"https://avatars.steamstatic.com/a6ca485475e30fbdf6351d6ecf52db4b450fba17_full.jpg"	"2026-09-05T21:29:23.555753+00:00"
"[U:1:18636539]"	"https://avatars.steamstatic.com/9cd692034bc1349b14afe6f02d85dae8263a52a1_full.jpg"	"2026-09-05T21:29:23.555753+00:00"
"[U:1:159563303]"	"https://avatars.steamstatic.com/c28bc02b8d4fab3de2ab11f5b30bcd8a0b84bcd4_full.jpg"	"2026-09-05T21:29:23.555753+00:00"
"[U:1:820942906]"	"https://avatars.steamstatic.com/2213ab8484c5cf5338e92dc2f1d8d1bc1fd06beb_full.jpg"	"2026-09-05T21:29:23.555753+00:00"
"[U:1:98132466]"	"https://avatars.steamstatic.com/35a76b92b5d369972fee618b41cd58d98d6de0a9_full.jpg"	"2026-09-05T21:29:23.555753+00:00"
"[U:1:1121808762]"	"https://avatars.steamstatic.com/7fa8d56bf96410d661320f5597418300292e0c38_full.jpg"	"2026-09-05T21:29:23.555753+00:00"
"[U:1:60072002]"	"https://avatars.steamstatic.com/12bf7862f95fd84a95b61728e8d1de5f319ad66e_full.jpg"	"2026-09-05T21:29:23.555753+00:00"
"[U:1:336135635]"	"https://avatars.steamstatic.com/22abff6df70a893eca3080aed6113ec05fffd14a_full.jpg"	"2026-09-05T21:29:23.555753+00:00"
"[U:1:82152507]"	"https://avatars.steamstatic.com/a3c8c5f29da09fdd3bb34b12b8f984b3c97256c6_full.jpg"	"2026-09-05T21:29:23.555753+00:00"
"[U:1:40354271]"	"https://avatars.steamstatic.com/11c31782761dfc580cdbefa0a6ccba1a766db55c_full.jpg"	"2026-09-05T21:29:23.555753+00:00"
"[U:1:336174356]"	"https://avatars.steamstatic.com/401cf6ad7867a1434ca4949e70a13b77642eddc5_full.jpg"	"2026-09-05T21:29:23.555753+00:00"
"[U:1:54888113]"	"https://avatars.steamstatic.com/054e7c4ec769844375d3014f2f92b889ecda5a44_full.jpg"	"2026-09-05T21:29:23.555753+00:00"
"[U:1:1052467571]"	"https://avatars.steamstatic.com/5c46b55b852f1129c6f3490f5932d09930d30b80_full.jpg"	"2026-09-05T21:29:23.555753+00:00"
"[U:1:1610377410]"	"https://avatars.steamstatic.com/36d847abf3277630ad30ba5b646b1f1cc65dcd77_full.jpg"	"2026-09-05T21:29:23.555753+00:00"
"[U:1:1129057042]"	"https://avatars.steamstatic.com/188aefe3291550298b45f35dcd24aa9e17fbeb17_full.jpg"	"2026-09-05T21:29:23.555753+00:00"
"[U:1:1237632088]"	"https://avatars.steamstatic.com/4c348032dc729f0288d9661771255f6f9afd3982_full.jpg"	"2026-09-05T21:29:23.555753+00:00"
"[U:1:870024119]"	"https://avatars.steamstatic.com/bc3e885bd12d3dade97557a4bff1527d3409ae82_full.jpg"	"2026-09-05T21:29:23.555753+00:00"
"[U:1:1051350207]"	"https://avatars.steamstatic.com/b4e5cb695704a44793887fe521536faac9966780_full.jpg"	"2026-09-05T21:29:23.555753+00:00"
"[U:1:128264295]"	"https://avatars.steamstatic.com/f5df0b40ab3977b400b0b158fac94f3feaf0c89d_full.jpg"	"2026-09-05T21:29:23.555753+00:00"
"[U:1:911527319]"	"https://avatars.steamstatic.com/d342857904f14314c2cfe3281c549e9714b71d97_full.jpg"	"2026-09-05T21:29:23.555753+00:00"
"[U:1:1143330704]"	"https://avatars.steamstatic.com/bac6bcc081f3a1f8490dac933865024863f4e6a3_full.jpg"	"2026-09-05T21:29:23.555753+00:00"
"[U:1:376151948]"	"https://avatars.steamstatic.com/af1cf9cf15be50bc6eda5a5c35bb1698bbf77ecd_full.jpg"	"2026-09-05T21:29:23.555753+00:00"
"[U:1:403411290]"	"https://avatars.steamstatic.com/13b0a7d6c0f0850e139310987c4186c7f31bd90d_full.jpg"	"2026-09-05T21:29:23.555753+00:00"
"[U:1:10104470]"	"https://avatars.steamstatic.com/fef49e7fa7e1997310d705b2a6158ff8dc1cdfeb_full.jpg"	"2026-09-05T21:29:23.555753+00:00"
"[U:1:1415186771]"	"https://avatars.steamstatic.com/b4fe5232ae4c777ad02ea94802a08ea1c50f438b_full.jpg"	"2026-09-05T21:29:23.555753+00:00"
"[U:1:1053395856]"	"https://avatars.steamstatic.com/0227a240393e6d62f539ee7b306dd048b0830eeb_full.jpg"	"2026-09-05T21:29:23.555753+00:00"
"[U:1:1125621531]"	"https://avatars.steamstatic.com/70efab2a2e702af66566c02b745aa5ad2e77608b_full.jpg"	"2026-09-05T21:29:23.555753+00:00"
"[U:1:130006087]"	"https://avatars.steamstatic.com/d1db7c41e61a02593cf7a66a7d707875959b9741_full.jpg"	"2026-09-05T21:29:23.555753+00:00"
"[U:1:354001278]"	"https://avatars.steamstatic.com/fdce3d26709c612611ae2dcf7a2184d7699478e1_full.jpg"	"2026-09-05T21:29:23.555753+00:00"
"[U:1:226130394]"	"https://avatars.steamstatic.com/f4a2113ef67b7ed62ae5db30b447ca799bbe3866_full.jpg"	"2026-09-05T21:29:23.555753+00:00"
"[U:1:1100089308]"	"https://avatars.steamstatic.com/b412dc9c2d713a2f485152b31cdf3bed02027ccb_full.jpg"	"2026-09-05T21:29:23.555753+00:00"
"[U:1:1138676863]"	"https://avatars.steamstatic.com/37c06c7bebb3bacc52ca434066fe147509e16d6d_full.jpg"	"2026-09-05T21:29:23.555753+00:00"
"[U:1:18643652]"	"https://avatars.steamstatic.com/3a82d9d66ca9d1eb23352179408ac86b358f553c_full.jpg"	"2026-09-05T21:29:23.555753+00:00"
"[U:1:37570941]"	"https://avatars.steamstatic.com/3df45a5c7b116f8e93e5e6ac00b717bc8d2d2aba_full.jpg"	"2026-09-05T21:29:23.555753+00:00"
"[U:1:1777569669]"	"https://avatars.steamstatic.com/8dba187d626dc8f41606c580238934b51eb500e0_full.jpg"	"2026-09-05T21:29:23.555753+00:00"
"[U:1:1851583995]"	"https://avatars.steamstatic.com/8f6916be3dcc60a0c3e9391276bce389a138b83a_full.jpg"	"2026-09-05T21:29:23.555753+00:00"
"[U:1:147648079]"	"https://avatars.steamstatic.com/f4b55fc25eadacd097638dc41557fba8e26a7c47_full.jpg"	"2026-09-05T21:29:23.555753+00:00"
"[U:1:981938021]"	"https://avatars.steamstatic.com/fc4a592dbeaf024465a58c3edacfa1cba65fd9f1_full.jpg"	"2026-09-05T21:29:23.555753+00:00"
"[U:1:1864277342]"	"https://avatars.steamstatic.com/12d4326b9bd6dd45bdcc1d11d9bc3bde05cdc4de_full.jpg"	"2026-09-05T21:29:23.555753+00:00"
"[U:1:1112551289]"	"https://avatars.steamstatic.com/d6d020d63978458b1aa62833f5b424229e0f8495_full.jpg"	"2026-09-05T21:29:23.555753+00:00"
"[U:1:37573215]"	"https://avatars.steamstatic.com/fef49e7fa7e1997310d705b2a6158ff8dc1cdfeb_full.jpg"	"2026-09-05T21:29:23.555753+00:00"
"[U:1:746254213]"	"https://avatars.steamstatic.com/f7d2ab0da57347939f9391aa9bc93cc08d473a39_full.jpg"	"2026-09-05T21:29:23.555753+00:00"
"[U:1:193191141]"	"https://avatars.steamstatic.com/5021ad741b306e8396a17fe8479ba553a17755f5_full.jpg"	"2026-09-05T21:29:23.555753+00:00"
"[U:1:114349173]"	"https://avatars.steamstatic.com/f21c1ea0f3ff84483f558c5c07e5cbe8039d4d6f_full.jpg"	"2026-09-05T21:29:23.555753+00:00"
"[U:1:910515049]"	"https://avatars.steamstatic.com/201b88b8c2df5fc56da1a9bcd8cfdb985802d172_full.jpg"	"2026-09-05T21:29:23.555753+00:00"
"[U:1:142924265]"	"https://avatars.steamstatic.com/48e6cc38477b4c24c3e3a9fbb4c1b0cd3c6fc215_full.jpg"	"2026-09-05T21:29:23.555753+00:00"
"[U:1:1903257565]"	"https://avatars.steamstatic.com/c3f2f449baba6d1ccb6255a7c9eda716c685f305_full.jpg"	"2026-09-05T21:29:23.555753+00:00"
"[U:1:1851634369]"	"https://avatars.steamstatic.com/44241cb01349d08e5c0cd5b59a3d6a17ed56b2c1_full.jpg"	"2026-09-05T21:29:23.555753+00:00"
"[U:1:765186378]"	"https://avatars.steamstatic.com/136fb505312b3b673844737be5dd639d8cdd085c_full.jpg"	"2026-09-05T21:29:23.555753+00:00"
"[U:1:1199973771]"	"https://avatars.steamstatic.com/288114a8ad1db5a01e97ed7107d4cf8858ea50ad_full.jpg"	"2026-09-05T21:29:23.555753+00:00"
"[U:1:213010273]"	"https://avatars.steamstatic.com/0138ae5f7d624a21beed4a970f1cda22071f17d0_full.jpg"	"2026-09-05T21:29:23.555753+00:00"
"[U:1:190352603]"	"https://avatars.steamstatic.com/c6553a5e75ea1b4f5ce2f3f3c3a0b6c109ec73e7_full.jpg"	"2026-09-05T21:29:23.555753+00:00"
"[U:1:336335387]"	"https://avatars.steamstatic.com/0dfc13674ec813e66e38e6ce8b01d4edc2342c00_full.jpg"	"2026-09-05T21:29:23.555753+00:00"
"[U:1:1415688469]"	"https://avatars.steamstatic.com/1fdbae3e5580a66ddeea65a2480deecd812324a1_full.jpg"	"2026-09-05T21:29:23.555753+00:00"
"[U:1:1865138111]"	"https://avatars.steamstatic.com/2dfa487e3609435bfe71092756e443a6bd692318_full.jpg"	"2026-09-05T21:29:23.555753+00:00"
"[U:1:1215250692]"	"https://avatars.steamstatic.com/4372bad281a60357f142937143ac9b550694230a_full.jpg"	"2026-09-05T21:29:23.555753+00:00"
"[U:1:132419796]"	"https://avatars.steamstatic.com/46c730a6790ea0caef05052ff6ebf6e38e37f646_full.jpg"	"2026-09-05T21:29:23.555753+00:00"
"[U:1:869170053]"	"https://avatars.steamstatic.com/bb0f7f769fda35ac03cf4de559dc9c9bb861ca96_full.jpg"	"2026-09-05T21:29:23.555753+00:00"
"[U:1:696803133]"	"https://avatars.steamstatic.com/513b4e11ef2bb19943893b0f0111ce106842241a_full.jpg"	"2026-09-05T21:29:23.555753+00:00"
"[U:1:1178189636]"	"https://avatars.steamstatic.com/cbad709c413eb317ba0d700ae57707b8547edc11_full.jpg"	"2026-09-05T21:29:23.555753+00:00"
"[U:1:845456245]"	"https://avatars.steamstatic.com/1372cbd0a8b1eb382384e6296cc4bff7f6ff8808_full.jpg"	"2026-09-05T21:29:23.555753+00:00"
"[U:1:1151393555]"	"https://avatars.steamstatic.com/e610139749c632e4c36a463b484e27bc6c8d804a_full.jpg"	"2026-09-05T21:29:23.555753+00:00"
"[U:1:783584317]"	"https://avatars.steamstatic.com/fef49e7fa7e1997310d705b2a6158ff8dc1cdfeb_full.jpg"	"2026-09-05T21:29:23.555753+00:00"
"[U:1:64856848]"	"https://avatars.steamstatic.com/479459e059d38b6db2453a18e62b1ea8f9c050d7_full.jpg"	"2026-09-05T21:29:23.555753+00:00"
"[U:1:982275069]"	"https://avatars.steamstatic.com/f21ce6b6e13528a5a6f450bf1b86a40f658fac35_full.jpg"	"2026-09-05T21:29:23.555753+00:00"
"[U:1:106229210]"	"https://avatars.steamstatic.com/8666a6a8f563a073e4d92ed0f363682946f1339e_full.jpg"	"2026-09-05T21:29:23.555753+00:00"
"[U:1:1597374625]"	"https://avatars.steamstatic.com/0e9773b022aae66616c96cf708e3c8d1ba2b0ee4_full.jpg"	"2026-09-05T21:29:23.555753+00:00"
"[U:1:100428311]"	"https://avatars.steamstatic.com/aece9dbda813c6072b56281489ac91cb2c0a2132_full.jpg"	"2026-09-05T21:29:23.555753+00:00"
"[U:1:86922268]"	"https://avatars.steamstatic.com/5976ad0c33761f82aaa46666b850aa4e76ab4d0d_full.jpg"	"2026-09-05T21:29:23.555753+00:00"
"[U:1:207432995]"	"https://avatars.steamstatic.com/48c9e35dc27f9065759e148861c10f9545648124_full.jpg"	"2026-09-05T21:29:23.555753+00:00"
"[U:1:1670210965]"	"https://avatars.steamstatic.com/56740a9797b976a9e23a9537c48ee6cc23453000_full.jpg"	"2026-09-05T21:29:23.555753+00:00"
"[U:1:235642981]"	"https://avatars.steamstatic.com/0e432bec9f7f7cfcba1625e53c492c03807e9f74_full.jpg"	"2026-09-05T21:29:23.555753+00:00"
"[U:1:243302933]"	"https://avatars.steamstatic.com/cbb6126f653d8fcc5e89cd55df7ca74f7d016901_full.jpg"	"2026-09-05T21:29:23.555753+00:00"
"[U:1:194938068]"	"https://avatars.steamstatic.com/7e4ee0d0e88b7c1ae2b9dd354d45a73fe871a29c_full.jpg"	"2026-09-05T21:29:23.555753+00:00"
"[U:1:235579907]"	"https://avatars.steamstatic.com/6d74ac2da795305043bdd63a381cef0d3129230d_full.jpg"	"2026-09-05T21:29:23.555753+00:00"
"[U:1:913393195]"	"https://avatars.steamstatic.com/a91b33e6e59981d7576afcc37351aea3ebe4a179_full.jpg"	"2026-09-05T21:29:23.555753+00:00"
"[U:1:166953511]"	"https://avatars.steamstatic.com/cb53bbd50726042490e2b9a43957abb59cbe0ffe_full.jpg"	"2026-09-05T21:29:23.555753+00:00"
"[U:1:1562007549]"	"https://avatars.steamstatic.com/8f6916be3dcc60a0c3e9391276bce389a138b83a_full.jpg"	"2026-09-05T21:29:23.555753+00:00"
"[U:1:406741870]"	"https://avatars.steamstatic.com/81c23c0802def47bbf0a88888a79f8b67c2e41f6_full.jpg"	"2026-09-05T21:29:23.555753+00:00"
"[U:1:1213661544]"	"https://avatars.steamstatic.com/d6c22215cb5368e862a5ef2cb4d59e47313ecfd5_full.jpg"	"2026-09-05T21:29:23.555753+00:00"
"[U:1:1240887804]"	"https://avatars.steamstatic.com/021322ec99b6028faab5b86283bcaf99ddfc5501_full.jpg"	"2026-09-05T21:29:23.555753+00:00"
"[U:1:868775146]"	"https://avatars.steamstatic.com/ba6615bab61be9613ebe195c1b71b4b5c07fe9c5_full.jpg"	"2026-09-05T21:29:23.555753+00:00"
"[U:1:982557626]"	"https://avatars.steamstatic.com/7a307b939f17641880623ae1e644636bd866904c_full.jpg"	"2026-09-05T21:29:23.555753+00:00"
"[U:1:40542008]"	"https://avatars.steamstatic.com/1ca053210664faf81a62ca022b076158bbf8ae62_full.jpg"	"2026-09-05T21:29:23.555753+00:00"
"[U:1:406171270]"	"https://avatars.steamstatic.com/05382437aa7d8f85dd7f2424d69c04cc7af5a93c_full.jpg"	"2026-09-05T21:29:23.555753+00:00"
"[U:1:405496107]"	"https://avatars.steamstatic.com/c718b0c234a3f5ff5fc8f0b99c3f64f0de4ccefe_full.jpg"	"2026-09-05T21:29:23.555753+00:00"
"[U:1:912725988]"	"https://avatars.steamstatic.com/70b6159027028d232359214163b1814e1deb1f76_full.jpg"	"2026-09-05T21:29:23.555753+00:00"
"[U:1:1550090394]"	"https://avatars.steamstatic.com/ad197d498a7ddbd7c3cd6f62fc13c19de9d25867_full.jpg"	"2026-09-05T21:29:23.555753+00:00"
"[U:1:1478432308]"	"https://avatars.steamstatic.com/8fcb93053ce58d7e61516900b86057131091d0c3_full.jpg"	"2026-09-05T21:29:23.555753+00:00"
"[U:1:125254866]"	"https://avatars.steamstatic.com/4911974257572427a745b427850e4180060bdbf2_full.jpg"	"2026-09-05T21:29:23.555753+00:00"
"[U:1:1010451088]"	"https://avatars.steamstatic.com/1b385fcd9e9598892ee7067de555fcb9d33a125e_full.jpg"	"2026-09-05T21:29:23.555753+00:00"
"[U:1:1297978475]"	"https://avatars.steamstatic.com/dcc842540aede4b5e7d0963bd59ce22c7c406802_full.jpg"	"2026-09-05T21:29:23.555753+00:00"
"[U:1:1042537722]"	"https://avatars.steamstatic.com/4c762e44eb435a20376e498724aff1efd1a092a5_full.jpg"	"2026-09-05T21:29:23.555753+00:00"
"[U:1:317184129]"	"https://avatars.steamstatic.com/7e0f338d0672e613bf7f5d796bdfed5ba36fcb9c_full.jpg"	"2026-09-05T21:29:23.555753+00:00"
"[U:1:100159682]"	"https://avatars.steamstatic.com/b6f1b1acc12a56e0829e8c482336c4c3fac9206e_full.jpg"	"2026-09-05T21:29:23.555753+00:00"
"[U:1:86931124]"	"https://avatars.steamstatic.com/d4a02c02eb48eb1c0bd7cf209417cc5dab02df00_full.jpg"	"2026-09-05T21:29:23.555753+00:00"
"[U:1:765417161]"	"https://avatars.steamstatic.com/fef49e7fa7e1997310d705b2a6158ff8dc1cdfeb_full.jpg"	"2026-09-05T21:29:23.555753+00:00"
"[U:1:126140978]"	"https://avatars.steamstatic.com/dd973b7c5204316ca580e71860826d3c659a0895_full.jpg"	"2026-09-05T21:29:23.555753+00:00"
"[U:1:1022086895]"	"https://avatars.steamstatic.com/e1f5deddfdedb81e8ea8f7631f738a69308cb052_full.jpg"	"2026-09-05T21:29:23.555753+00:00"
"[U:1:86921628]"	"https://avatars.steamstatic.com/33d16dd4760991d4d48afa238723a2f7bafdf35d_full.jpg"	"2026-09-05T21:29:23.555753+00:00"
"[U:1:55410186]"	"https://avatars.steamstatic.com/fd9fb9d9b22b1b5e1ffac7cb14f4736898e71840_full.jpg"	"2026-09-05T21:29:23.555753+00:00"
"[U:1:1119631233]"	"https://avatars.steamstatic.com/25ebb1ebd28e88b301df986f3109b7f74ef0ab4c_full.jpg"	"2026-09-05T21:29:23.555753+00:00"
"[U:1:1582707831]"	"https://avatars.steamstatic.com/473b6e3115f85036f1948c1c96c7396f6b458bdb_full.jpg"	"2026-09-05T21:29:23.555753+00:00"
"[U:1:1106503457]"	"https://avatars.steamstatic.com/415d1bb8828074fe8d612ec932a363b3548971de_full.jpg"	"2026-09-05T21:29:23.555753+00:00"
"[U:1:1270965379]"	"https://avatars.steamstatic.com/35893a96c950254ad46a106d34fdfa6ceba5c55f_full.jpg"	"2026-09-05T21:29:23.555753+00:00"
"[U:1:405737735]"	"https://avatars.steamstatic.com/e8e38fab57b1664aa9e3d523b226aeb8225953f4_full.jpg"	"2026-09-05T21:29:23.555753+00:00"
"[U:1:214147349]"	"https://avatars.steamstatic.com/7efd5079dbef1dba838a73a474bfce8541fcef26_full.jpg"	"2026-09-05T21:29:23.555753+00:00"
"[U:1:1200649457]"	"https://avatars.steamstatic.com/b2ed881e3cff7777d56f23752c94aa8c65709d45_full.jpg"	"2026-09-05T21:29:23.555753+00:00"
"[U:1:194792079]"	"https://avatars.steamstatic.com/b4c5bc120e4e83f8203deacba2e249fb971fe1de_full.jpg"	"2026-09-05T21:29:23.555753+00:00"
"[U:1:913898339]"	"https://avatars.steamstatic.com/3e4b0c8b12b40088c38b71db874de7d0a9ffc683_full.jpg"	"2026-09-05T21:29:23.555753+00:00"
"[U:1:295469395]"	"https://avatars.steamstatic.com/0aacff8471ab1004d821ddd20358bf85df6b4edd_full.jpg"	"2026-09-05T21:29:23.555753+00:00"
"[U:1:1123249173]"	"https://avatars.steamstatic.com/2ea42fc8df9aa58ff71ba93a929f623d61d884cf_full.jpg"	"2026-09-05T21:29:23.555753+00:00"
"[U:1:1888706021]"	"https://avatars.steamstatic.com/57e930ca4159b86e76028bd8c246e220ac85b6c7_full.jpg"	"2026-09-05T21:29:23.555753+00:00"
"[U:1:824309090]"	"https://avatars.steamstatic.com/78a7ff45a55b886291705bf5c8b917ad2fbd67bd_full.jpg"	"2026-09-05T21:29:23.555753+00:00"
"[U:1:1596611820]"	"https://avatars.steamstatic.com/ec9de2f6e32a2e582001c65ba33feff4026b5497_full.jpg"	"2026-09-05T21:29:23.555753+00:00"
"[U:1:120907650]"	"https://avatars.steamstatic.com/050609204066ed3f4cceac44b5fd853c677b95b6_full.jpg"	"2026-09-05T21:29:23.555753+00:00"
"[U:1:375029868]"	"https://avatars.steamstatic.com/3bc3faa7c2ad5cdb527ef24bf2ac068011c4a4d4_full.jpg"	"2026-09-05T21:29:23.555753+00:00"
"[U:1:1582405746]"	"https://avatars.steamstatic.com/db77412c44662022cc48b94e7970a576b162189b_full.jpg"	"2026-09-05T21:29:23.555753+00:00"
"[U:1:100889911]"	"https://avatars.steamstatic.com/5caa417351e3b0dd452287cd76cdf73994d0ddcf_full.jpg"	"2026-09-05T21:29:23.555753+00:00"
"[U:1:91373100]"	"https://avatars.steamstatic.com/36926fcf656dfd5feab249054260d8d87c91729b_full.jpg"	"2026-09-05T21:29:23.555753+00:00"
"[U:1:1901738361]"	"https://avatars.steamstatic.com/1da0b69fef604a504203880320ffe8d426a749b7_full.jpg"	"2026-09-05T21:29:23.555753+00:00"
"[U:1:1865356439]"	"https://avatars.steamstatic.com/3f93f4182480f3e817beb7b165e60094e4942a4d_full.jpg"	"2026-09-05T21:29:23.555753+00:00"
"[U:1:1561846257]"	"https://avatars.steamstatic.com/d64e22ab6f762b207b64f62af521787d2eaa48ba_full.jpg"	"2026-09-05T21:29:23.555753+00:00"
"[U:1:1120071257]"	"https://avatars.steamstatic.com/0fd4de5a2b85af6b61b7c479ec7a6de3ef391142_full.jpg"	"2026-09-05T21:29:23.555753+00:00"
"[U:1:1200684627]"	"https://avatars.steamstatic.com/235e6e10cd66af9a6c42020f8053cf3a32508522_full.jpg"	"2026-09-05T21:29:23.555753+00:00"
"[U:1:1217324729]"	"https://avatars.steamstatic.com/fef49e7fa7e1997310d705b2a6158ff8dc1cdfeb_full.jpg"	"2026-09-05T21:29:23.555753+00:00"
"[U:1:91234240]"	"https://avatars.steamstatic.com/1b1cc0b730b23097a26a0e5326a8ae75f7a3cd42_full.jpg"	"2026-09-05T21:29:23.555753+00:00"
"[U:1:317174088]"	"https://avatars.steamstatic.com/1a19967cda64baacc0002e020c9182867bc78188_full.jpg"	"2026-09-05T21:29:23.555753+00:00"
"[U:1:183149337]"	"https://avatars.steamstatic.com/1661d0309ae81e096228ede8d9ac994e4018dde0_full.jpg"	"2026-09-05T21:29:23.555753+00:00"
"[U:1:1428763473]"	"https://avatars.steamstatic.com/040380d795a7f99bf4f955472c8721673f988952_full.jpg"	"2026-09-05T21:29:23.555753+00:00"
"[U:1:744601332]"	"https://avatars.steamstatic.com/bdd6fafe9d29e620cc7e4aa031d3febe1abd7660_full.jpg"	"2026-09-05T21:29:23.555753+00:00"
"[U:1:133482395]"	"https://avatars.steamstatic.com/6ff2a2efbc27d87a22b87b5358f6f258b150c47e_full.jpg"	"2026-09-05T21:29:23.555753+00:00"
"[U:1:141602361]"	"https://avatars.steamstatic.com/3e7fa82d331c950cc2dffca68c4e0f723849cff0_full.jpg"	"2026-09-05T21:29:23.555753+00:00"
"[U:1:207436533]"	"https://avatars.steamstatic.com/312c93027bd2eed0d31159fc296a440bb8bb7d31_full.jpg"	"2026-09-05T21:29:23.555753+00:00"
"[U:1:982138521]"	"https://avatars.steamstatic.com/f348677702ebfc1b6e16c50c33c84c81839ca25e_full.jpg"	"2026-09-05T21:29:23.555753+00:00"
"[U:1:1031980425]"	"https://avatars.steamstatic.com/3fd3b15b2d9c3f7936b6edb8db351cb06619db42_full.jpg"	"2026-09-05T21:29:23.555753+00:00"
"[U:1:913980684]"	"https://avatars.steamstatic.com/7d62540bc6e2e8bba0b5ab43d215035c70e1cf2f_full.jpg"	"2026-09-05T21:29:23.555753+00:00"
"[U:1:1582584021]"	"https://avatars.steamstatic.com/cfbfc46a3be40939a5e521308572016b8f24f2f7_full.jpg"	"2026-09-05T21:29:23.555753+00:00"
"[U:1:74474886]"	"https://avatars.steamstatic.com/156ab759c9371ed766103bd97bcbb17e32cf107f_full.jpg"	"2026-09-05T21:29:23.555753+00:00"
"[U:1:1270916228]"	"https://avatars.steamstatic.com/bd3fe8ca3f37fd4abd3142960cec915d840033a3_full.jpg"	"2026-09-05T21:29:23.555753+00:00"
"[U:1:111924671]"	"https://avatars.steamstatic.com/06bb0fd48a89702949d529fb0aa7c29c3befe2ca_full.jpg"	"2026-09-05T21:29:23.555753+00:00"
"[U:1:1088379024]"	"https://avatars.steamstatic.com/bc2d98b065dab806730836fb9957b697207f8bed_full.jpg"	"2026-09-05T21:29:23.555753+00:00"
"[U:1:181283804]"	"https://avatars.steamstatic.com/8703fa4123f28f6e29b0a7105a4399dc48017b52_full.jpg"	"2026-09-05T21:29:23.555753+00:00"
"[U:1:207412231]"	"https://avatars.steamstatic.com/921f1af73489294871be06558f370d38fe3489b9_full.jpg"	"2026-09-05T21:29:23.555753+00:00"
"[U:1:194600755]"	"https://avatars.steamstatic.com/c3a252aff4456eb4ebac6553e2407345f5b779bc_full.jpg"	"2026-09-05T21:29:23.555753+00:00"
"[U:1:154310410]"	"https://avatars.steamstatic.com/58d3f238e19393867a2554ce2d834681fb2dbca6_full.jpg"	"2026-09-05T21:29:23.555753+00:00"
"[U:1:1669550306]"	"https://avatars.steamstatic.com/6bb083ac7d8128f824e48c2af3a55ff1000afe50_full.jpg"	"2026-09-05T21:29:23.555753+00:00"
"[U:1:48698950]"	"https://avatars.steamstatic.com/866d7adb1079ec1d46dc650454cddb5c451a59f2_full.jpg"	"2026-09-05T21:29:23.555753+00:00"
"[U:1:1522271677]"	"https://avatars.steamstatic.com/e8ffea6cfd071587008db6238ea5bfb75d0a4b75_full.jpg"	"2026-09-05T21:29:23.555753+00:00"
"[U:1:7189553]"	"https://avatars.steamstatic.com/29e8109e11d2f1ac53d720862d7ae4853074af06_full.jpg"	"2026-09-05T21:29:23.555753+00:00"
"[U:1:406204040]"	"https://avatars.steamstatic.com/bf8fa76f2a4fb6d9d0f2b4026da95df76fc39a4a_full.jpg"	"2026-09-05T21:29:23.555753+00:00"
"[U:1:1183623581]"	"https://avatars.steamstatic.com/72d2092aa81b53565bd2a5aaffbfbc1114f1e312_full.jpg"	"2026-09-05T21:29:23.555753+00:00"
"[U:1:823684935]"	"https://avatars.steamstatic.com/b57d110240e594f034bc0fd77c5e355a4a53a82a_full.jpg"	"2026-09-05T21:29:23.555753+00:00"
"[U:1:123813158]"	"https://avatars.steamstatic.com/56d7bedaa42ed1770a200ca0ab41748407f744b5_full.jpg"	"2026-09-05T21:29:23.555753+00:00"
"[U:1:1055894413]"	"https://avatars.steamstatic.com/d8dd533fd2b7e6188eaf722184dfbd3b6ec27b6e_full.jpg"	"2026-09-05T21:29:23.555753+00:00"
"[U:1:915215817]"	"https://avatars.steamstatic.com/acf6c20f4404ecd5400e49c38e46f15d27010220_full.jpg"	"2026-09-05T21:29:23.555753+00:00"
"[U:1:250796539]"	"https://avatars.steamstatic.com/edcadff76f64c60f639d401d2acad44b104ddb01_full.jpg"	"2026-09-05T21:29:23.555753+00:00"
"[U:1:339027781]"	"https://avatars.steamstatic.com/90b256595fc3feea20ef468781bf7cff16362789_full.jpg"	"2026-09-05T21:29:23.555753+00:00"
"[U:1:35784556]"	"https://avatars.steamstatic.com/a5356de4fc346c38d49affe90d754450f338de69_full.jpg"	"2026-09-05T21:29:23.555753+00:00"
"[U:1:785771958]"	"https://avatars.steamstatic.com/169ed8e31e0a95274203f16a1f599ea489557779_full.jpg"	"2026-09-05T21:29:23.555753+00:00"
"[U:1:1674101317]"	"https://avatars.steamstatic.com/a41301d4b9e1d39dda8f88f1c057b74f846482c7_full.jpg"	"2026-09-05T21:29:23.555753+00:00"
"[U:1:825719809]"	"https://avatars.steamstatic.com/213b0bf667deda48bb865c8cef51d797666a6814_full.jpg"	"2026-09-05T21:29:23.555753+00:00"
"[U:1:147882969]"	"https://avatars.steamstatic.com/4aefb944147cd88842ed7c48690de5ee378f295e_full.jpg"	"2026-09-05T21:29:23.555753+00:00"
"[U:1:1190192250]"	"https://avatars.steamstatic.com/c4fe82218d441a8c6ceca0d5907659b96c93b591_full.jpg"	"2026-09-05T21:29:23.555753+00:00"
"[U:1:86597326]"	"https://avatars.steamstatic.com/725ca1f17e5256045548326fe58116bc767e9a77_full.jpg"	"2026-09-05T21:29:23.555753+00:00"
"[U:1:1215276739]"	"https://avatars.steamstatic.com/fbe691639a46f74e7fdfb5ecca6fd1a19cc0cb8c_full.jpg"	"2026-09-05T21:29:23.555753+00:00"
"[U:1:374241506]"	"https://avatars.steamstatic.com/8707319fd87ef78f9c3166d44d5a928d72230415_full.jpg"	"2026-09-05T21:29:23.555753+00:00"
"[U:1:235771555]"	"https://avatars.steamstatic.com/0ed23eb9f4d89e4486fca29fcc76e7c3f4afd6f0_full.jpg"	"2026-09-05T21:29:23.555753+00:00"
"[U:1:866690905]"	"https://avatars.steamstatic.com/632ad06bf0ad27941bec41c4081068240eb98171_full.jpg"	"2026-09-05T21:29:23.555753+00:00"
"[U:1:219312059]"	"https://avatars.steamstatic.com/0b2f9592841785b60e1ef0edab80e8149655650c_full.jpg"	"2026-09-05T21:29:23.555753+00:00"
"[U:1:487237761]"	"https://avatars.steamstatic.com/ca95d81a6772d1432f4cea0a4bf093c97b959a47_full.jpg"	"2026-09-05T21:29:23.555753+00:00"
"[U:1:448606369]"	"https://avatars.steamstatic.com/fc297c357305e83d9658e39971c8a74d302b8bba_full.jpg"	"2026-09-05T21:29:23.555753+00:00"
"[U:1:1165742808]"	"https://avatars.steamstatic.com/e9f8823c1cab362f6f9da2700e39c287acc010a9_full.jpg"	"2026-09-05T21:29:23.555753+00:00"
"[U:1:1598572538]"	"https://avatars.steamstatic.com/06df99055ad10ac2d5b6dcabe655874677e5c7b4_full.jpg"	"2026-09-05T21:29:23.555753+00:00"
"[U:1:1061061228]"	"https://avatars.steamstatic.com/0fb5fd4f28f0244619b9d5e4fc78e91da705660c_full.jpg"	"2026-09-05T21:29:23.555753+00:00"
"[U:1:1116629627]"	"https://avatars.steamstatic.com/e530e2b97a45f9bbc13d2bbca33bc2ce7bce53b1_full.jpg"	"2026-09-05T21:29:23.555753+00:00"
"[U:1:1220896312]"	"https://avatars.steamstatic.com/a2f01f0581217cb5a57e18cfe7e5c4d3c2469318_full.jpg"	"2026-09-05T21:29:23.555753+00:00"
"[U:1:916783951]"	"https://avatars.steamstatic.com/05d548c7bd858995add89242b9a82404527133c1_full.jpg"	"2026-09-05T21:29:23.555753+00:00"
"[U:1:1172095288]"	"https://avatars.steamstatic.com/8d0c3ca5019c7d504a3d38510ba895b063727c6e_full.jpg"	"2026-09-05T21:29:23.555753+00:00"
"[U:1:183276303]"	"https://avatars.steamstatic.com/e643c812feece27c17ad274ee113b3c2efb3d202_full.jpg"	"2026-09-05T21:29:23.555753+00:00"
"[U:1:91740875]"	"https://avatars.steamstatic.com/25bd78d96115816d4f6f25aa31a5f93545f00d4d_full.jpg"	"2026-09-05T21:29:23.555753+00:00"
"[U:1:14792721]"	"https://avatars.steamstatic.com/1c210a6f624bf3087d99cc50571179335dd77574_full.jpg"	"2026-09-05T21:29:23.555753+00:00"
"[U:1:177664293]"	"https://avatars.steamstatic.com/a78162c8e8aed10255d30e3e191bedda3dab9464_full.jpg"	"2026-09-05T21:29:23.555753+00:00"
"[U:1:175891579]"	"https://avatars.steamstatic.com/6ae60aac994998c64a42d989664caa3af5e548d4_full.jpg"	"2026-09-05T21:29:23.555753+00:00"
"[U:1:1536316358]"	"https://avatars.steamstatic.com/36e4346583882dd0f92b4adfc8cd1cac7d974b40_full.jpg"	"2026-09-05T21:29:23.555753+00:00"
"[U:1:250789248]"	"https://avatars.steamstatic.com/ecd01f0faa769c2c5e90656c774311b658dc4358_full.jpg"	"2026-09-05T21:29:23.555753+00:00"
"[U:1:917769713]"	"https://avatars.steamstatic.com/b2b6cd1d747463d57bc99384713edfd9b20a4b6f_full.jpg"	"2026-09-05T21:29:23.555753+00:00"
"[U:1:409361821]"	"https://avatars.steamstatic.com/8ff97211143ea7d9bffa2dee6589672334a18138_full.jpg"	"2026-09-05T21:29:23.555753+00:00"
"[U:1:55893487]"	"https://avatars.steamstatic.com/0e24b5fa6d94b2ee4751baa0a409c4acdca4672d_full.jpg"	"2026-09-05T21:29:23.555753+00:00"
"[U:1:409446486]"	"https://avatars.steamstatic.com/ae3b475531d3d31151b5b0c6484cbf6af466e874_full.jpg"	"2026-09-05T21:29:23.555753+00:00"
"[U:1:794908169]"	"https://avatars.steamstatic.com/fef49e7fa7e1997310d705b2a6158ff8dc1cdfeb_full.jpg"	"2026-09-05T21:29:23.555753+00:00"
"[U:1:195432894]"	"https://avatars.steamstatic.com/3dc4b01b2930620eb4812c69b8053bff668f4ac3_full.jpg"	"2026-09-05T21:29:23.555753+00:00"
"[U:1:31630459]"	"https://avatars.steamstatic.com/b59f1907f53d00c56464f10c765a7d880be11176_full.jpg"	"2026-09-05T21:29:23.555753+00:00"
"[U:1:410017405]"	"https://avatars.steamstatic.com/108d6cab215ce9dab285c11e394738ed0c763342_full.jpg"	"2026-09-05T21:29:23.555753+00:00"
"[U:1:487408346]"	"https://avatars.steamstatic.com/eec4d5e6985a23807ed50157e5a9959c467eec47_full.jpg"	"2026-09-05T21:29:23.555753+00:00"
"[U:1:826265985]"	"https://avatars.steamstatic.com/801b6c2c39ac7b706f50d268d43299fe028ac91f_full.jpg"	"2026-09-05T21:29:23.555753+00:00"
"[U:1:1253236442]"	"https://avatars.steamstatic.com/07b6d1df34ea57594ac33e35fa27e5088c217c93_full.jpg"	"2026-09-05T21:29:23.555753+00:00"
"[U:1:167327409]"	"https://avatars.steamstatic.com/45ac3b4c810fb093c6ffeab0588408750227c32c_full.jpg"	"2026-09-05T21:29:23.555753+00:00"
"[U:1:222864859]"	"https://avatars.steamstatic.com/c4409ec059c03c7ba008be6041411cc848f0444d_full.jpg"	"2026-09-05T21:29:23.555753+00:00"
"[U:1:407913438]"	"https://avatars.steamstatic.com/4d25b7fe05a64f3ed157228fae661cd6a52cb58c_full.jpg"	"2026-09-05T21:29:23.555753+00:00"
"[U:1:794845843]"	"https://avatars.steamstatic.com/d6710ab6a79e37cfa7d2d745c6647af4d996699d_full.jpg"	"2026-09-05T21:29:23.555753+00:00"
"[U:1:1672564025]"	"https://avatars.steamstatic.com/fef49e7fa7e1997310d705b2a6158ff8dc1cdfeb_full.jpg"	"2026-09-05T21:29:23.555753+00:00"
"[U:1:91662946]"	"https://avatars.steamstatic.com/dac3275eec54e7e25034580705baca5d5082376a_full.jpg"	"2026-09-05T21:29:23.555753+00:00"
"[U:1:230504498]"	"https://avatars.steamstatic.com/84bdfa5246a2a930ea90ebbc3153b11775bbb9ec_full.jpg"	"2026-09-05T21:29:23.555753+00:00"
"[U:1:195698366]"	"https://avatars.steamstatic.com/352f807af5979892ca128e5fdef985edadaab38c_full.jpg"	"2026-09-05T21:29:23.555753+00:00"
"[U:1:409292778]"	"https://avatars.steamstatic.com/306a809bdd80685b40da816523486b5f5d8e268f_full.jpg"	"2026-09-05T21:29:23.555753+00:00"
"[U:1:338978557]"	"https://avatars.steamstatic.com/01c7d8375201f42a87ea161d5359d1907bd5a083_full.jpg"	"2026-09-05T21:29:23.555753+00:00"
"[U:1:408640602]"	"https://avatars.steamstatic.com/1b1685acad0a2ccb0c4933fed31f09054838ca1f_full.jpg"	"2026-09-05T21:29:23.555753+00:00"
"[U:1:1792429459]"	"https://avatars.steamstatic.com/2bdc6c9c17913db9fb2470d0fce73467cf4c0b99_full.jpg"	"2026-09-05T21:29:23.555753+00:00"
"[U:1:56241793]"	"https://avatars.steamstatic.com/80eaac60bb545f02f2f8ffbc2bd8b8babbd9b47e_full.jpg"	"2026-09-05T21:29:23.555753+00:00"
"[U:1:867076401]"	"https://avatars.steamstatic.com/73b976189278c69e7a4c6af665cec2c4b9a266d9_full.jpg"	"2026-09-05T21:29:23.555753+00:00"
"[U:1:1096772439]"	"https://avatars.steamstatic.com/e4cdcfb323426ee4b53b100ff1c05fa3c8470857_full.jpg"	"2026-09-05T21:29:23.555753+00:00"
"[U:1:916400371]"	"https://avatars.steamstatic.com/6c0929ec7b786f3783d99d58a995530be67e8bc2_full.jpg"	"2026-09-05T21:29:23.555753+00:00"
"[U:1:48022648]"	"https://avatars.steamstatic.com/ececed6b12b33fa2a330fb24a1760734803af791_full.jpg"	"2026-09-05T21:29:23.555753+00:00"
"[U:1:1125830829]"	"https://avatars.steamstatic.com/a6c1178f41586eddef31715e5089d6bb51c5ae28_full.jpg"	"2026-09-05T21:29:23.555753+00:00"
"[U:1:207566365]"	"https://avatars.steamstatic.com/55928eb9e6c2b52bcd6f761d6b7fe1fe17cf9306_full.jpg"	"2026-09-05T21:29:23.555753+00:00"
"[U:1:1441129933]"	"https://avatars.steamstatic.com/3af720e9f16dbb29aff10cf54a5d00cb628c4062_full.jpg"	"2026-09-05T21:29:23.555753+00:00"
"[U:1:1792196470]"	"https://avatars.steamstatic.com/faec5341c80192180adf40e6f755d13467e32f6a_full.jpg"	"2026-09-05T21:29:23.555753+00:00"
"[U:1:410149747]"	"https://avatars.steamstatic.com/343c04c29137e207b7ea0913fff5641aad2d88dc_full.jpg"	"2026-09-05T21:29:23.555753+00:00"
"[U:1:74407101]"	"https://avatars.steamstatic.com/b79081fb3de8b05eb81c231d8b8a22c45536db28_full.jpg"	"2026-09-05T21:29:23.555753+00:00"
"[U:1:1866924249]"	"https://avatars.steamstatic.com/ce72001305d9a0322f51bc96aae15d681cb197b1_full.jpg"	"2026-09-05T21:29:23.555753+00:00"
"[U:1:916795270]"	"https://avatars.steamstatic.com/17715b7fcc8eae3eb3833554eac38284967208a5_full.jpg"	"2026-09-05T21:29:23.555753+00:00"
"[U:1:340031932]"	"https://avatars.steamstatic.com/3a6c4f3996b28cfb59658c8d1c18beb9dc23a09e_full.jpg"	"2026-09-05T21:29:23.555753+00:00"
"[U:1:1562743450]"	"https://avatars.steamstatic.com/bb3a6ea61c45f9ce75e16be7ad2d8f63ed3e8dd1_full.jpg"	"2026-09-05T21:29:23.555753+00:00"
"[U:1:86694650]"	"https://avatars.steamstatic.com/8bae6c2efe70680bbebe96660e93a6928d5340fd_full.jpg"	"2026-09-05T21:29:23.555753+00:00"
"[U:1:195687597]"	"https://avatars.steamstatic.com/49d47393e96c563b5e31427a5f60e036ca313bd6_full.jpg"	"2026-09-05T21:29:23.555753+00:00"
"[U:1:309098460]"	"https://avatars.steamstatic.com/cadc45d08e2cbf39382f659d28f68f8ac1bd0791_full.jpg"	"2026-09-05T21:29:23.555753+00:00"
"[U:1:1178666815]"	"https://avatars.steamstatic.com/8d5aecf456aa5cefd6afd58d42985e64363ca954_full.jpg"	"2026-09-05T21:29:23.555753+00:00"
"[U:1:1210510634]"	"https://avatars.steamstatic.com/37cf1dc1f48ac849fb89a0b11182816609a9e6eb_full.jpg"	"2026-09-05T21:29:23.555753+00:00"
"[U:1:207537299]"	"https://avatars.steamstatic.com/253e42933c8ee905b459852a77c2eb517cf286e8_full.jpg"	"2026-09-05T21:29:23.555753+00:00"
"[U:1:195735299]"	"https://avatars.steamstatic.com/1a57276b363ad71f25d221524ed03d93430582e3_full.jpg"	"2026-09-05T21:29:23.555753+00:00"
"[U:1:1162089457]"	"https://avatars.steamstatic.com/7370cd66fe36bdac52b00a2a61012084417aebfe_full.jpg"	"2026-09-05T21:29:23.555753+00:00"
"[U:1:296302691]"	"https://avatars.steamstatic.com/b8fc322d7c0c429be3f9f724da258e4f472c0420_full.jpg"	"2026-09-05T21:29:23.555753+00:00"
"[U:1:31630706]"	"https://avatars.steamstatic.com/c1e16d1afa4600ddde7df744127e81b70029093c_full.jpg"	"2026-09-05T21:29:23.555753+00:00"
"[U:1:1240494760]"	"https://avatars.steamstatic.com/6db2ac365ae4ee52c350ac4e9a34fdbf013c64ce_full.jpg"	"2026-09-05T21:29:23.555753+00:00"
"[U:1:1952511]"	"https://avatars.steamstatic.com/92d690182ccceffc88308400afc099bf489b5af8_full.jpg"	"2026-09-05T21:29:23.555753+00:00"
"[U:1:1866286442]"	"https://avatars.steamstatic.com/f73c9d8887c1cee6b66f9432b449b73b1bd066dc_full.jpg"	"2026-09-05T21:29:23.555753+00:00"
"[U:1:1505517116]"	"https://avatars.steamstatic.com/c4574948c2b3278f8426b50bb7d43f558281f9ef_full.jpg"	"2026-09-05T21:29:23.555753+00:00"
"[U:1:1190335539]"	"https://avatars.steamstatic.com/57ae90ecec4afe50cd7776b78d4b243ea91cafbe_full.jpg"	"2026-09-05T21:29:23.555753+00:00"
"[U:1:1495336941]"	"https://avatars.steamstatic.com/19d3c35aa3fde0e35253c6e4959f57c1778b3be5_full.jpg"	"2026-09-05T21:29:23.555753+00:00"
"[U:1:409596026]"	"https://avatars.steamstatic.com/eb13544d2f3cc9f444e76da049d3a12da8ff646b_full.jpg"	"2026-09-05T21:29:23.555753+00:00"
"[U:1:296515708]"	"https://avatars.steamstatic.com/70b7d6eb99eb3d8eaca3dcc68942d45efffeae20_full.jpg"	"2026-09-05T21:29:23.555753+00:00"
"[U:1:82601997]"	"https://avatars.steamstatic.com/0b4a1a0df3fa0d6524c7aa1678e66dd56f78bca9_full.jpg"	"2026-09-05T21:29:23.555753+00:00"
"[U:1:106373444]"	"https://avatars.steamstatic.com/d5994e72af54bd1865d4bfc1bfe6d81780b42ec4_full.jpg"	"2026-09-05T21:29:23.555753+00:00"
"[U:1:1165705637]"	"https://avatars.steamstatic.com/9ecd856942b07de1b5f52e545601e25baafce3c4_full.jpg"	"2026-09-05T21:29:23.555753+00:00"
"[U:1:340061459]"	"https://avatars.steamstatic.com/998bcf71439b06fc02d720bfe43ca95e5b558beb_full.jpg"	"2026-09-05T21:29:23.555753+00:00"
"[U:1:9975935]"	"https://avatars.steamstatic.com/e54addd710567add92be76f99a4948d9ebb25c18_full.jpg"	"2026-09-05T21:29:23.555753+00:00"
"[U:1:865876666]"	"https://avatars.steamstatic.com/429d51f983f668ebb97926de02420544db6cf309_full.jpg"	"2026-09-05T21:29:23.555753+00:00"
"[U:1:1190295746]"	"https://avatars.steamstatic.com/79d3fe5839617eb83a9661071ed021dd56ac8a5b_full.jpg"	"2026-09-05T21:29:23.555753+00:00"
"[U:1:186690083]"	"https://avatars.steamstatic.com/8d141af142c3b4cc6c0c532992eb8d15ab2a9352_full.jpg"	"2026-09-05T21:29:23.555753+00:00"
"[U:1:454802875]"	"https://avatars.steamstatic.com/ba3670814bd4e7676ca514feaf5c5d8ac41b0ddf_full.jpg"	"2026-09-05T21:29:23.555753+00:00"
"[U:1:409474191]"	"https://avatars.steamstatic.com/e3efdd7077c25f4086060604f0e237bc477e895d_full.jpg"	"2026-09-05T21:29:23.555753+00:00"
"[U:1:1562795369]"	"https://avatars.steamstatic.com/c110fd9fdea2504d7c3009b49b6719297663f08d_full.jpg"	"2026-09-05T21:29:23.555753+00:00"
"[U:1:86546713]"	"https://avatars.steamstatic.com/4d7595d6fa3a2e32f7c3b7c144e5eeb152ec4e36_full.jpg"	"2026-09-05T21:29:23.555753+00:00"
"[U:1:82759758]"	"https://avatars.steamstatic.com/b698f81978cd408b5e210f5b5c09d308ae75165b_full.jpg"	"2026-09-05T21:29:23.555753+00:00"
"[U:1:1315670601]"	"https://avatars.steamstatic.com/55e654d3b03728858e6458bfea4c4ce4cd624749_full.jpg"	"2026-09-05T21:29:23.555753+00:00"
"[U:1:1512669926]"	"https://avatars.steamstatic.com/9632c34bb7a584065cf806e28395251418591fa0_full.jpg"	"2026-09-05T21:29:23.555753+00:00"
"[U:1:59177731]"	"https://avatars.steamstatic.com/262a597e19f6683d28e4d9a990d272959949c7f2_full.jpg"	"2026-09-05T21:29:23.555753+00:00"
"[U:1:1495458974]"	"https://avatars.steamstatic.com/c926d7febd3bf14795258e10d798d0b21f100ee0_full.jpg"	"2026-09-05T21:29:23.555753+00:00"
"[U:1:226611341]"	"https://avatars.steamstatic.com/455c808791c896bc1a5ace56fb2713574c3f0f69_full.jpg"	"2026-09-05T21:29:23.555753+00:00"
"[U:1:44221617]"	"https://avatars.steamstatic.com/3ef3923b7997ce576a7031cdd70bb42ec2cec044_full.jpg"	"2026-09-05T21:29:23.555753+00:00"
"[U:1:102484882]"	"https://avatars.steamstatic.com/a6aca86a5f27ee48e4292528f2b7e2aec038551b_full.jpg"	"2026-09-05T21:29:23.555753+00:00"
"[U:1:109948940]"	"https://avatars.steamstatic.com/0f8c5b982f00f4bffbe10b62e5c80de9acebce62_full.jpg"	"2026-09-05T21:29:23.555753+00:00"
"[U:1:1092416593]"	"https://avatars.steamstatic.com/22c094885b463ad89f2f64e29936fc0d8432ab21_full.jpg"	"2026-09-05T21:29:23.555753+00:00"
"[U:1:340539900]"	"https://avatars.steamstatic.com/d7b7988e7bc32f8e08ab167acd110bf8783e59af_full.jpg"	"2026-09-05T21:29:23.555753+00:00"
"[U:1:849115445]"	"https://avatars.steamstatic.com/ba84bde1fb490d9499b3360ba4f497d7bf7a16a0_full.jpg"	"2026-09-05T21:29:23.555753+00:00"
"[U:1:217687674]"	"https://avatars.steamstatic.com/3d2fd909cc3de7f1ab64094c6d47f8ece587ebc9_full.jpg"	"2026-09-05T21:29:23.555753+00:00"
"[U:1:176871974]"	"https://avatars.steamstatic.com/c8db6dd745a26878859718e1261a081e040a7b56_full.jpg"	"2026-09-05T21:29:23.555753+00:00"
"[U:1:1868109132]"	"https://avatars.steamstatic.com/fef49e7fa7e1997310d705b2a6158ff8dc1cdfeb_full.jpg"	"2026-09-05T21:29:23.555753+00:00"
"[U:1:77915203]"	"https://avatars.steamstatic.com/6d11baea7749628107fb3e5e87b5024dec90252a_full.jpg"	"2026-09-05T21:29:23.555753+00:00"
"[U:1:1000547852]"	"https://avatars.steamstatic.com/e9813b448296d2274966114c75dc8bc8bfe40ec6_full.jpg"	"2026-09-05T21:29:23.555753+00:00"
"[U:1:1675584853]"	"https://avatars.steamstatic.com/5eaf21e48576ee1eab5e4e7c6707b7f8d0dc29b5_full.jpg"	"2026-09-05T21:29:23.555753+00:00"
"[U:1:221274599]"	"https://avatars.steamstatic.com/fef49e7fa7e1997310d705b2a6158ff8dc1cdfeb_full.jpg"	"2026-09-05T21:29:23.555753+00:00"
"[U:1:919150824]"	"https://avatars.steamstatic.com/b7de17e58d3313b12dd24318396addb1ba763338_full.jpg"	"2026-09-05T21:29:23.555753+00:00"
"[U:1:64469816]"	"https://avatars.steamstatic.com/3f71430bbb17d326890d35a880aaa35b50800d0a_full.jpg"	"2026-09-05T21:29:23.555753+00:00"
"[U:1:1200969037]"	"https://avatars.steamstatic.com/653a419552fdaf930959b9a2b20a3663b7df21b8_full.jpg"	"2026-09-05T21:29:23.555753+00:00"
"[U:1:37236868]"	"https://avatars.steamstatic.com/c50fe6d721feded815cd4943ca88225255e3e0ab_full.jpg"	"2026-09-05T21:29:23.555753+00:00"
"[U:1:794361326]"	"https://avatars.steamstatic.com/b07d169af7a16c5aed2ebecd277815316c741328_full.jpg"	"2026-09-05T21:29:23.555753+00:00"
"[U:1:82847687]"	"https://avatars.steamstatic.com/5c3cd1e3edb6bf0934a95ff2392128d4d2a57fb6_full.jpg"	"2026-09-05T21:29:23.555753+00:00"
"[U:1:209907334]"	"https://avatars.steamstatic.com/f17a86f4c4319596c3fde4aa637a3f14114d46e3_full.jpg"	"2026-09-05T21:29:23.555753+00:00"
"[U:1:1119278807]"	"https://avatars.steamstatic.com/02f31cc80298b2910e1fef7d5391f044b278a659_full.jpg"	"2026-09-05T21:29:23.555753+00:00"
"[U:1:315703012]"	"https://avatars.steamstatic.com/97a16a56f660205fab579a9f57bb84d96e759a0d_full.jpg"	"2026-09-05T21:29:23.555753+00:00"
"[U:1:1254132021]"	"https://avatars.steamstatic.com/fef49e7fa7e1997310d705b2a6158ff8dc1cdfeb_full.jpg"	"2026-09-05T21:29:23.555753+00:00"
"[U:1:920379250]"	"https://avatars.steamstatic.com/f0ae293c7689dacc33c9bdee8feb20cd4e41dc6c_full.jpg"	"2026-09-05T21:29:23.555753+00:00"
"[U:1:138736160]"	"https://avatars.steamstatic.com/bc39841ee86ec009c4c5d782b498d159c206137f_full.jpg"	"2026-09-05T21:29:23.555753+00:00"
"[U:1:135664917]"	"https://avatars.steamstatic.com/cc1b588dee9fe8c5d2af3b9fdcef34e648771d25_full.jpg"	"2026-09-05T21:29:23.555753+00:00"
"[U:1:102683782]"	"https://avatars.steamstatic.com/8e31f862c6d4abb6bc8cbd8b7fa3ec26523d444e_full.jpg"	"2026-09-05T21:29:23.555753+00:00"
"[U:1:1479673469]"	"https://avatars.steamstatic.com/a4cb71e44bbfe83d60a10bc90f1c7fa847942aa2_full.jpg"	"2026-09-05T21:29:23.555753+00:00"
"[U:1:1218934989]"	"https://avatars.steamstatic.com/26ba9cd39c1f3ad05441a4f6a2a5bbeb4fddb713_full.jpg"	"2026-09-05T21:29:23.555753+00:00"
"[U:1:190062149]"	"https://avatars.steamstatic.com/48cebeb0b43a40866e826e4082e925b843a57c23_full.jpg"	"2026-09-05T21:29:23.555753+00:00"
"[U:1:1238368111]"	"https://avatars.steamstatic.com/a081014439c0f116cb9bacfc93016f8cc45694ce_full.jpg"	"2026-09-05T21:29:23.555753+00:00"
"[U:1:1792974170]"	"https://avatars.steamstatic.com/df2bd0cc136f213a5b5d755a4b7f76317816035d_full.jpg"	"2026-09-05T21:29:23.555753+00:00"
"[U:1:171866470]"	"https://avatars.steamstatic.com/b849dbf544680c846de966e706799d890ba79f10_full.jpg"	"2026-09-05T21:29:23.555753+00:00"
"[U:1:251577437]"	"https://avatars.steamstatic.com/a627d3c0e9fe310d6ce9538c3594376522acbb00_full.jpg"	"2026-09-05T21:29:23.555753+00:00"
"[U:1:1263691211]"	"https://avatars.steamstatic.com/bc24e1a8ec46742b785f2f084ac048ca48dfa5a4_full.jpg"	"2026-09-05T21:29:23.555753+00:00"
"[U:1:1708432256]"	"https://avatars.steamstatic.com/46717694f5b724b9715c4948dc56569f4a18a5bd_full.jpg"	"2026-09-05T21:29:23.555753+00:00"
"[U:1:129779669]"	"https://avatars.steamstatic.com/543075cd1b9c6b5e69ac356b534c7b8cc213cdbb_full.jpg"	"2026-09-05T21:29:23.555753+00:00"
"[U:1:304044175]"	"https://avatars.steamstatic.com/f1951fd5e2c9b8d44a6213a0548f3fd11c4142b9_full.jpg"	"2026-09-05T21:29:23.555753+00:00"
"[U:1:117937949]"	"https://avatars.steamstatic.com/1b2ff3993a0cb84906a204ffca90d9a6130e99d0_full.jpg"	"2026-09-05T21:29:23.555753+00:00"
"[U:1:1254221723]"	"https://avatars.steamstatic.com/f16984daf41f7231fa0ed165f44bd828f5ae6ff3_full.jpg"	"2026-09-05T21:29:23.555753+00:00"
"[U:1:829084638]"	"https://avatars.steamstatic.com/63a6d08d3b51fe881c88dacb619c18431f458b69_full.jpg"	"2026-09-05T21:29:23.555753+00:00"
"[U:1:1845355524]"	"https://avatars.steamstatic.com/e9c3d241881165b5f477662a6133ea8397dd3d76_full.jpg"	"2026-09-05T21:29:23.555753+00:00"
"[U:1:162786731]"	"https://avatars.steamstatic.com/77d76c9be25eea09b59cae1e4c2d64ea5eea03a5_full.jpg"	"2026-09-05T21:29:23.555753+00:00"
"[U:1:1418915249]"	"https://avatars.steamstatic.com/8665a250f7faa61e8d837999a0849de12e610bcc_full.jpg"	"2026-09-05T21:29:23.555753+00:00"
"[U:1:1890432945]"	"https://avatars.steamstatic.com/fef49e7fa7e1997310d705b2a6158ff8dc1cdfeb_full.jpg"	"2026-09-05T21:29:23.555753+00:00"
"[U:1:354449049]"	"https://avatars.steamstatic.com/bcbdb05d7fb2bd234b49a7fe5cd79691f5ead773_full.jpg"	"2026-09-05T21:29:23.555753+00:00"
"[U:1:102324884]"	"https://avatars.steamstatic.com/54fda381a56e6e7e9019a80c53a41b1104a6d48d_full.jpg"	"2026-09-05T21:29:23.555753+00:00"
"[U:1:410503208]"	"https://avatars.steamstatic.com/487e58eadff04786ce5dac25da54d5ea4e921b23_full.jpg"	"2026-09-05T21:29:23.555753+00:00"
"[U:1:50943182]"	"https://avatars.steamstatic.com/d6416a14835d07c1acda65e5489cc8484f84479a_full.jpg"	"2026-09-05T21:29:23.555753+00:00"
"[U:1:372856180]"	"https://avatars.steamstatic.com/38641c692d7fea9f51c0bb145deee3e4c67ace48_full.jpg"	"2026-09-05T21:29:23.555753+00:00"
"[U:1:16746013]"	"https://avatars.steamstatic.com/e123051ffc4f07e73737d58c17e3bee71366fc34_full.jpg"	"2026-09-05T21:29:23.555753+00:00"
"[U:1:1053455237]"	"https://avatars.steamstatic.com/b3a01e1440bc499b7f3966f923b4063d7e607f5f_full.jpg"	"2026-09-05T21:29:23.555753+00:00"
"[U:1:45803385]"	"https://avatars.steamstatic.com/68e12ec41eebf1be87e43a4e068d6fd0287b4ecc_full.jpg"	"2026-09-05T21:29:23.555753+00:00"
"[U:1:179288568]"	"https://avatars.steamstatic.com/e5ea0141ae3b7574309fe13e4e303ec838054ed6_full.jpg"	"2026-09-05T21:29:23.555753+00:00"
"[U:1:1124555486]"	"https://avatars.steamstatic.com/97e463a36f2693f6158631fb69c4074694019c20_full.jpg"	"2026-09-05T21:29:23.555753+00:00"
"[U:1:41146294]"	"https://avatars.steamstatic.com/a25a9097826eeb75828621328a34ecb2e213fa76_full.jpg"	"2026-09-05T21:29:23.555753+00:00"
"[U:1:1222131549]"	"https://avatars.steamstatic.com/3a99a6aa6cbcaf02102a746dcb2dd38219835e4a_full.jpg"	"2026-09-05T21:29:23.555753+00:00"
"[U:1:296816838]"	"https://avatars.steamstatic.com/cff8942fd60fb57a26ea93d06908fb86b72d85a1_full.jpg"	"2026-09-05T21:29:23.555753+00:00"
"[U:1:1890383308]"	"https://avatars.steamstatic.com/9c68f53d6b76f8325e364acdb84f573d2cfe3a36_full.jpg"	"2026-09-05T21:29:23.555753+00:00"
"[U:1:411602947]"	"https://avatars.steamstatic.com/fef49e7fa7e1997310d705b2a6158ff8dc1cdfeb_full.jpg"	"2026-09-05T21:29:23.555753+00:00"
"[U:1:1149390494]"	"https://avatars.steamstatic.com/b497cb0c1da91eaf9b74b20b2b3740cfc58fec8c_full.jpg"	"2026-09-05T21:29:23.555753+00:00"
"[U:1:117939791]"	"https://avatars.steamstatic.com/891aef0ae2fb231424ff4b35eb9591ad979deb8f_full.jpg"	"2026-09-05T21:29:23.555753+00:00"
"[U:1:1172031166]"	"https://avatars.steamstatic.com/57599579dab4635bc9d632453c5b920c82cc47a1_full.jpg"	"2026-09-05T21:29:23.555753+00:00"
"[U:1:135613679]"	"https://avatars.steamstatic.com/ae3b475531d3d31151b5b0c6484cbf6af466e874_full.jpg"	"2026-09-05T21:29:23.555753+00:00"
"[U:1:1221050467]"	"https://avatars.steamstatic.com/4e74b563f5c327c1e01634828216424ca9003f04_full.jpg"	"2026-09-05T21:29:23.555753+00:00"
"[U:1:920762948]"	"https://avatars.steamstatic.com/c17934a3d5bc21eb8452d4be7875659f511fc514_full.jpg"	"2026-09-05T21:29:23.555753+00:00"
"[U:1:82849996]"	"https://avatars.steamstatic.com/b5c65dd4aa00b1a08c8adce663b456ea51df8ccd_full.jpg"	"2026-09-05T21:29:23.555753+00:00"
"[U:1:183347763]"	"https://avatars.steamstatic.com/1e7cce9183d37c2d3192732b54608171796f084a_full.jpg"	"2026-09-05T21:29:23.555753+00:00"
"[U:1:442050337]"	"https://avatars.steamstatic.com/b498107161042459317630735f7e049edf1441ed_full.jpg"	"2026-09-05T21:29:23.555753+00:00"
"[U:1:1526240294]"	"https://avatars.steamstatic.com/1ebfe21a80cdf96e3560192e8cc395ccab7cd478_full.jpg"	"2026-09-05T21:29:23.555753+00:00"
"[U:1:196941983]"	"https://avatars.steamstatic.com/e148e8f050957ba849da8d91724451103addda2e_full.jpg"	"2026-09-05T21:29:23.555753+00:00"
"[U:1:411651806]"	"https://avatars.steamstatic.com/2c78098a7d6dd7dbc2cd7b42ef781b822d94c81d_full.jpg"	"2026-09-05T21:29:23.555753+00:00"
"[U:1:1144580667]"	"https://avatars.steamstatic.com/2c4e61458d74df5f97149efa35af083705fb12aa_full.jpg"	"2026-09-05T21:29:23.555753+00:00"
"[U:1:86509624]"	"https://avatars.steamstatic.com/5f4673b1f7d40b47b4af564f397f0f5428e25922_full.jpg"	"2026-09-05T21:29:23.555753+00:00"
"[U:1:1012472700]"	"https://avatars.steamstatic.com/a47efa3f041a05f575769d54331bea2599ffdd8a_full.jpg"	"2026-09-05T21:29:23.555753+00:00"
"[U:1:411493196]"	"https://avatars.steamstatic.com/1502f96efa6c4d308a49a4d3b95cac04245295ce_full.jpg"	"2026-09-05T21:29:23.555753+00:00"
"[U:1:1850818045]"	"https://avatars.steamstatic.com/e605a5d7f1a1fb05876d1773c657828baca55872_full.jpg"	"2026-09-05T21:29:23.555753+00:00"
"[U:1:148021955]"	"https://avatars.steamstatic.com/fa1d2a04cf4995dffd6446a02b843305034f41db_full.jpg"	"2026-09-05T21:29:23.555753+00:00"
"[U:1:74345686]"	"https://avatars.steamstatic.com/7f2ab5f403aecaf853597bf9f6fcd65eddd459e1_full.jpg"	"2026-09-05T21:29:23.555753+00:00"
"[U:1:412519604]"	"https://avatars.steamstatic.com/fef49e7fa7e1997310d705b2a6158ff8dc1cdfeb_full.jpg"	"2026-09-05T21:29:23.555753+00:00"
"[U:1:410982316]"	"https://avatars.steamstatic.com/ae8646ed36c980b1b8675be1295ee1d61d50ac92_full.jpg"	"2026-09-05T21:29:23.555753+00:00"
"[U:1:1581151028]"	"https://avatars.steamstatic.com/348c42f162e6da4ac2fdcf77125ae51b3f41dd78_full.jpg"	"2026-09-05T21:29:23.555753+00:00"
"[U:1:251618144]"	"https://avatars.steamstatic.com/10852b804137a6a22ce0e106e6b87e6bd5ee89e3_full.jpg"	"2026-09-05T21:29:23.555753+00:00"
"[U:1:56460943]"	"https://avatars.steamstatic.com/ae3b475531d3d31151b5b0c6484cbf6af466e874_full.jpg"	"2026-09-05T21:29:23.555753+00:00"
"[U:1:99968757]"	"https://avatars.steamstatic.com/38d7e619cd1d645072d4b2b00bf5b21e63d8f4ea_full.jpg"	"2026-09-05T21:29:23.555753+00:00"
"[U:1:827717957]"	"https://avatars.steamstatic.com/ad4887a3e098af46934909c8ff1457058bfb62ff_full.jpg"	"2026-09-05T21:29:23.555753+00:00"
"[U:1:1563208745]"	"https://avatars.steamstatic.com/652a37c9dddf5a9227ad4f6e2e55e4910617195c_full.jpg"	"2026-09-05T21:29:23.555753+00:00"
"[U:1:311437078]"	"https://avatars.steamstatic.com/bd994f6308baafa77658bfe1f533fdebb694cae1_full.jpg"	"2026-09-05T21:29:23.555753+00:00"
"[U:1:1084593847]"	"https://avatars.steamstatic.com/30b86e9be656794c76b051e52196b02de56ecd9c_full.jpg"	"2026-09-05T21:29:23.555753+00:00"
"[U:1:98440076]"	"https://avatars.steamstatic.com/21484ad770094a1b2e8ac8e6a091334068fce3f6_full.jpg"	"2026-09-05T21:29:23.555753+00:00"
"[U:1:412434782]"	"https://avatars.steamstatic.com/70c08cbe15d036251f0ae8045697dc8014e19755_full.jpg"	"2026-09-05T21:29:23.555753+00:00"
"[U:1:1076191610]"	"https://avatars.steamstatic.com/90c7c96451a2ddb0213519fd97aed5cca8309a7c_full.jpg"	"2026-09-05T21:29:23.555753+00:00"
"[U:1:1238484830]"	"https://avatars.steamstatic.com/79955318f6669675495cf854c3a88f8f36b493e6_full.jpg"	"2026-09-05T21:29:23.555753+00:00"
"[U:1:1869059380]"	"https://avatars.steamstatic.com/003a407713a3f379a8a6d59078e38749ecfd9fa5_full.jpg"	"2026-09-05T21:29:23.555753+00:00"
"[U:1:118393342]"	"https://avatars.steamstatic.com/7cd8b6e08332de579e1988acf7475a14821afa88_full.jpg"	"2026-09-05T21:29:23.555753+00:00"
"[U:1:1760467187]"	"https://avatars.steamstatic.com/31aa408c58bb0c50752d8605f53da612500aca2c_full.jpg"	"2026-09-05T21:29:23.555753+00:00"
"[U:1:108467396]"	"https://avatars.steamstatic.com/b9a3e83f71bd831a454821991bc40103bd1f9afa_full.jpg"	"2026-09-05T21:29:23.555753+00:00"
"[U:1:415013482]"	"https://avatars.steamstatic.com/bcfbbd6606203e70f352fe5a6e90b16829de23f8_full.jpg"	"2026-09-05T21:29:23.555753+00:00"
"[U:1:923573617]"	"https://avatars.steamstatic.com/403a70ce2181201a311b59ff43bcd9f094abf606_full.jpg"	"2026-09-05T21:29:23.555753+00:00"
"[U:1:413296287]"	"https://avatars.steamstatic.com/c682b94775ec2dc129fdb889c4b2e582526ad869_full.jpg"	"2026-09-05T21:29:23.555753+00:00"
"[U:1:27563299]"	"https://avatars.steamstatic.com/09e64aee9a10d9016021a0d315be5e1e0c3f2cbc_full.jpg"	"2026-09-05T21:29:23.555753+00:00"
"[U:1:1519042340]"	"https://avatars.steamstatic.com/fef49e7fa7e1997310d705b2a6158ff8dc1cdfeb_full.jpg"	"2026-09-05T21:29:23.555753+00:00"
"[U:1:162710439]"	"https://avatars.steamstatic.com/d6adba39f13b253290599f48281560e4e1e2b3dd_full.jpg"	"2026-09-05T21:29:23.555753+00:00"
"[U:1:997704916]"	"https://avatars.steamstatic.com/a10688b0e85e9e6f1a655e34ac2ba7e6ad9a4ff2_full.jpg"	"2026-09-05T21:29:23.555753+00:00"
"[U:1:1160567873]"	"https://avatars.steamstatic.com/9e9a39c572be29a4d7944ec8a096527f037f7814_full.jpg"	"2026-09-05T21:29:23.555753+00:00"
"[U:1:92341031]"	"https://avatars.steamstatic.com/92d25f07c2abedefe69365acef2010f6a2592469_full.jpg"	"2026-09-05T21:29:23.555753+00:00"
"[U:1:189900228]"	"https://avatars.steamstatic.com/99b30e8c6d9823756ab9bd3ce5562b9e1049b1a1_full.jpg"	"2026-09-05T21:29:23.555753+00:00"
"[U:1:14822898]"	"https://avatars.steamstatic.com/8f34ed2b520b58867dbd863e243709cda73fa048_full.jpg"	"2026-09-05T21:29:23.555753+00:00"
"[U:1:1189641964]"	"https://avatars.steamstatic.com/25a3af4eb3c483775a5ac68674abfc2af0df05e1_full.jpg"	"2026-09-05T21:29:23.555753+00:00"
"[U:1:342452090]"	"https://avatars.steamstatic.com/692e13064ced100ca1689656de4d34b7769f5f00_full.jpg"	"2026-09-05T21:29:23.555753+00:00"
"[U:1:414994734]"	"https://avatars.steamstatic.com/843831fb66d301655cb89df0f45d64559d591fb6_full.jpg"	"2026-09-05T21:29:23.555753+00:00"
"[U:1:1775964535]"	"https://avatars.steamstatic.com/4b79af016dfe27c1919610b84c7027f4081b4c41_full.jpg"	"2026-09-05T21:29:23.555753+00:00"
"[U:1:1850624912]"	"https://avatars.steamstatic.com/8a313dd4e50eb29071196a68a85c9bb3ac2e69b2_full.jpg"	"2026-09-05T21:29:23.555753+00:00"
"[U:1:414136772]"	"https://avatars.steamstatic.com/a8ba72f911268da3f094de1d0b365ef39e1f862a_full.jpg"	"2026-09-05T21:29:23.555753+00:00"
"[U:1:130718292]"	"https://avatars.steamstatic.com/dedec2d2e616ad35fcf28bf5da24b158da44ca70_full.jpg"	"2026-09-05T21:29:23.555753+00:00"
"[U:1:21958871]"	"https://avatars.steamstatic.com/cc7e72bc5d3e9d6ff74814b0a21e5b5e0510737c_full.jpg"	"2026-09-05T21:29:23.555753+00:00"
"[U:1:104064151]"	"https://avatars.steamstatic.com/8c35b0fa31b797334b9cdd46051f194a7f1ea687_full.jpg"	"2026-09-05T21:29:23.555753+00:00"
"[U:1:1272896439]"	"https://avatars.steamstatic.com/29fb67d6245e71476287ca556956a3c5c71417e0_full.jpg"	"2026-09-05T21:29:23.555753+00:00"
"[U:1:181116912]"	"https://avatars.steamstatic.com/077f4c58487d9d1719446f79ff552aca300a7b61_full.jpg"	"2026-09-05T21:29:23.555753+00:00"
"[U:1:185044984]"	"https://avatars.steamstatic.com/50216728ac5cd36055a696bed0827f33dcc02cb3_full.jpg"	"2026-09-05T21:29:23.555753+00:00"
"[U:1:1263353508]"	"https://avatars.steamstatic.com/35cefd8243bcc8a7e8d81b09ead2381f40bfed75_full.jpg"	"2026-09-05T21:29:23.555753+00:00"
"[U:1:1092549451]"	"https://avatars.steamstatic.com/caf65ba360f34557629ee56407638cfe4d6dde3f_full.jpg"	"2026-09-05T21:29:23.555753+00:00"
"[U:1:160118280]"	"https://avatars.steamstatic.com/22b7faf57a41392ec107b432d4cac05e648fdd37_full.jpg"	"2026-09-05T21:29:23.555753+00:00"
"[U:1:1106378596]"	"https://avatars.steamstatic.com/924df5f67085097bc3ffda5585a9c17e71f59c30_full.jpg"	"2026-09-05T21:29:23.555753+00:00"
"[U:1:99788009]"	"https://avatars.steamstatic.com/cc360fbe931376df3eb7524af4b6c03c4d5959c7_full.jpg"	"2026-09-05T21:29:23.555753+00:00"
"[U:1:298017408]"	"https://avatars.steamstatic.com/6fb2ca2d8b083e1c0f717f9c432ea2d7612dc36d_full.jpg"	"2026-09-05T21:29:23.555753+00:00"
"[U:1:130698988]"	"https://avatars.steamstatic.com/a8091fa7e1c73cf1289ef49f74e105e0c0f5562f_full.jpg"	"2026-09-05T21:29:23.555753+00:00"
"[U:1:1108976234]"	"https://avatars.steamstatic.com/6e59ce0166b54ea5b7a9649e809dc5b831d66471_full.jpg"	"2026-09-05T21:29:23.555753+00:00"
"[U:1:19760240]"	"https://avatars.steamstatic.com/9e9159201cb15769257eebbea85cea297ba0449e_full.jpg"	"2026-09-05T21:29:23.555753+00:00"
"[U:1:121740487]"	"https://avatars.steamstatic.com/4818e77751c53c4fc5190a18b939ad25ce14308c_full.jpg"	"2026-09-05T21:29:23.555753+00:00"
"[U:1:2974110]"	"https://avatars.steamstatic.com/cc4b11d457163f757d33dfd7931b8507d4818d10_full.jpg"	"2026-09-05T21:29:23.555753+00:00"
"[U:1:135715326]"	"https://avatars.steamstatic.com/d88e74df8a1f3dda9c1d63f103c8e596c746e425_full.jpg"	"2026-09-05T21:29:23.555753+00:00"
"[U:1:29806026]"	"https://avatars.steamstatic.com/c5e66f5b06ebf1ae4469887c50581dd9c25c4c36_full.jpg"	"2026-09-05T21:29:23.555753+00:00"
"[U:1:275752066]"	"https://avatars.steamstatic.com/6144f18c7366a587af45537bcaebd11475bc43aa_full.jpg"	"2026-09-05T21:29:23.555753+00:00"
"[U:1:924331210]"	"https://avatars.steamstatic.com/adffbc1e225321eb9ae41d606df13b17c96e7835_full.jpg"	"2026-09-05T21:29:23.555753+00:00"
"[U:1:207753991]"	"https://avatars.steamstatic.com/20182feac9a77e87d22553b43701f0348e718e6e_full.jpg"	"2026-09-05T21:29:23.555753+00:00"
"[U:1:1316421868]"	"https://avatars.steamstatic.com/f5286fe9a68a0a93e296d3e43767905c83829354_full.jpg"	"2026-09-05T21:29:23.555753+00:00"
"[U:1:415197310]"	"https://avatars.steamstatic.com/06414fe880fbcd950e26859c29f8d7cc637cc989_full.jpg"	"2026-09-05T21:29:23.555753+00:00"
"[U:1:156879037]"	"https://avatars.steamstatic.com/07b6e80a8aadf507aba1408bd7c7787011cbcb4d_full.jpg"	"2026-09-05T21:29:23.555753+00:00"
"[U:1:197138229]"	"https://avatars.steamstatic.com/cb7c1bf1c13bd5170459fcb13bb368cbd09ac3bc_full.jpg"	"2026-09-05T21:29:23.555753+00:00"
"[U:1:309062033]"	"https://avatars.steamstatic.com/d77fb9379f6978f2ee4aebbf5cd77e55050f270c_full.jpg"	"2026-09-05T21:29:23.555753+00:00"
"[U:1:92323770]"	"https://avatars.steamstatic.com/a89f280277db05751471277d860f4bf3f0d47601_full.jpg"	"2026-09-05T21:29:23.555753+00:00"
"[U:1:1071279138]"	"https://avatars.steamstatic.com/bcf4fe8e88fc6f1a4f5e3f9466be52446ae66716_full.jpg"	"2026-09-05T21:29:23.555753+00:00"
"[U:1:923271114]"	"https://avatars.steamstatic.com/431f16360de038431dd8a7d68d23e1fabf237ff3_full.jpg"	"2026-09-05T21:29:23.555753+00:00"
"[U:1:197905441]"	"https://avatars.steamstatic.com/b83731b02c04e4967b6881a643010874b1d3c5c9_full.jpg"	"2026-09-05T21:29:23.555753+00:00"
"[U:1:148265241]"	"https://avatars.steamstatic.com/8edd549648cef72ab0eb367673227754f173e0e3_full.jpg"	"2026-09-05T21:29:23.555753+00:00"
"[U:1:7205247]"	"https://avatars.steamstatic.com/4386e9abc1ec2003af12c9574c15a7f90decb255_full.jpg"	"2026-09-05T21:29:23.555753+00:00"
"[U:1:174287227]"	"https://avatars.steamstatic.com/bc3772cd097a0e6c685dc8d3cdfbac6fdbfe5aff_full.jpg"	"2026-09-05T21:29:23.555753+00:00"
"[U:1:133254638]"	"https://avatars.steamstatic.com/360236e555049f204b12d3a8685a3b9b9764ebfe_full.jpg"	"2026-09-05T21:29:23.555753+00:00"
"[U:1:183516136]"	"https://avatars.steamstatic.com/428938da6c96454d332240f3da4761aaf934973a_full.jpg"	"2026-09-05T21:29:23.555753+00:00"
"[U:1:342151068]"	"https://avatars.steamstatic.com/4f1875a2462d6b18ed4f826f0d1a6bcf8f0e74ec_full.jpg"	"2026-09-05T21:29:23.555753+00:00"
"[U:1:197877779]"	"https://avatars.steamstatic.com/c24642cc2a0ea2f47ec8d88387b9d27112f3aacf_full.jpg"	"2026-09-05T21:29:23.555753+00:00"
"[U:1:414187805]"	"https://avatars.steamstatic.com/2bdee9a2ceb35cad3e9aa9679b5fd93cfcacd1a8_full.jpg"	"2026-09-05T21:29:23.555753+00:00"
"[U:1:258447315]"	"https://avatars.steamstatic.com/bd3d10b783c83618e5953685e7539496e76987e1_full.jpg"	"2026-09-05T21:29:23.555753+00:00"
"[U:1:242610449]"	"https://avatars.steamstatic.com/2fc4b7f7495d0e341c6b8d394f9d76c41e629292_full.jpg"	"2026-09-05T21:29:23.555753+00:00"
"[U:1:1899908510]"	"https://avatars.steamstatic.com/dccc8f299d2ba49ea9bff2cf79f19378f3c58e39_full.jpg"	"2026-09-05T21:29:23.555753+00:00"
"[U:1:1263339181]"	"https://avatars.steamstatic.com/c19db9ec27f853c47ed6436f20ecf643bf7b0367_full.jpg"	"2026-09-05T21:29:23.555753+00:00"
"[U:1:986133688]"	"https://avatars.steamstatic.com/a64e32a30325cd5e327de9186fe3242dc2ef1dc7_full.jpg"	"2026-09-05T21:29:23.555753+00:00"
"[U:1:1171726342]"	"https://avatars.steamstatic.com/4f26e203a9db2d3ca100b5323599645545b6faf8_full.jpg"	"2026-09-05T21:29:23.555753+00:00"
"[U:1:10241081]"	"https://avatars.steamstatic.com/918c7f6534ee8d04b042ee3d69fdcd467294a8cb_full.jpg"	"2026-09-05T21:29:23.555753+00:00"
"[U:1:480082340]"	"https://avatars.steamstatic.com/0e96fd1da4c91017a7c1de980d6361b139e6831d_full.jpg"	"2026-09-05T21:29:23.555753+00:00"
"[U:1:304387566]"	"https://avatars.steamstatic.com/af7fe2dc25141eb28df813221e25d45ff7e539bf_full.jpg"	"2026-09-05T21:29:23.555753+00:00"
"[U:1:1738251682]"	"https://avatars.steamstatic.com/a0e7c658f0c827c893e0c43a6f52bebd032ffea8_full.jpg"	"2026-09-05T21:29:23.555753+00:00"
"[U:1:1238602739]"	"https://avatars.steamstatic.com/df68dd33be50e3df6562b50ad6c7cfcb3c6b693c_full.jpg"	"2026-09-05T21:29:23.555753+00:00"
"[U:1:1678076867]"	"https://avatars.steamstatic.com/3ad92c42cc2e84c5319fd93f0ff32cdfa413d661_full.jpg"	"2026-09-05T21:29:23.555753+00:00"
"[U:1:354883772]"	"https://avatars.steamstatic.com/6e0b1ba8c9ad73604dfad85a2b1cce7f19d632ac_full.jpg"	"2026-09-05T21:29:23.555753+00:00"
"[U:1:57008090]"	"https://avatars.steamstatic.com/5a7439cf3ee19a8daf9410e4e75d8eea15ca90b4_full.jpg"	"2026-09-05T21:29:23.555753+00:00"
"[U:1:1850471400]"	"https://avatars.steamstatic.com/4f49bdcbf613455277318e0d8cf8a91afdd927cd_full.jpg"	"2026-09-05T21:29:23.555753+00:00"
"[U:1:99970100]"	"https://avatars.steamstatic.com/09c1b6bb93fe634884734c8aa13ed74597e02124_full.jpg"	"2026-09-05T21:29:23.555753+00:00"
"[U:1:239734851]"	"https://avatars.steamstatic.com/e94ed0ce59d44757fdcbccb62b6f9a694e4d35d3_full.jpg"	"2026-09-05T21:29:23.555753+00:00"
"[U:1:1082003547]"	"https://avatars.steamstatic.com/36ac81c753ca8a3c8127d6b3750f26a19de02a58_full.jpg"	"2026-09-05T21:29:23.555753+00:00"
"[U:1:1899262665]"	"https://avatars.steamstatic.com/470bfe05d86c3799885f4f3c6179d8c906b07ddd_full.jpg"	"2026-09-05T21:29:23.555753+00:00"
"[U:1:86293245]"	"https://avatars.steamstatic.com/7649dae3813d8926156097c037c38fc024d4c1d8_full.jpg"	"2026-09-05T21:29:23.555753+00:00"
"[U:1:56865058]"	"https://avatars.steamstatic.com/1da4aeb108587aeba3f4abd655ae09dde82d5c1f_full.jpg"	"2026-09-05T21:29:23.555753+00:00"
"[U:1:1482727547]"	"https://avatars.steamstatic.com/f02714c3391225ba68c8f055a8536c85c7237021_full.jpg"	"2026-09-05T21:29:23.555753+00:00"
"[U:1:414124730]"	"https://avatars.steamstatic.com/fab32d5d7261d73e15dc105bc704823f92b15c38_full.jpg"	"2026-09-05T21:29:23.555753+00:00"
"[U:1:181105440]"	"https://avatars.steamstatic.com/f1c9bc65b8cd5eaf8fb0f1d5a6de2c31e0f96797_full.jpg"	"2026-09-05T21:29:23.555753+00:00"
"[U:1:153802647]"	"https://avatars.steamstatic.com/f17de960550eca37422e9004f3b423dee5d88aaa_full.jpg"	"2026-09-05T21:29:23.555753+00:00"
"[U:1:213193226]"	"https://avatars.steamstatic.com/4013fc1dc74fb65706149f2e71e380655af66570_full.jpg"	"2026-09-05T21:29:23.555753+00:00"
"[U:1:125475522]"	"https://avatars.steamstatic.com/2e1a06675c2ec7af34c0a864df765ce06882ff8c_full.jpg"	"2026-09-05T21:29:23.555753+00:00"
"[U:1:921288789]"	"https://avatars.steamstatic.com/95082faa62740f8c291f888fa7fdb31bd4307892_full.jpg"	"2026-09-05T21:29:23.555753+00:00"
"[U:1:1099170524]"	"https://avatars.steamstatic.com/f11355b89e4f8f43866bf021f83bb768e918c06f_full.jpg"	"2026-09-05T21:29:23.555753+00:00"
"[U:1:1419127440]"	"https://avatars.steamstatic.com/fef49e7fa7e1997310d705b2a6158ff8dc1cdfeb_full.jpg"	"2026-09-05T21:29:23.555753+00:00"
"[U:1:12633259]"	"https://avatars.steamstatic.com/d8ebede431682097c76492df1c2209b552c8f61b_full.jpg"	"2026-09-05T21:29:23.555753+00:00"
"[U:1:56963001]"	"https://avatars.steamstatic.com/a6073a15c563646efa5599dd1a708d63ab3daf3f_full.jpg"	"2026-09-05T21:29:23.555753+00:00"
"[U:1:1004084348]"	"https://avatars.steamstatic.com/62557c65ac89f243f75fea9a69e308a33e811ec6_full.jpg"	"2026-09-05T21:29:23.555753+00:00"
"[U:1:1580559880]"	"https://avatars.steamstatic.com/cf48df6b3be3dc217d5179728d048e3c29425fb8_full.jpg"	"2026-09-05T21:29:23.555753+00:00"
"[U:1:1052902261]"	"https://avatars.steamstatic.com/62b40357c3cf2b9db0dcf975e75eb4718ba4127e_full.jpg"	"2026-09-05T21:29:23.555753+00:00"
"[U:1:829532820]"	"https://avatars.steamstatic.com/72880949bc229b14c18c43f0bf25b14580d1caf6_full.jpg"	"2026-09-05T21:29:23.555753+00:00"
"[U:1:1112185778]"	"https://avatars.steamstatic.com/186a5464cf855c4ac618a54f4ee70e5f98f518e6_full.jpg"	"2026-09-05T21:29:23.555753+00:00"
"[U:1:415452967]"	"https://avatars.steamstatic.com/5b8825b34c5d77b00c3a18897f2f1175fa0e0e57_full.jpg"	"2026-09-05T21:29:23.555753+00:00"
"[U:1:1611421595]"	"https://avatars.steamstatic.com/b2c0f6ee35e24dd0c577dfc3d873ea005e0da8c2_full.jpg"	"2026-09-05T21:29:23.555753+00:00"
"[U:1:1794202424]"	"https://avatars.steamstatic.com/4d79f34b2a95aa749f6f29f029000277842e656c_full.jpg"	"2026-09-05T21:29:23.555753+00:00"
"[U:1:275582706]"	"https://avatars.steamstatic.com/8c00f7e5570a17d9d164fba619993e84bc737564_full.jpg"	"2026-09-05T21:29:23.555753+00:00"
"[U:1:109468015]"	"https://avatars.steamstatic.com/d60225402a46e46f1aa78c9aba9751c3bd3b1f26_full.jpg"	"2026-09-05T21:29:23.555753+00:00"
"[U:1:1870725998]"	"https://avatars.steamstatic.com/1349af87f2fb6bc6a720e0e60e3088e48790ceac_full.jpg"	"2026-09-05T21:29:23.555753+00:00"
"[U:1:926649655]"	"https://avatars.steamstatic.com/9b93b78f9c574e905e39dbb4f5af0b049f0dfcef_full.jpg"	"2026-09-05T21:29:23.555753+00:00"
"[U:1:1568863311]"	"https://avatars.steamstatic.com/65e94e24cfb9fe652c07950156d0490d9156dac2_full.jpg"	"2026-09-05T21:29:23.555753+00:00"
"[U:1:305323781]"	"https://avatars.steamstatic.com/46512aec2e75eb36bfe651e91b8caf0c324247ed_full.jpg"	"2026-09-05T21:29:23.555753+00:00"
"[U:1:63825333]"	"https://avatars.steamstatic.com/c72fd66d8bd545232dfe7d103e2c67c94d4940e5_full.jpg"	"2026-09-05T21:29:23.555753+00:00"
"[U:1:1263293346]"	"https://avatars.steamstatic.com/8707319fd87ef78f9c3166d44d5a928d72230415_full.jpg"	"2026-09-05T21:29:23.555753+00:00"
"[U:1:417607620]"	"https://avatars.steamstatic.com/ff4b4f16d8f420e843607d3d5d1b7fe1aca31206_full.jpg"	"2026-09-05T21:29:23.555753+00:00"
"[U:1:1230526456]"	"https://avatars.steamstatic.com/1b6f0d513d9db5c4be030df85ac9d8c4737232bf_full.jpg"	"2026-09-05T21:29:23.555753+00:00"
"[U:1:311418077]"	"https://avatars.steamstatic.com/f11264821c63d687077334363f02585ac50d5a31_full.jpg"	"2026-09-05T21:29:23.555753+00:00"
"[U:1:1273121757]"	"https://avatars.steamstatic.com/ab13353940176f6842b8aa5bdbd0f6b2f0d91e32_full.jpg"	"2026-09-05T21:29:23.555753+00:00"
"[U:1:1284840346]"	"https://avatars.steamstatic.com/06d72070361d97847bf1e6f17cad22a948d52684_full.jpg"	"2026-09-05T21:29:23.555753+00:00"
"[U:1:115917858]"	"https://avatars.steamstatic.com/6e29b815e065a41c3a9dbdeca70f2105f04f2878_full.jpg"	"2026-09-05T21:29:23.555753+00:00"
"[U:1:458159512]"	"https://avatars.steamstatic.com/5d47b3b0a99ec3cb1b4cc2df29e52ba1699fac64_full.jpg"	"2026-09-05T21:29:23.555753+00:00"
"[U:1:832936420]"	"https://avatars.steamstatic.com/fd1f0eb0fa19768651ac92c6bf827c0eea31a5b0_full.jpg"	"2026-09-05T21:29:23.555753+00:00"
"[U:1:116643378]"	"https://avatars.steamstatic.com/5fd55e8aec52101cb0257fbcb2440560ded0e159_full.jpg"	"2026-09-05T21:29:23.555753+00:00"
"[U:1:242457760]"	"https://avatars.steamstatic.com/5712c232dc7f368a8f48d0ad36771bfa9a5748cf_full.jpg"	"2026-09-05T21:29:23.555753+00:00"
"[U:1:841225975]"	"https://avatars.steamstatic.com/59675e8d2862cd64f882fa35e923fbfc149998f3_full.jpg"	"2026-09-05T21:29:23.555753+00:00"
"[U:1:848354133]"	"https://avatars.steamstatic.com/90a3a994c269d0d419fbdce82dc6cda322c711d8_full.jpg"	"2026-09-05T21:29:23.555753+00:00"
"[U:1:37010796]"	"https://avatars.steamstatic.com/2e96aa2e3718a68b74c8cb7855b61dd9f308728b_full.jpg"	"2026-09-05T21:29:23.555753+00:00"
"[U:1:198749248]"	"https://avatars.steamstatic.com/b210eefbf5adfb862eaa025f8e1b97fc20db8b3b_full.jpg"	"2026-09-05T21:29:23.555753+00:00"
"[U:1:72085244]"	"https://avatars.steamstatic.com/ca8dde94bd6153b383f75273f43cff45e455b597_full.jpg"	"2026-09-05T21:29:23.555753+00:00"
"[U:1:832649564]"	"https://avatars.steamstatic.com/fef49e7fa7e1997310d705b2a6158ff8dc1cdfeb_full.jpg"	"2026-09-05T21:29:23.555753+00:00"
"[U:1:72266849]"	"https://avatars.steamstatic.com/4f20394402b64167ca9d39f9d5f53e9cbde21003_full.jpg"	"2026-09-05T21:29:23.555753+00:00"
"[U:1:1166534196]"	"https://avatars.steamstatic.com/c4419cc2b020b62034dac608fb1c66ee4a424081_full.jpg"	"2026-09-05T21:29:23.555753+00:00"
"[U:1:30455705]"	"https://avatars.steamstatic.com/f398f7c59bd680b33dd7cdce8cd92cf780e3b363_full.jpg"	"2026-09-05T21:29:23.555753+00:00"
"[U:1:63826520]"	"https://avatars.steamstatic.com/ad290b045db7d7ade08c686552ce29dd65759199_full.jpg"	"2026-09-05T21:29:23.555753+00:00"
"[U:1:360987612]"	"https://avatars.steamstatic.com/dd94a69d12256590be6cea5259207dd743d376ba_full.jpg"	"2026-09-05T21:29:23.555753+00:00"
"[U:1:1809997465]"	"https://avatars.steamstatic.com/1b41fa11db9d1292dc63b1ce2ef2e4ed12db99fb_full.jpg"	"2026-09-05T21:29:23.555753+00:00"
"[U:1:476986579]"	"https://avatars.steamstatic.com/48a612887a2dd09f31fc490b7b0c990f5ba9a701_full.jpg"	"2026-09-05T21:29:23.555753+00:00"
"[U:1:101164066]"	"https://avatars.steamstatic.com/c5da13940a3d4a9e6b84a5d7dc8527e57dcfe942_full.jpg"	"2026-09-05T21:29:23.555753+00:00"
"[U:1:1623788877]"	"https://avatars.steamstatic.com/ea0b4b966ba789b27b74b76168d67467340415b0_full.jpg"	"2026-09-05T21:29:23.555753+00:00"
"[U:1:162358841]"	"https://avatars.steamstatic.com/eee516b7c3d43b948efa027dc9d1fbff24696cd1_full.jpg"	"2026-09-05T21:29:23.555753+00:00"
"[U:1:314281911]"	"https://avatars.steamstatic.com/99361e2a0b897e2ccc7c596728be90a85156ba88_full.jpg"	"2026-09-05T21:29:23.555753+00:00"
"[U:1:101632370]"	"https://avatars.steamstatic.com/8667483a12fe4cf07c2338f20ca2e49847725069_full.jpg"	"2026-09-05T21:29:23.555753+00:00"
"[U:1:92695663]"	"https://avatars.steamstatic.com/a41301d4b9e1d39dda8f88f1c057b74f846482c7_full.jpg"	"2026-09-05T21:29:23.555753+00:00"
"[U:1:1154797995]"	"https://avatars.steamstatic.com/b1fa6af6f62faddf86a36c19b321f7547a847983_full.jpg"	"2026-09-05T21:29:23.555753+00:00"
"[U:1:1062684256]"	"https://avatars.steamstatic.com/e1cf42e73f5c5eb24eb42074a2d2ea9eb0fd2f06_full.jpg"	"2026-09-05T21:29:23.555753+00:00"
"[U:1:785209750]"	"https://avatars.steamstatic.com/6fe87ccfafa216da7a3f7a7b126edd472b5b3623_full.jpg"	"2026-09-05T21:29:23.555753+00:00"
"[U:1:237098861]"	"https://avatars.steamstatic.com/cbc0425ed12b50d36b6faa8367a209f22ec30508_full.jpg"	"2026-09-05T21:29:23.555753+00:00"
"[U:1:1129467060]"	"https://avatars.steamstatic.com/5478c09f1db787240c935c32f7dc215a2b622231_full.jpg"	"2026-09-05T21:29:23.555753+00:00"
"[U:1:157148731]"	"https://avatars.steamstatic.com/17dd0b03f1e1890d7473a6c055e0b9264d433cf0_full.jpg"	"2026-09-05T21:29:23.555753+00:00"
"[U:1:170406162]"	"https://avatars.steamstatic.com/260ef0e57e58527bdcea072112b0b7ba68072a9b_full.jpg"	"2026-09-05T21:29:23.555753+00:00"
"[U:1:1085677859]"	"https://avatars.steamstatic.com/9d65616c2ae6f9bc666fb136f2bd01d5a8b6b746_full.jpg"	"2026-09-05T21:29:23.555753+00:00"
"[U:1:1437037754]"	"https://avatars.steamstatic.com/1919b32d0bbb20c88892ad7cf2a8fa979827ed2f_full.jpg"	"2026-09-05T21:29:23.555753+00:00"
"[U:1:1085693657]"	"https://avatars.steamstatic.com/751557f4af299e4b4bf4d263a26365532118e906_full.jpg"	"2026-09-05T21:29:23.555753+00:00"
"[U:1:1681467301]"	"https://avatars.steamstatic.com/809409dcbaaf3b5daeefe869250ae99982fb3cdf_full.jpg"	"2026-09-05T21:29:23.555753+00:00"
"[U:1:27520505]"	"https://avatars.steamstatic.com/827c9197f6a38fa0798ea107b421692e0352a862_full.jpg"	"2026-09-05T21:29:23.555753+00:00"
"[U:1:770539048]"	"https://avatars.steamstatic.com/60a440af2abede123de577ec9272fc1a0951f33c_full.jpg"	"2026-09-05T21:29:23.555753+00:00"
"[U:1:1579110412]"	"https://avatars.steamstatic.com/5fdd78dcc2edbda2dc721621d52cde9c2d2b6ecb_full.jpg"	"2026-09-05T21:29:23.555753+00:00"
"[U:1:1046127266]"	"https://avatars.steamstatic.com/11e8773bafbf69c7c983a084b055bd0dc0379702_full.jpg"	"2026-09-05T21:29:23.555753+00:00"
"[U:1:1890113215]"	"https://avatars.steamstatic.com/9db4379c2531f5accd95570c7ac358f7169393dc_full.jpg"	"2026-09-05T21:29:23.555753+00:00"
"[U:1:63892747]"	"https://avatars.steamstatic.com/b7d03f191ba2bab084e79e7d01fa1eef6b17b33a_full.jpg"	"2026-09-05T21:29:23.555753+00:00"
"[U:1:167973087]"	"https://avatars.steamstatic.com/07ca17ca31b573ed58ce3d6bea08e6b1e8a69d32_full.jpg"	"2026-09-05T21:29:23.555753+00:00"
"[U:1:1887892482]"	"https://avatars.steamstatic.com/d48607ad25733b13bb2e6337aa4d82246b224af4_full.jpg"	"2026-09-05T21:29:23.555753+00:00"
"[U:1:1101542777]"	"https://avatars.steamstatic.com/bd5ea8fd91afffef3f980379dfc5178e6583c16b_full.jpg"	"2026-09-05T21:29:23.555753+00:00"
"[U:1:157905603]"	"https://avatars.steamstatic.com/59dd35728a0f3505e539814b43cbc240edb697b2_full.jpg"	"2026-09-05T21:29:23.555753+00:00"
"[U:1:926215985]"	"https://avatars.steamstatic.com/c9dbef408e1ec91da821aa9d9ceb0eed24c89909_full.jpg"	"2026-09-05T21:29:23.555753+00:00"
"[U:1:1761718532]"	"https://avatars.steamstatic.com/e78bdeb80921ada2bb570d5eb2d4ba8b82ff1675_full.jpg"	"2026-09-05T21:29:23.555753+00:00"
"[U:1:370141505]"	"https://avatars.steamstatic.com/20a5e33766172b0739afcd4f04c99544c9ffcb6d_full.jpg"	"2026-09-05T21:29:23.555753+00:00"
"[U:1:418523784]"	"https://avatars.steamstatic.com/da04d343289b7118ef7df273cb219eb2475a9c94_full.jpg"	"2026-09-05T21:29:23.555753+00:00"
"[U:1:1569831090]"	"https://avatars.steamstatic.com/b718a3a613cbdfec1206b050f2ed6bc34542d803_full.jpg"	"2026-09-05T21:29:23.555753+00:00"
"[U:1:100031079]"	"https://avatars.steamstatic.com/71eb10a8802e81c913d1f3eb2a66b1f73e5ec728_full.jpg"	"2026-09-05T21:29:23.555753+00:00"
"[U:1:1708675511]"	"https://avatars.steamstatic.com/22f8e59698ba319f66b551a87dba91cfd321a5c6_full.jpg"	"2026-09-05T21:29:23.555753+00:00"
"[U:1:1506112352]"	"https://avatars.steamstatic.com/fef49e7fa7e1997310d705b2a6158ff8dc1cdfeb_full.jpg"	"2026-09-05T21:29:23.555753+00:00"
"[U:1:47990862]"	"https://avatars.steamstatic.com/64176b6fa6a22b55bc2eeb5bf6c2df82d755f749_full.jpg"	"2026-09-05T21:29:23.555753+00:00"
"[U:1:1301503815]"	"https://avatars.steamstatic.com/cd742b71775af0dbaf87b09934da3c3175f13df5_full.jpg"	"2026-09-05T21:29:23.555753+00:00"
"[U:1:1033808435]"	"https://avatars.steamstatic.com/08268764be2bb8cb050ed15e9aceff7094c27084_full.jpg"	"2026-09-05T21:29:23.555753+00:00"
"[U:1:417930868]"	"https://avatars.steamstatic.com/c5c038ed1bb962cad1d0e019d9d1bda8cf3b43d6_full.jpg"	"2026-09-05T21:29:23.555753+00:00"
"[U:1:138504285]"	"https://avatars.steamstatic.com/72fa570681046047e6602e82adc9d08706bd1bc8_full.jpg"	"2026-09-05T21:29:23.555753+00:00"
"[U:1:832347236]"	"https://avatars.steamstatic.com/d8e02ce0c88f3a7f6ff93cc5d50f4d0252d15e26_full.jpg"	"2026-09-05T21:29:23.555753+00:00"
"[U:1:59367372]"	"https://avatars.steamstatic.com/ce79f5eb95a5d8d53f0a2517fb7f719fa8a02fe3_full.jpg"	"2026-09-05T21:29:23.555753+00:00"
"[U:1:370218451]"	"https://avatars.steamstatic.com/a3fc7bb7848948a98800e1d18fc755f01a59f572_full.jpg"	"2026-09-05T21:29:23.555753+00:00"
"[U:1:1613658112]"	"https://avatars.steamstatic.com/ec83efac2ebe3f974ac8bfe175fb4ea0c206b849_full.jpg"	"2026-09-05T21:29:23.555753+00:00"
"[U:1:1216035179]"	"https://avatars.steamstatic.com/d91f0076fe628d09d52d844b636d8e8e08347011_full.jpg"	"2026-09-05T21:29:23.555753+00:00"
"[U:1:417013982]"	"https://avatars.steamstatic.com/f1611d4cfc58ccfc493822f66231ebd3da276c42_full.jpg"	"2026-09-05T21:29:23.555753+00:00"
"[U:1:1548917846]"	"https://avatars.steamstatic.com/fef49e7fa7e1997310d705b2a6158ff8dc1cdfeb_full.jpg"	"2026-09-05T21:29:23.555753+00:00"
"[U:1:107505218]"	"https://avatars.steamstatic.com/1eac046f7e03eba38d5682060ce42616cd410d05_full.jpg"	"2026-09-05T21:29:23.555753+00:00"
"[U:1:1332120540]"	"https://avatars.steamstatic.com/176ea53feb42ea5c7358e50a818f2f4d942f3448_full.jpg"	"2026-09-05T21:29:23.555753+00:00"
"[U:1:1003992910]"	"https://avatars.steamstatic.com/1660208a94ec621c7e8a3a35b60e9a76bd31908b_full.jpg"	"2026-09-05T21:29:23.555753+00:00"
"[U:1:1081085712]"	"https://avatars.steamstatic.com/ea3d931c5092c2ec26ce22e8e4c923eb611f30c0_full.jpg"	"2026-09-05T21:29:23.555753+00:00"
"[U:1:1571365532]"	"https://avatars.steamstatic.com/a2997b20af105acdc432cb91856903792b705157_full.jpg"	"2026-09-05T21:29:23.555753+00:00"
"[U:1:105155306]"	"https://avatars.steamstatic.com/15ab01a4172501ce59bdf6b16cb68c8d72cf6e1c_full.jpg"	"2026-09-05T21:29:23.555753+00:00"
"[U:1:1202316459]"	"https://avatars.steamstatic.com/6796cf53d1b12f7e70b34f2d02f69a41e1de3d81_full.jpg"	"2026-09-05T21:29:23.555753+00:00"
"[U:1:860970473]"	"https://avatars.steamstatic.com/2d98c0629620e687c100c611934529ebe6136c30_full.jpg"	"2026-09-05T21:29:23.555753+00:00"
"[U:1:133251398]"	"https://avatars.steamstatic.com/4f19063474b38991ae8431047d711222b879e2e2_full.jpg"	"2026-09-05T21:29:23.555753+00:00"
"[U:1:1263165485]"	"https://avatars.steamstatic.com/2e92ebeddc1d4a7a476a525e61c6ac6586fb38cd_full.jpg"	"2026-09-05T21:29:23.555753+00:00"
"[U:1:1072625803]"	"https://avatars.steamstatic.com/a6ece2cbe0375eb511fabaf08d08a2e228c8ee7b_full.jpg"	"2026-09-05T21:29:23.555753+00:00"
"[U:1:343924164]"	"https://avatars.steamstatic.com/62bcfd8dbd0de21466070bd9a1336ee89b61d655_full.jpg"	"2026-09-05T21:29:23.555753+00:00"
"[U:1:1602689422]"	"https://avatars.steamstatic.com/e7fee61106c29a61f5e904bc6f97e43932d0be6b_full.jpg"	"2026-09-05T21:29:23.555753+00:00"
"[U:1:1611579151]"	"https://avatars.steamstatic.com/c575d9a6c650543cab38ecaf77f5f8772b3cf1be_full.jpg"	"2026-09-05T21:29:23.555753+00:00"
"[U:1:172282666]"	"https://avatars.steamstatic.com/eb781fb195219245ba9c93dceadce8485febe887_full.jpg"	"2026-09-05T21:29:23.555753+00:00"
"[U:1:1708738545]"	"https://avatars.steamstatic.com/59586475a071cca76c011e725618bc1414b73404_full.jpg"	"2026-09-05T21:29:23.555753+00:00"
"[U:1:13172342]"	"https://avatars.steamstatic.com/b6533ad96fa555fd5f6ef0f878db11893966a54d_full.jpg"	"2026-09-05T21:29:23.555753+00:00"
"[U:1:793591305]"	"https://avatars.steamstatic.com/bab408dde164464f188ccc0ebf571d76a2291ff8_full.jpg"	"2026-09-05T21:29:23.555753+00:00"
"[U:1:343915213]"	"https://avatars.steamstatic.com/6198dbd290d1b919c6be3e9c2b6c4d51f20b0dd6_full.jpg"	"2026-09-05T21:29:23.555753+00:00"
"[U:1:77118827]"	"https://avatars.steamstatic.com/fcd8531bb25d45ab5e34dcb23a598d371a952e21_full.jpg"	"2026-09-05T21:29:23.555753+00:00"
"[U:1:1325536309]"	"https://avatars.steamstatic.com/a172e94c6c088bc7f1690ae88f230ddf6ef1c26c_full.jpg"	"2026-09-05T21:29:23.555753+00:00"
"[U:1:1255783943]"	"https://avatars.steamstatic.com/1319e7148249105b6705e8118fe3116731716292_full.jpg"	"2026-09-05T21:29:23.555753+00:00"
"[U:1:70803429]"	"https://avatars.steamstatic.com/83ebe8a4fdd431bbba4ae81296f3a2482cb09706_full.jpg"	"2026-09-05T21:29:23.555753+00:00"
"[U:1:59507146]"	"https://avatars.steamstatic.com/90d4614b73227a549cd1ec23a56ea2b238c729ed_full.jpg"	"2026-09-05T21:29:23.555753+00:00"
"[U:1:467821030]"	"https://avatars.steamstatic.com/15f26c3f97688da45cd75d9104b4eb94785b010d_full.jpg"	"2026-09-05T21:29:23.555753+00:00"
"[U:1:419477916]"	"https://avatars.steamstatic.com/854b1feb25b95c953b836fd95610097252885167_full.jpg"	"2026-09-05T21:29:23.555753+00:00"
"[U:1:1104441649]"	"https://avatars.steamstatic.com/415de1c4e7b58e929373a33df7646438f6cda245_full.jpg"	"2026-09-05T21:29:23.555753+00:00"
"[U:1:273718572]"	"https://avatars.steamstatic.com/688effc28b6b6072525b85778accedef41ea2dcb_full.jpg"	"2026-09-05T21:29:23.555753+00:00"
"[U:1:208511406]"	"https://avatars.steamstatic.com/623d8a342fef85a00a38c607fde8d5ef98d1a9ff_full.jpg"	"2026-09-05T21:29:23.555753+00:00"
"[U:1:1872022521]"	"https://avatars.steamstatic.com/43a323bb5992ddbd47ecef2c28cc58bbf1852ed0_full.jpg"	"2026-09-05T21:29:23.555753+00:00"
"[U:1:1523789866]"	"https://avatars.steamstatic.com/e2517f2a3d6644b6570536c20b38dd528e1835b7_full.jpg"	"2026-09-05T21:29:23.555753+00:00"
"[U:1:1578662866]"	"https://avatars.steamstatic.com/1fb517996d506891a457c5f38ca2009846c4de9f_full.jpg"	"2026-09-05T21:29:23.555753+00:00"
"[U:1:841671433]"	"https://avatars.steamstatic.com/f05683efe885c54a15e152e8f7768875782b9c36_full.jpg"	"2026-09-05T21:29:23.555753+00:00"
"[U:1:199903813]"	"https://avatars.steamstatic.com/a3080c79862f773c165d075105713b6727b75cbd_full.jpg"	"2026-09-05T21:29:23.555753+00:00"
"[U:1:1577806851]"	"https://avatars.steamstatic.com/4e0681994bfa5b0e8be3d679a880a37d71c1d598_full.jpg"	"2026-09-05T21:29:23.555753+00:00"
"[U:1:273958476]"	"https://avatars.steamstatic.com/023a3a065d6c6cdd7bd8b4c4e75ad0e184ef457d_full.jpg"	"2026-09-05T21:29:23.555753+00:00"
"[U:1:92996427]"	"https://avatars.steamstatic.com/ab784d9b427d701ebc187f952f87fa74b00f4bbc_full.jpg"	"2026-09-05T21:29:23.555753+00:00"
"[U:1:168218547]"	"https://avatars.steamstatic.com/d8e3fd46f3388d63c88d542509f5b7efdac12bb1_full.jpg"	"2026-09-05T21:29:23.555753+00:00"
"[U:1:50600749]"	"https://avatars.steamstatic.com/682ce186e3b5a7c4157ddd4dba693ec06f42613d_full.jpg"	"2026-09-05T21:29:23.555753+00:00"
"[U:1:1009675269]"	"https://avatars.steamstatic.com/08ded8ad415c7a3b2456d2f68706324a189d7283_full.jpg"	"2026-09-05T21:29:23.555753+00:00"
"[U:1:355864074]"	"https://avatars.steamstatic.com/987d04a4384ff0102c3bc7744d47620cbe201900_full.jpg"	"2026-09-05T21:29:23.555753+00:00"
"[U:1:1569056495]"	"https://avatars.steamstatic.com/fef49e7fa7e1997310d705b2a6158ff8dc1cdfeb_full.jpg"	"2026-09-05T21:29:23.555753+00:00"
"[U:1:1109356950]"	"https://avatars.steamstatic.com/c2a0973b75a63b03a5fc38c4d35db1930a1bb30a_full.jpg"	"2026-09-05T21:29:23.555753+00:00"
"[U:1:86012724]"	"https://avatars.steamstatic.com/4132ae92c09d2490e904a54c189ef8629c269fde_full.jpg"	"2026-09-05T21:29:23.555753+00:00"
"[U:1:214493653]"	"https://avatars.steamstatic.com/1f4a0e0ef2926e6a149bff61c49a10f8a543cca8_full.jpg"	"2026-09-05T21:29:23.555753+00:00"
"[U:1:93293816]"	"https://avatars.steamstatic.com/9fa5f109a7ae3611b68f8ecfb382962a3f90c10e_full.jpg"	"2026-09-05T21:29:23.555753+00:00"
"[U:1:506866]"	"https://avatars.steamstatic.com/840e85057f277ef616889b8858d2c236c7e2e1d0_full.jpg"	"2026-09-05T21:29:23.555753+00:00"
"[U:1:100713]"	"https://avatars.steamstatic.com/9f6f46c807ac08dfe12badf77d32925a3485c1ff_full.jpg"	"2026-09-05T21:29:23.555753+00:00"
"[U:1:151584244]"	"https://avatars.steamstatic.com/e7f68c6534050558a9c096edcea92567edce0481_full.jpg"	"2026-09-05T21:29:23.555753+00:00"
"[U:1:1153126682]"	"https://avatars.steamstatic.com/d8bf67d045d602fd79875f54c7c880377e0c22de_full.jpg"	"2026-09-05T21:29:23.555753+00:00"
"[U:1:1202997815]"	"https://avatars.steamstatic.com/221e00924f4796bcb57d709addf4732b6191a73d_full.jpg"	"2026-09-05T21:29:23.555753+00:00"
"[U:1:153875717]"	"https://avatars.steamstatic.com/ee06ea91debc56e89418069942d2eca13900f2df_full.jpg"	"2026-09-05T21:29:23.555753+00:00"
"[U:1:42174734]"	"https://avatars.steamstatic.com/1d10591c45aaeda1f17a812fa21e35c10c8c3bed_full.jpg"	"2026-09-05T21:29:23.555753+00:00"
"[U:1:420888748]"	"https://avatars.steamstatic.com/5bc9b7bad93e4e3f6ec5353fd8270bf70994d623_full.jpg"	"2026-09-05T21:29:23.555753+00:00"
"[U:1:299416587]"	"https://avatars.steamstatic.com/c07852dcd051138d63ca75571949edb5a5e66a6b_full.jpg"	"2026-09-05T21:29:23.555753+00:00"
"[U:1:845932385]"	"https://avatars.steamstatic.com/c110fd9fdea2504d7c3009b49b6719297663f08d_full.jpg"	"2026-09-05T21:29:23.555753+00:00"
"[U:1:834106148]"	"https://avatars.steamstatic.com/834b8de859ff7bba90404136049bdd73aafd842f_full.jpg"	"2026-09-05T21:29:23.555753+00:00"
"[U:1:50630460]"	"https://avatars.steamstatic.com/a216ab602e43ed163190309bc4e6e1048bd3e977_full.jpg"	"2026-09-05T21:29:23.555753+00:00"
"[U:1:1150503906]"	"https://avatars.steamstatic.com/bbb1a6f4088dfbc45d68ef467c5826429bd0700d_full.jpg"	"2026-09-05T21:29:23.555753+00:00"
"[U:1:63709946]"	"https://avatars.steamstatic.com/954ecdda746f4a4a74dce7fe898376135d1156ef_full.jpg"	"2026-09-05T21:29:23.555753+00:00"
"[U:1:1124297264]"	"https://avatars.steamstatic.com/0fb352c98ce7af9621e81eaecc727ab1a29201b5_full.jpg"	"2026-09-05T21:29:23.555753+00:00"
"[U:1:93338937]"	"https://avatars.steamstatic.com/b5b3ac6fc1ee996130d64f0120b4cf14a96078f0_full.jpg"	"2026-09-05T21:29:23.555753+00:00"
"[U:1:443999453]"	"https://avatars.steamstatic.com/edcff94c25ba6155a7accc8aedf1da3061677dd2_full.jpg"	"2026-09-05T21:29:23.555753+00:00"
"[U:1:1420142534]"	"https://avatars.steamstatic.com/7744a14dd3d9737d9c8522babbf709dbe3051549_full.jpg"	"2026-09-05T21:29:23.555753+00:00"
"[U:1:313963414]"	"https://avatars.steamstatic.com/b4dfcaff0b4932f557f748c6be334ca260fffa71_full.jpg"	"2026-09-05T21:29:23.555753+00:00"
"[U:1:1523597447]"	"https://avatars.steamstatic.com/f10a050c8bcee9ec9edaea57bd34cf6b55894c03_full.jpg"	"2026-09-05T21:29:23.555753+00:00"
"[U:1:313991455]"	"https://avatars.steamstatic.com/6b852a8dd26e55581a62d5ce37c72557bcadc2e3_full.jpg"	"2026-09-05T21:29:23.555753+00:00"
"[U:1:93083384]"	"https://avatars.steamstatic.com/995feb4ce46135da0b551c8dc4f5037b553e7eb7_full.jpg"	"2026-09-05T21:29:23.555753+00:00"
"[U:1:1887344883]"	"https://avatars.steamstatic.com/99f50e0547534958a395d366c75ba4863e2c8be1_full.jpg"	"2026-09-05T21:29:23.555753+00:00"
"[U:1:707758280]"	"https://avatars.steamstatic.com/da91bd5e3bca94b2983a86130572f08edd690342_full.jpg"	"2026-09-05T21:29:23.555753+00:00"
"[U:1:314050401]"	"https://avatars.steamstatic.com/3700adde8e1054a2595620563c7fb369f352f973_full.jpg"	"2026-09-05T21:29:23.555753+00:00"
"[U:1:1578398242]"	"https://avatars.steamstatic.com/e5f5d1a7c141590ef873b20e2f26fea5c4797d78_full.jpg"	"2026-09-05T21:29:23.555753+00:00"
"[U:1:273505632]"	"https://avatars.steamstatic.com/440fccb7c321034e3b1c89f299d73bc2c77a2910_full.jpg"	"2026-09-05T21:29:23.555753+00:00"
"[U:1:1681660440]"	"https://avatars.steamstatic.com/e4a18b7e6821854a022bd8fb4450d7f90c160fa8_full.jpg"	"2026-09-05T21:29:23.555753+00:00"
"[U:1:1273290906]"	"https://avatars.steamstatic.com/94c8409d938ac58a16e3aec045099814ddb79fb3_full.jpg"	"2026-09-05T21:29:23.555753+00:00"
"[U:1:1769433970]"	"https://avatars.steamstatic.com/636251b2784fc9d83ae05f6553c79a629ad92227_full.jpg"	"2026-09-05T21:29:23.555753+00:00"
"[U:1:1117448472]"	"https://avatars.steamstatic.com/abd98cd5f106f4e310ebbd8314453da4c5e335c3_full.jpg"	"2026-09-05T21:29:23.555753+00:00"
"[U:1:1683635404]"	"https://avatars.steamstatic.com/ed8c730147d336c3dbfd12aefa29c6001bc0110b_full.jpg"	"2026-09-05T21:29:23.555753+00:00"
"[U:1:1890067278]"	"https://avatars.steamstatic.com/44bb9240672108ca509cc27d4454975cc6e23b2c_full.jpg"	"2026-09-05T21:29:23.555753+00:00"
"[U:1:259739309]"	"https://avatars.steamstatic.com/a885dd5fc8241c4e7789db1bb7a34d6740890db6_full.jpg"	"2026-09-05T21:29:23.555753+00:00"
"[U:1:199137980]"	"https://avatars.steamstatic.com/c5867b7816d9f8ac799c30758c3020db88f098d5_full.jpg"	"2026-09-05T21:29:23.555753+00:00"
"[U:1:124484185]"	"https://avatars.steamstatic.com/fc122bfc018d0e508b241a6ef8f37756e37e863f_full.jpg"	"2026-09-05T21:29:23.555753+00:00"
"[U:1:1099151464]"	"https://avatars.steamstatic.com/f2a8f8b58f45131e73a12e0798030231661f6c72_full.jpg"	"2026-09-05T21:29:23.555753+00:00"
"[U:1:84178257]"	"https://avatars.steamstatic.com/79527e18c0b623f7412c9db687aa20c413fcd774_full.jpg"	"2026-09-05T21:29:23.555753+00:00"
"[U:1:1296482716]"	"https://avatars.steamstatic.com/08a54f03f049f90efdf62d646f8120378ef5e3d8_full.jpg"	"2026-09-05T21:29:23.555753+00:00"
"[U:1:344857559]"	"https://avatars.steamstatic.com/b50285eb2e9f682a6b843ff59d5c8667347d8949_full.jpg"	"2026-09-05T21:29:23.555753+00:00"
"[U:1:1837995804]"	"https://avatars.steamstatic.com/b3318dea875e49d949752ff25e69474f40b9f4e0_full.jpg"	"2026-09-05T21:29:23.555753+00:00"
"[U:1:1484071395]"	"https://avatars.steamstatic.com/c293c28982636383df5d1a086ad95c20011158ac_full.jpg"	"2026-09-05T21:29:23.555753+00:00"
"[U:1:99972060]"	"https://avatars.steamstatic.com/53b6349805763558615d6853f580c1f6380b6695_full.jpg"	"2026-09-05T21:29:23.555753+00:00"
"[U:1:419926529]"	"https://avatars.steamstatic.com/d8812040780065b3b39180b3091ee46d1a58d266_full.jpg"	"2026-09-05T21:29:23.555753+00:00"
"[U:1:200020441]"	"https://avatars.steamstatic.com/0392a1f62c44f7a9d1a592f084bf46716198488f_full.jpg"	"2026-09-05T21:29:23.555753+00:00"
"[U:1:13848646]"	"https://avatars.steamstatic.com/4ef5cc3e2689a4c51454b06f96970cb5569e6d4f_full.jpg"	"2026-09-05T21:29:23.555753+00:00"
"[U:1:237545882]"	"https://avatars.steamstatic.com/37a33c14bdc276351f675f3e29438b4258814e16_full.jpg"	"2026-09-05T21:29:23.555753+00:00"
"[U:1:35577438]"	"https://avatars.steamstatic.com/fef49e7fa7e1997310d705b2a6158ff8dc1cdfeb_full.jpg"	"2026-09-05T21:29:23.555753+00:00"
"[U:1:739745190]"	"https://avatars.steamstatic.com/6a19da93d362e6d49f7eb888511d9f8397026732_full.jpg"	"2026-09-05T21:29:23.555753+00:00"
"[U:1:308396222]"	"https://avatars.steamstatic.com/e5d3b93b6ff86f073879c14bca7b942747e7b4c9_full.jpg"	"2026-09-05T21:29:23.555753+00:00"
"[U:1:859813042]"	"https://avatars.steamstatic.com/ef062d7e26161704d012a64dc341f6d0dcce01b2_full.jpg"	"2026-09-05T21:29:23.555753+00:00"
"[U:1:422000656]"	"https://avatars.steamstatic.com/e918a5ed532f02d28da888c3d110f10fdfd86f44_full.jpg"	"2026-09-05T21:29:23.555753+00:00"
"[U:1:25373259]"	"https://avatars.steamstatic.com/392a13cbc573cb8e498fc7a13160f88e87ae9c86_full.jpg"	"2026-09-05T21:29:23.555753+00:00"
"[U:1:210837655]"	"https://avatars.steamstatic.com/c557f5a5ec943187fdad7e729eafe2f021f13db0_full.jpg"	"2026-09-05T21:29:23.555753+00:00"
"[U:1:1023573062]"	"https://avatars.steamstatic.com/411a00b092ec688714df7282c78e3006218dba77_full.jpg"	"2026-09-05T21:29:23.555753+00:00"
"[U:1:1131308520]"	"https://avatars.steamstatic.com/8bb9d49cda000b920baf942307329c5f76aa46ec_full.jpg"	"2026-09-05T21:29:23.555753+00:00"
"[U:1:1849195485]"	"https://avatars.steamstatic.com/fef49e7fa7e1997310d705b2a6158ff8dc1cdfeb_full.jpg"	"2026-09-05T21:29:23.555753+00:00"
"[U:1:127341741]"	"https://avatars.steamstatic.com/fcd2fa53b1d563749777919d438f91c0e3ca70b9_full.jpg"	"2026-09-05T21:29:23.555753+00:00"
"[U:1:199346536]"	"https://avatars.steamstatic.com/1adb032bb4f6f4e16a238812c80d9d264fd14626_full.jpg"	"2026-09-05T21:29:23.555753+00:00"
"[U:1:34606991]"	"https://avatars.steamstatic.com/9950ae9cd07c6ee95d2826573a5f7ddef738a1e8_full.jpg"	"2026-09-05T21:29:23.555753+00:00"
"[U:1:74041711]"	"https://avatars.steamstatic.com/d0895f7852286987bf461ea402f751ebc88e30d1_full.jpg"	"2026-09-05T21:29:23.555753+00:00"
"[U:1:1092933469]"	"https://avatars.steamstatic.com/22e090c25a72aeb5be26d4d040cfe7777716b88f_full.jpg"	"2026-09-05T21:29:23.555753+00:00"
"[U:1:85939035]"	"https://avatars.steamstatic.com/679b38a614f9683398596248d826a5204ba81ad2_full.jpg"	"2026-09-05T21:29:23.555753+00:00"
"[U:1:345587277]"	"https://avatars.steamstatic.com/b41bb410709ad6f5af99eb7536e17cb8f27e7754_full.jpg"	"2026-09-05T21:29:23.555753+00:00"
"[U:1:299763824]"	"https://avatars.steamstatic.com/fef49e7fa7e1997310d705b2a6158ff8dc1cdfeb_full.jpg"	"2026-09-05T21:29:23.555753+00:00"
"[U:1:420973561]"	"https://avatars.steamstatic.com/3f75b23b324cd54182f0bc5f414cc2b53f07aaa5_full.jpg"	"2026-09-05T21:29:23.555753+00:00"
"[U:1:860157993]"	"https://avatars.steamstatic.com/82645fd1ae09cf85d44d9e6cc7f3bd89669fb519_full.jpg"	"2026-09-05T21:29:23.555753+00:00"
"[U:1:93247894]"	"https://avatars.steamstatic.com/d52ef76d5024aa98a4a7fa2cf5f3d6db3525cc5c_full.jpg"	"2026-09-05T21:29:23.555753+00:00"
"[U:1:1836856574]"	"https://avatars.steamstatic.com/360236e555049f204b12d3a8685a3b9b9764ebfe_full.jpg"	"2026-09-05T21:29:23.555753+00:00"
"[U:1:299552558]"	"https://avatars.steamstatic.com/d8519c4cefad0222c79a8feaaadc2e5c02fbbcb2_full.jpg"	"2026-09-05T21:29:23.555753+00:00"
"[U:1:86005845]"	"https://avatars.steamstatic.com/88359d848c6d9c7467863e18fbbe247d1c93444c_full.jpg"	"2026-09-05T21:29:23.555753+00:00"
"[U:1:183770868]"	"https://avatars.steamstatic.com/38568fc634c42cee1544dcf91e6e00dfd5b7b79c_full.jpg"	"2026-09-05T21:29:23.555753+00:00"
"[U:1:360681858]"	"https://avatars.steamstatic.com/dcb43e1b667dd354d87fd1e8889bd5015292fe23_full.jpg"	"2026-09-05T21:29:23.555753+00:00"
"[U:1:187227018]"	"https://avatars.steamstatic.com/079197baceb8b4ff330956c602e3d530c70cd586_full.jpg"	"2026-09-05T21:29:23.555753+00:00"
"[U:1:834568581]"	"https://avatars.steamstatic.com/a42ec579c51b19aa0c4f0b30a723656250f8308f_full.jpg"	"2026-09-05T21:29:23.555753+00:00"
"[U:1:300087742]"	"https://avatars.steamstatic.com/885c4029fff92a6978617e0b730bcf245df812bb_full.jpg"	"2026-09-05T21:29:23.555753+00:00"
"[U:1:1296516002]"	"https://avatars.steamstatic.com/fef49e7fa7e1997310d705b2a6158ff8dc1cdfeb_full.jpg"	"2026-09-05T21:29:23.555753+00:00"
"[U:1:150993992]"	"https://avatars.steamstatic.com/430e01053fd59b82d7a1987f860b639011e5936b_full.jpg"	"2026-09-05T21:29:23.555753+00:00"
"[U:1:1873997057]"	"https://avatars.steamstatic.com/092287323ed7ea8bd684fb16ecc25886365cb73e_full.jpg"	"2026-09-05T21:29:23.555753+00:00"
"[U:1:42244426]"	"https://avatars.steamstatic.com/159fd86c98123e0271edb881667ca657f9f3eb9a_full.jpg"	"2026-09-05T21:29:23.555753+00:00"
"[U:1:77252918]"	"https://avatars.steamstatic.com/5f04faa02d4ed9d5960ed639f46b5b77ae7171ef_full.jpg"	"2026-09-05T21:29:23.555753+00:00"
"[U:1:127420456]"	"https://avatars.steamstatic.com/7bb96b65edfb0eaf2e66414880134135b76deb7c_full.jpg"	"2026-09-05T21:29:23.555753+00:00"
"[U:1:136056483]"	"https://avatars.steamstatic.com/52038ec9bdadb2e9cf664bf1614ef3e3661484fe_full.jpg"	"2026-09-05T21:29:23.555753+00:00"
"[U:1:42300120]"	"https://avatars.steamstatic.com/1c0b5c37a442a2d39f32902ec42f2e26ba6a142e_full.jpg"	"2026-09-05T21:29:23.555753+00:00"
"[U:1:83509421]"	"https://avatars.steamstatic.com/6fcf4cbf72d55938f11d5144ca9b11edaa239fe4_full.jpg"	"2026-09-05T21:29:23.555753+00:00"
"[U:1:157130065]"	"https://avatars.steamstatic.com/8dfe278c7493b6984540e57ecd57b791df13841e_full.jpg"	"2026-09-05T21:29:23.555753+00:00"
"[U:1:240422625]"	"https://avatars.steamstatic.com/a92260a10daeb85ab4cae3f10bcab1f6c7b36173_full.jpg"	"2026-09-05T21:29:23.555753+00:00"
"[U:1:9378130]"	"https://avatars.steamstatic.com/d877c5cec3bc845e108eb04a4fbc80f24b4daab4_full.jpg"	"2026-09-05T21:29:23.555753+00:00"
"[U:1:112428066]"	"https://avatars.steamstatic.com/83a425d40c7c08a6060e8620ce6a27988452f0ac_full.jpg"	"2026-09-05T21:29:23.555753+00:00"
"[U:1:1890023857]"	"https://avatars.steamstatic.com/3238da76067b7d3b7bc0586cc139707a74b45250_full.jpg"	"2026-09-05T21:29:23.555753+00:00"
"[U:1:272442404]"	"https://avatars.steamstatic.com/6ac8d1b217b543bbcc9f563e2cd1d1f4b12af57a_full.jpg"	"2026-09-05T21:29:23.555753+00:00"
"[U:1:45541187]"	"https://avatars.steamstatic.com/4f7bcfd19d6cfaec1b48a8d5b6512100e46b3059_full.jpg"	"2026-09-05T21:29:23.555753+00:00"
"[U:1:272948692]"	"https://avatars.steamstatic.com/f9872fd91c3fd22a01252ecb7520f45bee5c6081_full.jpg"	"2026-09-05T21:29:23.555753+00:00"
"[U:1:780707627]"	"https://avatars.steamstatic.com/89d12304b34d86da4ecd98cd419a3cc1f81bfcb7_full.jpg"	"2026-09-05T21:29:23.555753+00:00"
"[U:1:70950033]"	"https://avatars.steamstatic.com/dd628efaf814a325e81a2f628f188844bb84b50c_full.jpg"	"2026-09-05T21:29:23.555753+00:00"
"[U:1:168537878]"	"https://avatars.steamstatic.com/bad3ae0a8e59e53b15b202d670ccb70b5ceb3f07_full.jpg"	"2026-09-05T21:29:23.555753+00:00"
"[U:1:259799789]"	"https://avatars.steamstatic.com/d8fc24ba00bcf6c2079cde3bca3dcf26e4582236_full.jpg"	"2026-09-05T21:29:23.555753+00:00"
"[U:1:1684897467]"	"https://avatars.steamstatic.com/8442685651231b08503c282a75c5f324df2ae085_full.jpg"	"2026-09-05T21:29:23.555753+00:00"
"[U:1:1527106401]"	"https://avatars.steamstatic.com/ec48cb48218a84e568a9b995a412e4532a640c81_full.jpg"	"2026-09-05T21:29:23.555753+00:00"
"[U:1:368022447]"	"https://avatars.steamstatic.com/c110fd9fdea2504d7c3009b49b6719297663f08d_full.jpg"	"2026-09-05T21:29:23.555753+00:00"
"[U:1:1615327329]"	"https://avatars.steamstatic.com/128297e3802445bc5cf0b2661b21ff8bf88d2635_full.jpg"	"2026-09-05T21:29:23.555753+00:00"
"[U:1:58139165]"	"https://avatars.steamstatic.com/5c9a888a8dec24ee3821355a9ff91c29dad8c27a_full.jpg"	"2026-09-05T21:29:23.555753+00:00"
"[U:1:118120132]"	"https://avatars.steamstatic.com/403076b492ef4d7f10eaee3fe6d3b1cadcf0f263_full.jpg"	"2026-09-05T21:29:23.555753+00:00"
"[U:1:1033286251]"	"https://avatars.steamstatic.com/591a56870dd00c01828f12b534879653ee3a10f8_full.jpg"	"2026-09-05T21:29:23.555753+00:00"
"[U:1:423434768]"	"https://avatars.steamstatic.com/ad2d656481899c0635737ff98318162f79870b2f_full.jpg"	"2026-09-05T21:29:23.555753+00:00"
"[U:1:773057164]"	"https://avatars.steamstatic.com/1eab7303b9a0153dec96ec259550f07b71c0cdfe_full.jpg"	"2026-09-05T21:29:23.555753+00:00"
"[U:1:1435397755]"	"https://avatars.steamstatic.com/0104642467cd64c1785e3c9a3d8e312dce9b06b9_full.jpg"	"2026-09-05T21:29:23.555753+00:00"
"[U:1:200937416]"	"https://avatars.steamstatic.com/001c5971f10fd6e63a40ca21b115aa25ccc684cb_full.jpg"	"2026-09-05T21:29:23.555753+00:00"
"[U:1:1085933232]"	"https://avatars.steamstatic.com/fdb3369ff50342e2092cda44eca166d78f6b5c37_full.jpg"	"2026-09-05T21:29:23.555753+00:00"
"[U:1:170467085]"	"https://avatars.steamstatic.com/a6c1178f41586eddef31715e5089d6bb51c5ae28_full.jpg"	"2026-09-05T21:29:23.555753+00:00"
"[U:1:1121328810]"	"https://avatars.steamstatic.com/d7d82d6d59e0061f91af94c651874861531017a4_full.jpg"	"2026-09-05T21:29:23.555753+00:00"
"[U:1:272276056]"	"https://avatars.steamstatic.com/fef49e7fa7e1997310d705b2a6158ff8dc1cdfeb_full.jpg"	"2026-09-05T21:29:23.555753+00:00"
"[U:1:129471964]"	"https://avatars.steamstatic.com/58ce9520dca47a25d9d5f01046e2f496f6d4bbfb_full.jpg"	"2026-09-05T21:29:23.555753+00:00"
"[U:1:2010836]"	"https://avatars.steamstatic.com/79d3fe5839617eb83a9661071ed021dd56ac8a5b_full.jpg"	"2026-09-05T21:29:23.555753+00:00"
"[U:1:1421571270]"	"https://avatars.steamstatic.com/7c25aa4a469bb537a8e7fb9eeea4fd3d8b81f8ea_full.jpg"	"2026-09-05T21:29:23.555753+00:00"
"[U:1:79207809]"	"https://avatars.steamstatic.com/4f7bcfd19d6cfaec1b48a8d5b6512100e46b3059_full.jpg"	"2026-09-05T21:29:23.555753+00:00"
"[U:1:1508622752]"	"https://avatars.steamstatic.com/ee05be5623177080abdcb11273b91f3da9f9036c_full.jpg"	"2026-09-05T21:29:23.555753+00:00"
"[U:1:83528286]"	"https://avatars.steamstatic.com/188f30af00afeda2e32c1c97294b0251f793e041_full.jpg"	"2026-09-05T21:29:23.555753+00:00"
"[U:1:842300628]"	"https://avatars.steamstatic.com/3318182a22bb6568043027b214c9e266bd03382b_full.jpg"	"2026-09-05T21:29:23.555753+00:00"
"[U:1:489273570]"	"https://avatars.steamstatic.com/ea506d6ad355a1922aed844577ec4aee33a6729b_full.jpg"	"2026-09-05T21:29:23.555753+00:00"
"[U:1:94071255]"	"https://avatars.steamstatic.com/7d11ead7c39d6563e6ee21b3b2fec56ce1787b6d_full.jpg"	"2026-09-05T21:29:23.555753+00:00"
"[U:1:84214958]"	"https://avatars.steamstatic.com/9db4379c2531f5accd95570c7ac358f7169393dc_full.jpg"	"2026-09-05T21:29:23.555753+00:00"
"[U:1:85819086]"	"https://avatars.steamstatic.com/f1dd29feafcc71e9e513f5144a64f207e2f1c224_full.jpg"	"2026-09-05T21:29:23.555753+00:00"
"[U:1:46635262]"	"https://avatars.steamstatic.com/0f0ac3ebabb38d517e6ebe32c80e84566043d05e_full.jpg"	"2026-09-05T21:29:23.555753+00:00"
"[U:1:1209972247]"	"https://avatars.steamstatic.com/e9fdfd6b2a4a1a881538c7f62b4f7a0c688ce12a_full.jpg"	"2026-09-05T21:29:23.555753+00:00"
"[U:1:1145935987]"	"https://avatars.steamstatic.com/b75b6ad5df56f6c0072d877d1c48ef6c3a36f12a_full.jpg"	"2026-09-05T21:29:23.555753+00:00"
"[U:1:1486212226]"	"https://avatars.steamstatic.com/1562408834bc95fa8bf8bb4584f0c70f36e8e26f_full.jpg"	"2026-09-05T21:29:23.555753+00:00"
"[U:1:368561125]"	"https://avatars.steamstatic.com/6cca64b05b6214c927a6b3f47f3776559342a65e_full.jpg"	"2026-09-05T21:29:23.555753+00:00"
"[U:1:1093035422]"	"https://avatars.steamstatic.com/c110fd9fdea2504d7c3009b49b6719297663f08d_full.jpg"	"2026-09-05T21:29:23.555753+00:00"
"[U:1:423444887]"	"https://avatars.steamstatic.com/cb5b08bea2b58cb3098cc4776333f784cd445f18_full.jpg"	"2026-09-05T21:29:23.555753+00:00"
"[U:1:160481302]"	"https://avatars.steamstatic.com/b60e1f3b6834554dba80629480d8db6f8be7fcc4_full.jpg"	"2026-09-05T21:29:23.555753+00:00"
"[U:1:58084714]"	"https://avatars.steamstatic.com/dc36f7f45a66ec73d1e4bf6e32231e8ed802a45b_full.jpg"	"2026-09-05T21:29:23.555753+00:00"
"[U:1:109551080]"	"https://avatars.steamstatic.com/300af9381021933d3fb4b0d03ea1db8bb48d0ec0_full.jpg"	"2026-09-05T21:29:23.555753+00:00"
"[U:1:939322598]"	"https://avatars.steamstatic.com/88119985399a381ef53b2f140b34489c9c91aa24_full.jpg"	"2026-09-05T21:29:23.555753+00:00"
"[U:1:184886226]"	"https://avatars.steamstatic.com/434cede93538307f385fa93fe82cef1990c5080e_full.jpg"	"2026-09-05T21:29:23.555753+00:00"
"[U:1:208710301]"	"https://avatars.steamstatic.com/0e96fd1da4c91017a7c1de980d6361b139e6831d_full.jpg"	"2026-09-05T21:29:23.555753+00:00"
"[U:1:991009299]"	"https://avatars.steamstatic.com/e3bdc52779f163a3ef907a03ca4ae8eed9602d33_full.jpg"	"2026-09-05T21:29:23.555753+00:00"
"[U:1:83609483]"	"https://avatars.steamstatic.com/c10c9b82e3f36908c635312f70847403abbaefbe_full.jpg"	"2026-09-05T21:29:23.555753+00:00"
"[U:1:424538314]"	"https://avatars.steamstatic.com/69bfa8cd765f1d64cc695bfcb216d525f8c47b77_full.jpg"	"2026-09-05T21:29:23.555753+00:00"
"[U:1:1383483522]"	"https://avatars.steamstatic.com/c1fc2e77c4655e167e40481fcfdb9e3fda05f434_full.jpg"	"2026-09-05T21:29:23.555753+00:00"
"[U:1:111775304]"	"https://avatars.steamstatic.com/f690245864f35dddc4cfc7a3a89282463da37752_full.jpg"	"2026-09-05T21:29:23.555753+00:00"
"[U:1:1039360143]"	"https://avatars.steamstatic.com/17c2991a71cea1b276bdc55b1d582a8740cf687b_full.jpg"	"2026-09-05T21:29:23.555753+00:00"
"[U:1:1117802822]"	"https://avatars.steamstatic.com/3fa44664d727e04fca1e716c773a8925a306a614_full.jpg"	"2026-09-05T21:29:23.555753+00:00"
"[U:1:1151623379]"	"https://avatars.steamstatic.com/a8267fac4f09f375e5011174dc029d880ba0d45c_full.jpg"	"2026-09-05T21:29:23.555753+00:00"
"[U:1:11882274]"	"https://avatars.steamstatic.com/8442685651231b08503c282a75c5f324df2ae085_full.jpg"	"2026-09-05T21:29:23.555753+00:00"
"[U:1:1203547401]"	"https://avatars.steamstatic.com/b93f04b9194fba8980a2dc74947d47d0087ba113_full.jpg"	"2026-09-05T21:29:23.555753+00:00"
"[U:1:772897030]"	"https://avatars.steamstatic.com/318b178494b9104830c1247b418043968b892165_full.jpg"	"2026-09-05T21:29:23.555753+00:00"
"[U:1:990824790]"	"https://avatars.steamstatic.com/07b2974d335bb4ecbcb8657bba91f64b98247372_full.jpg"	"2026-09-05T21:29:23.555753+00:00"
"[U:1:1053679349]"	"https://avatars.steamstatic.com/9025ddaf0b30453679a61d5cdc75e1e8c8bd9d94_full.jpg"	"2026-09-05T21:29:23.555753+00:00"
"[U:1:31106595]"	"https://avatars.steamstatic.com/fab2c8e9fbdd7405aa7d7ce6924ec0dbb30b9e26_full.jpg"	"2026-09-05T21:29:23.555753+00:00"
"[U:1:1875087513]"	"https://avatars.steamstatic.com/5650a856c0bd7c678378e9895afec491786ce595_full.jpg"	"2026-09-05T21:29:23.555753+00:00"
"[U:1:114601433]"	"https://avatars.steamstatic.com/144f1bb349a9be8d0a7cfe1fb0581d00f89faeff_full.jpg"	"2026-09-05T21:29:23.555753+00:00"
"[U:1:444548826]"	"https://avatars.steamstatic.com/3bd6bf9de705865a4e1b37841e597608b0941e87_full.jpg"	"2026-09-05T21:29:23.555753+00:00"
"[U:1:990977164]"	"https://avatars.steamstatic.com/dd58ec3beafc6afc36b58080172c4fab78d00d00_full.jpg"	"2026-09-05T21:29:23.555753+00:00"
"[U:1:772991190]"	"https://avatars.steamstatic.com/0bcb78b4f93246d9f432ce3d6b3bc3601efc8955_full.jpg"	"2026-09-05T21:29:23.555753+00:00"
"[U:1:122347920]"	"https://avatars.steamstatic.com/880643ed592d74cc219957b29aa9eea2c416297e_full.jpg"	"2026-09-05T21:29:23.555753+00:00"
"[U:1:1137563047]"	"https://avatars.steamstatic.com/33018871e7ea4469fa5983476d4e31d0e0e5ff13_full.jpg"	"2026-09-05T21:29:23.555753+00:00"
"[U:1:1604444718]"	"https://avatars.steamstatic.com/df7c28bf8ecfa4fd27b4c6867effeb7854b29869_full.jpg"	"2026-09-05T21:29:23.555753+00:00"
"[U:1:70972398]"	"https://avatars.steamstatic.com/69a28668f789f0ec10baf169c94276a96d43f0a7_full.jpg"	"2026-09-05T21:29:23.555753+00:00"
"[U:1:1018307381]"	"https://avatars.steamstatic.com/4cf1cffa479d9c9857a03467ec6e3d2027f7b6db_full.jpg"	"2026-09-05T21:29:23.555753+00:00"
"[U:1:179510579]"	"https://avatars.steamstatic.com/a17109b9ccdde909cbaf7003a8af05ef2ea3f6a9_full.jpg"	"2026-09-05T21:29:23.555753+00:00"
"[U:1:253979291]"	"https://avatars.steamstatic.com/6945fd3fb8844ca8abb29c01a256fbeeb302ef7b_full.jpg"	"2026-09-05T21:29:23.555753+00:00"
"[U:1:109330395]"	"https://avatars.steamstatic.com/f3a5ead0964dc3cf4dd36e4af1941a52491a4927_full.jpg"	"2026-09-05T21:29:23.555753+00:00"
"[U:1:231267422]"	"https://avatars.steamstatic.com/9c4b3e4bbf8540454b0d78004ad22aae2603c178_full.jpg"	"2026-09-05T21:29:23.555753+00:00"
"[U:1:208727938]"	"https://avatars.steamstatic.com/c4801ef3bf90b14759e26a6d5fbe14572a97e237_full.jpg"	"2026-09-05T21:29:23.555753+00:00"
"[U:1:272352208]"	"https://avatars.steamstatic.com/72861c8c08272e1d994f19806eddb5f219c6b398_full.jpg"	"2026-09-05T21:29:23.555753+00:00"
"[U:1:935124707]"	"https://avatars.steamstatic.com/c06aa79743f9cf4e9aa189ec760bce1ff7040e55_full.jpg"	"2026-09-05T21:29:23.555753+00:00"
"[U:1:200864918]"	"https://avatars.steamstatic.com/81790863c965ffed64e33f920960a68604b59f58_full.jpg"	"2026-09-05T21:29:23.555753+00:00"
"[U:1:367781197]"	"https://avatars.steamstatic.com/1849638c6dccb0e575d9fbd865bb315ba9a46a05_full.jpg"	"2026-09-05T21:29:23.555753+00:00"
"[U:1:452032470]"	"https://avatars.steamstatic.com/4b4232db2d900c0197b1105ac2a79e4f6ff2431a_full.jpg"	"2026-09-05T21:29:23.555753+00:00"
"[U:1:1262923916]"	"https://avatars.steamstatic.com/9c6e7b8c687a1e00a3ef69a76431b1251b54c27d_full.jpg"	"2026-09-05T21:29:23.555753+00:00"
"[U:1:423855271]"	"https://avatars.steamstatic.com/bcb4bb1b44de54b5f085500604b23ee5de13646f_full.jpg"	"2026-09-05T21:29:23.555753+00:00"
"[U:1:179509806]"	"https://avatars.steamstatic.com/c9c401709045d8042452c61d9d12168ff0356f3b_full.jpg"	"2026-09-05T21:29:23.555753+00:00"
"[U:1:422396279]"	"https://avatars.steamstatic.com/572210a057b2a73a759021c8146f4e025992bc91_full.jpg"	"2026-09-05T21:29:23.555753+00:00"
"[U:1:112130585]"	"https://avatars.steamstatic.com/c8a241c259a703862cc6aa94219790aa8a8af64f_full.jpg"	"2026-09-05T21:29:23.555753+00:00"
"[U:1:1539197453]"	"https://avatars.steamstatic.com/766f77ee8b5bb9af0678f974d2741a8b3c87e2ea_full.jpg"	"2026-09-05T21:29:23.555753+00:00"
"[U:1:160557664]"	"https://avatars.steamstatic.com/77c4e42d0647ed05ceb5fea953eabb042d41b043_full.jpg"	"2026-09-05T21:29:23.555753+00:00"
"[U:1:95054359]"	"https://avatars.steamstatic.com/ea04d6667a65b992ae6b0b08f97448c1b98bb9f5_full.jpg"	"2026-09-05T21:29:23.555753+00:00"
"[U:1:261730872]"	"https://avatars.steamstatic.com/20aa2f2d4741f6f7a9e7f1e9c77c1c4e211c0018_full.jpg"	"2026-09-05T21:29:23.555753+00:00"
"[U:1:1120142670]"	"https://avatars.steamstatic.com/120b8a55edfe680c79e2f56000a05eaadaf6a273_full.jpg"	"2026-09-05T21:29:23.555753+00:00"
"[U:1:737013458]"	"https://avatars.steamstatic.com/bbc7e7b4748d8cfb0cbd60192b1cdff36188f187_full.jpg"	"2026-09-05T21:29:23.555753+00:00"
"[U:1:85745527]"	"https://avatars.steamstatic.com/504ff655ab923602ec97fa400e88d070a7e8abef_full.jpg"	"2026-09-05T21:29:23.555753+00:00"
"[U:1:115996986]"	"https://avatars.steamstatic.com/a6073a15c563646efa5599dd1a708d63ab3daf3f_full.jpg"	"2026-09-05T21:29:23.555753+00:00"
"[U:1:836511912]"	"https://avatars.steamstatic.com/b06db26b73c9c9a540c025a1289e3190b4118fba_full.jpg"	"2026-09-05T21:29:23.555753+00:00"
"[U:1:1187967595]"	"https://avatars.steamstatic.com/2cda70e43f383b327cf003370cb69c75b0be100d_full.jpg"	"2026-09-05T21:29:23.555753+00:00"
"[U:1:857277213]"	"https://avatars.steamstatic.com/f57e45f99f4e93c716f031b4c1f7895bd5c71d14_full.jpg"	"2026-09-05T21:29:23.555753+00:00"
"[U:1:847872348]"	"https://avatars.steamstatic.com/5ba8334d55a64b88b412ff729471dd2c873af244_full.jpg"	"2026-09-05T21:29:23.555753+00:00"
"[U:1:237950887]"	"https://avatars.steamstatic.com/bc349705f36bb34ee91b380fe38c285b547289e4_full.jpg"	"2026-09-05T21:29:23.555753+00:00"
"[U:1:945442768]"	"https://avatars.steamstatic.com/a6d187b8e04e26ba8e506f3dade7cecc16a64710_full.jpg"	"2026-09-05T21:29:23.555753+00:00"
"[U:1:1040313751]"	"https://avatars.steamstatic.com/b03d8044e28ea3edc8723aa7224ebd182849b5b6_full.jpg"	"2026-09-05T21:29:23.555753+00:00"
"[U:1:301337214]"	"https://avatars.steamstatic.com/e40afc88d0ad8670ec666143e5a2c3fd52324af8_full.jpg"	"2026-09-05T21:29:23.555753+00:00"
"[U:1:201707162]"	"https://avatars.steamstatic.com/ce199fb48e1836737908c02f76ada4940d7a214d_full.jpg"	"2026-09-05T21:29:23.555753+00:00"
"[U:1:156664604]"	"https://avatars.steamstatic.com/787df0371a5f7cc2fde9cc8ef6a13544bd07f064_full.jpg"	"2026-09-05T21:29:23.555753+00:00"
"[U:1:1146770734]"	"https://avatars.steamstatic.com/7d1c3a2697542ec55d2bc84c15f9325814f0ea44_full.jpg"	"2026-09-05T21:29:23.555753+00:00"
"[U:1:844899979]"	"https://avatars.steamstatic.com/0aa63ba1aaa963b8653481200ac1634ab6d5a586_full.jpg"	"2026-09-05T21:29:23.555753+00:00"
"[U:1:445138389]"	"https://avatars.steamstatic.com/92706c470c1d3407999add7ae8a734006da475e2_full.jpg"	"2026-09-05T21:29:23.555753+00:00"
"[U:1:1764060738]"	"https://avatars.steamstatic.com/1da862e28a9f02d59765383263cf1161371c5416_full.jpg"	"2026-09-05T21:29:23.555753+00:00"
"[U:1:230445011]"	"https://avatars.steamstatic.com/851106b4f6bfa3ab6ea1ca86856b908da3ce1778_full.jpg"	"2026-09-05T21:29:23.555753+00:00"
"[U:1:60517286]"	"https://avatars.steamstatic.com/7f0ccaab4125a39e7d522f4b8d9fda3ec5665aed_full.jpg"	"2026-09-05T21:29:23.555753+00:00"
"[U:1:427142505]"	"https://avatars.steamstatic.com/f01537a555f1fb9e4e651ae33aa99ad7b98e673b_full.jpg"	"2026-09-05T21:29:23.555753+00:00"
"[U:1:180752990]"	"https://avatars.steamstatic.com/8c5229ab42e8d2de541e6cc8d41e10ccc1677233_full.jpg"	"2026-09-05T21:29:23.555753+00:00"
"[U:1:444991990]"	"https://avatars.steamstatic.com/a604532ffae9b484a88871b7af10ebc1f2393e46_full.jpg"	"2026-09-05T21:29:23.555753+00:00"
"[U:1:94953188]"	"https://avatars.steamstatic.com/b76f355c7e30003d80554f560782308dc0be7908_full.jpg"	"2026-09-05T21:29:23.555753+00:00"
"[U:1:1187267108]"	"https://avatars.steamstatic.com/ad3f7446e0e155a425c45e945c5d5d33d8e0a72e_full.jpg"	"2026-09-05T21:29:23.555753+00:00"
"[U:1:1006005495]"	"https://avatars.steamstatic.com/cb1aa489891f2fae30fdaa08047f61678899bda5_full.jpg"	"2026-09-05T21:29:23.555753+00:00"
"[U:1:138191896]"	"https://avatars.steamstatic.com/ad0fa244295ea44d131b7b62d2ff67ce055d1d1a_full.jpg"	"2026-09-05T21:29:23.555753+00:00"
"[U:1:1295120455]"	"https://avatars.steamstatic.com/7ba37a35b4decb7a9334b02946bd43deca98a429_full.jpg"	"2026-09-05T21:29:23.555753+00:00"
"[U:1:1146441545]"	"https://avatars.steamstatic.com/3eb65815dfdc526012bc578425ca4ced5c6cebb2_full.jpg"	"2026-09-05T21:29:23.555753+00:00"
"[U:1:118753077]"	"https://avatars.steamstatic.com/6bb11e51cf873539e8b74cb69c11e734258e423c_full.jpg"	"2026-09-05T21:29:23.555753+00:00"
"[U:1:189422363]"	"https://avatars.steamstatic.com/1a0b97a8df13e0dabfaaaeec9d5206d32b84eb54_full.jpg"	"2026-09-05T21:29:23.555753+00:00"
"[U:1:1688286083]"	"https://avatars.steamstatic.com/507ca5805f10c49fe8e1f6aded4db655e56d7530_full.jpg"	"2026-09-05T21:29:23.555753+00:00"
"[U:1:347892264]"	"https://avatars.steamstatic.com/da8d8d07297066d2eaa181fe6ba78d3a00f2f7b7_full.jpg"	"2026-09-05T21:29:23.555753+00:00"
"[U:1:445071170]"	"https://avatars.steamstatic.com/f01d641f4b816ed70a0cbdd52bace38d2581fdbf_full.jpg"	"2026-09-05T21:29:23.555753+00:00"
"[U:1:1486561659]"	"https://avatars.steamstatic.com/d1749a70849bf530324e58aef74493bd75119932_full.jpg"	"2026-09-05T21:29:23.555753+00:00"
"[U:1:348544350]"	"https://avatars.steamstatic.com/1f90eff057d8b7bbdd8a7e31963c58681c6de73a_full.jpg"	"2026-09-05T21:29:23.555753+00:00"
"[U:1:1275844298]"	"https://avatars.steamstatic.com/8bd99da8d2a1afae0206b245daef2a0241e8a71d_full.jpg"	"2026-09-05T21:29:23.555753+00:00"
"[U:1:425969795]"	"https://avatars.steamstatic.com/e7db437c0b10013389183201baef9456c807709f_full.jpg"	"2026-09-05T21:29:23.555753+00:00"
"[U:1:348021037]"	"https://avatars.steamstatic.com/86d3bff70648a0e2574ce7cd63229ee261bbb9c7_full.jpg"	"2026-09-05T21:29:23.555753+00:00"
"[U:1:313033423]"	"https://avatars.steamstatic.com/c20716609c4d39870f08ff72d5c71d6fef568833_full.jpg"	"2026-09-05T21:29:23.555753+00:00"
"[U:1:184364665]"	"https://avatars.steamstatic.com/3b29aba102c014d5a0ca6e537b358fc25a67ab7e_full.jpg"	"2026-09-05T21:29:23.555753+00:00"
"[U:1:85628168]"	"https://avatars.steamstatic.com/1502f96efa6c4d308a49a4d3b95cac04245295ce_full.jpg"	"2026-09-05T21:29:23.555753+00:00"
"[U:1:103320799]"	"https://avatars.steamstatic.com/0f9d41a4581063a0e5f3706ac21a3e80527e6789_full.jpg"	"2026-09-05T21:29:23.555753+00:00"
"[U:1:347773542]"	"https://avatars.steamstatic.com/5b7010b7bccb6bf242cd4c60ee9a27471c8e4238_full.jpg"	"2026-09-05T21:29:23.555753+00:00"
"[U:1:1262550785]"	"https://avatars.steamstatic.com/0173b02cca6d8ac6e5da06136b8902aca1a55430_full.jpg"	"2026-09-05T21:29:23.555753+00:00"
"[U:1:85573106]"	"https://avatars.steamstatic.com/5406b8b6d5f6879ccc31e83d0b3597f5cfd8befc_full.jpg"	"2026-09-05T21:29:23.555753+00:00"
"[U:1:1080321600]"	"https://avatars.steamstatic.com/f1b500287ad1a677cfa7679a118053b9f5e94a6e_full.jpg"	"2026-09-05T21:29:23.555753+00:00"
"[U:1:1839417227]"	"https://avatars.steamstatic.com/960eae50f7ae2327bb33f5025b15b0c7b5d22ed4_full.jpg"	"2026-09-05T21:29:23.555753+00:00"
"[U:1:1281175820]"	"https://avatars.steamstatic.com/0c31ad53b17e5fc89b4a04252cc6776fc7635557_full.jpg"	"2026-09-05T21:29:23.555753+00:00"
"[U:1:836461436]"	"https://avatars.steamstatic.com/bb7feb17b5275f678492bb7f218cdab6004776de_full.jpg"	"2026-09-05T21:29:23.555753+00:00"
"[U:1:427438331]"	"https://avatars.steamstatic.com/b62b5e44b1861eddc2ebefc49573f3b0f3aea8b3_full.jpg"	"2026-09-05T21:29:23.555753+00:00"
"[U:1:493811491]"	"https://avatars.steamstatic.com/d35cf41a9f887342a6e82ae8ec54752843469f39_full.jpg"	"2026-09-05T21:29:23.555753+00:00"
"[U:1:367380361]"	"https://avatars.steamstatic.com/37cf1dc1f48ac849fb89a0b11182816609a9e6eb_full.jpg"	"2026-09-05T21:29:23.555753+00:00"
"[U:1:13185132]"	"https://avatars.steamstatic.com/c970e66ccc7b4f3d6c11d526cdf6eb2ffdefc84e_full.jpg"	"2026-09-05T21:29:23.555753+00:00"
"[U:1:1093533056]"	"https://avatars.steamstatic.com/bbcadcc8201f08305d5b97c82e0ec25c13e69e7b_full.jpg"	"2026-09-05T21:29:23.555753+00:00"
"[U:1:1523834595]"	"https://avatars.steamstatic.com/fef49e7fa7e1997310d705b2a6158ff8dc1cdfeb_full.jpg"	"2026-09-05T21:29:23.555753+00:00"
"[U:1:255162361]"	"https://avatars.steamstatic.com/3b28e0661ebed825d52fb3c9d2beedb2fefa425e_full.jpg"	"2026-09-05T21:29:23.555753+00:00"
"[U:1:9435667]"	"https://avatars.steamstatic.com/9321338d142166246cd07770ca4fd7e7ea6bec4c_full.jpg"	"2026-09-05T21:29:23.555753+00:00"
"[U:1:1876135888]"	"https://avatars.steamstatic.com/c8bc059ee022a3902abd2c4893eb5e03836d56ae_full.jpg"	"2026-09-05T21:29:23.555753+00:00"
"[U:1:1012924302]"	"https://avatars.steamstatic.com/bfff154618efac6b101ac23c58e9a00420202570_full.jpg"	"2026-09-05T21:29:23.555753+00:00"
"[U:1:1077438908]"	"https://avatars.steamstatic.com/dcc89e568a176059b617244b0abde12208273915_full.jpg"	"2026-09-05T21:29:23.555753+00:00"
"[U:1:231190163]"	"https://avatars.steamstatic.com/97e463a36f2693f6158631fb69c4074694019c20_full.jpg"	"2026-09-05T21:29:23.555753+00:00"
"[U:1:1807948714]"	"https://avatars.steamstatic.com/fef49e7fa7e1997310d705b2a6158ff8dc1cdfeb_full.jpg"	"2026-09-05T21:29:23.555753+00:00"
"[U:1:1230518188]"	"https://avatars.steamstatic.com/5996ca099a18a306cabb4b8b33ac783107459868_full.jpg"	"2026-09-05T21:29:23.555753+00:00"
"[U:1:857644711]"	"https://avatars.steamstatic.com/5fea668694c95ff82c2d9cc2b2afdb06a9d2bbb4_full.jpg"	"2026-09-05T21:29:23.555753+00:00"
"[U:1:356116302]"	"https://avatars.steamstatic.com/6e45b021ca8a8882c46befa84a65429f9787a759_full.jpg"	"2026-09-05T21:29:23.555753+00:00"
"[U:1:16051067]"	"https://avatars.steamstatic.com/8692e5df0d833bed1ba6ef42f73aa0789aaa2c86_full.jpg"	"2026-09-05T21:29:23.555753+00:00"
"[U:1:95036960]"	"https://avatars.steamstatic.com/0e89b78232bf6b63fbe6d8500fc9ded9b681f32c_full.jpg"	"2026-09-05T21:29:23.555753+00:00"
"[U:1:1317905591]"	"https://avatars.steamstatic.com/206c3cfc3653a7c2e8ccfae9551873efa6abd9c2_full.jpg"	"2026-09-05T21:29:23.555753+00:00"
"[U:1:312656597]"	"https://avatars.steamstatic.com/b7066fb6ff81e0241bea7620e0bda9e06b669c13_full.jpg"	"2026-09-05T21:29:23.555753+00:00"
"[U:1:221066135]"	"https://avatars.steamstatic.com/1d38c6c8517f39dec02be7074fab3b6aba1c7198_full.jpg"	"2026-09-05T21:29:23.555753+00:00"
"[U:1:367393449]"	"https://avatars.steamstatic.com/b2edbc430cffa963966ebafc9e7844414a9c51c1_full.jpg"	"2026-09-05T21:29:23.555753+00:00"
"[U:1:1381896695]"	"https://avatars.steamstatic.com/bf4c170f8a69e211ab42923be1efe0dc6d389c0b_full.jpg"	"2026-09-05T21:29:23.555753+00:00"
"[U:1:1118142366]"	"https://avatars.steamstatic.com/febaed4969e56330b7748146fb13c4fd5c8bcba4_full.jpg"	"2026-09-05T21:29:23.555753+00:00"
"[U:1:1721917648]"	"https://avatars.steamstatic.com/5a34bceb0e1390af4893909454be94350297e287_full.jpg"	"2026-09-05T21:29:23.555753+00:00"
"[U:1:1161983224]"	"https://avatars.steamstatic.com/81301457b9c325665a4b1b517235ad4bb2bea2e1_full.jpg"	"2026-09-05T21:29:23.555753+00:00"
"[U:1:348124085]"	"https://avatars.steamstatic.com/b136504bae54c0dd3ae549ec53bf4733ef2701cc_full.jpg"	"2026-09-05T21:29:23.555753+00:00"
"[U:1:1021549517]"	"https://avatars.steamstatic.com/b06db26b73c9c9a540c025a1289e3190b4118fba_full.jpg"	"2026-09-05T21:29:23.555753+00:00"
"[U:1:131841389]"	"https://avatars.steamstatic.com/4ffcf8758a42eede1585257692497a3acaa5a19f_full.jpg"	"2026-09-05T21:29:23.555753+00:00"
"[U:1:427016073]"	"https://avatars.steamstatic.com/73233a862e6b68757ed857222702a3e14c0a974f_full.jpg"	"2026-09-05T21:29:23.555753+00:00"
"[U:1:1887719767]"	"https://avatars.steamstatic.com/fef49e7fa7e1997310d705b2a6158ff8dc1cdfeb_full.jpg"	"2026-09-05T21:29:23.555753+00:00"
"[U:1:1049173256]"	"https://avatars.steamstatic.com/a053817e4301a808323ec41fd0cbe7f758e653fd_full.jpg"	"2026-09-05T21:29:23.555753+00:00"
"[U:1:110965102]"	"https://avatars.steamstatic.com/00119eb26aaa727c888c4ff927ecb753bd5db641_full.jpg"	"2026-09-05T21:29:23.555753+00:00"
"[U:1:857129377]"	"https://avatars.steamstatic.com/3f2f4bc4f332267b095d750b741954973e5734d9_full.jpg"	"2026-09-05T21:29:23.555753+00:00"
"[U:1:160611672]"	"https://avatars.steamstatic.com/a697b890409a9f4a1cd4b155c564815468f8c88f_full.jpg"	"2026-09-05T21:29:23.555753+00:00"
"[U:1:1046112752]"	"https://avatars.steamstatic.com/079e0e2a86ab91caa112ebe1e78c6d63ef66f94e_full.jpg"	"2026-09-05T21:29:23.555753+00:00"
"[U:1:254600641]"	"https://avatars.steamstatic.com/a4f0e29a54fd7ade40d9d8289599faf6fd331ac1_full.jpg"	"2026-09-05T21:29:23.555753+00:00"
"[U:1:1800697074]"	"https://avatars.steamstatic.com/c2e8027e1b6e72773ba7c82eedb4e43c75243c5e_full.jpg"	"2026-09-05T21:29:23.555753+00:00"
"[U:1:95166538]"	"https://avatars.steamstatic.com/c0f3e194d6d44120a40d30f5c43b09ff1e74359c_full.jpg"	"2026-09-05T21:29:23.555753+00:00"
"[U:1:270642760]"	"https://avatars.steamstatic.com/f784031c62a0acdbc1ec5aeb15c607fe2e8ab40a_full.jpg"	"2026-09-05T21:29:23.555753+00:00"
"[U:1:111060984]"	"https://avatars.steamstatic.com/8c2f68500da5ebee3ea8cd5d8ca452e6cb288ba4_full.jpg"	"2026-09-05T21:29:23.555753+00:00"
"[U:1:212217739]"	"https://avatars.steamstatic.com/233f6ab700b2092420540644292aeff68b7ceb46_full.jpg"	"2026-09-05T21:29:23.555753+00:00"
"[U:1:1262644610]"	"https://avatars.steamstatic.com/fef49e7fa7e1997310d705b2a6158ff8dc1cdfeb_full.jpg"	"2026-09-05T21:29:23.555753+00:00"
"[U:1:1011634089]"	"https://avatars.steamstatic.com/1b266977fc313c5d8976a1520ece62648f9134d6_full.jpg"	"2026-09-05T21:29:23.555753+00:00"
"[U:1:1064465661]"	"https://avatars.steamstatic.com/88af61300c13adb3810355f8968342f39d2317f2_full.jpg"	"2026-09-05T21:29:23.555753+00:00"
"[U:1:132514808]"	"https://avatars.steamstatic.com/f2dd8f7e89d82c65c5f7bc6df3bf7e9742154cd6_full.jpg"	"2026-09-05T21:29:23.555753+00:00"
"[U:1:160667449]"	"https://avatars.steamstatic.com/fa93b1cc3fb499089caaa176f3a11606553c409e_full.jpg"	"2026-09-05T21:29:23.555753+00:00"
"[U:1:993131040]"	"https://avatars.steamstatic.com/3a19e91dc1fa4301004d6a6e6a2059f7c6612c57_full.jpg"	"2026-09-05T21:29:23.555753+00:00"
"[U:1:209890547]"	"https://avatars.steamstatic.com/95984c0b8b95a91e6c666d1a95c20fca33ff33c8_full.jpg"	"2026-09-05T21:29:23.555753+00:00"
"[U:1:85522643]"	"https://avatars.steamstatic.com/b17c7dc2f4e53edc18b39d946356b741eade3cf8_full.jpg"	"2026-09-05T21:29:23.555753+00:00"
"[U:1:148871957]"	"https://avatars.steamstatic.com/215afa8337e5e45b55847080a2650b05b919869c_full.jpg"	"2026-09-05T21:29:23.555753+00:00"
"[U:1:110562096]"	"https://avatars.steamstatic.com/7afac9ea69137416cc17c38236fdea8706092798_full.jpg"	"2026-09-05T21:29:23.555753+00:00"
"[U:1:735612216]"	"https://avatars.steamstatic.com/1f8bd191a609391ded2f90cbb287e702c4c98243_full.jpg"	"2026-09-05T21:29:23.555753+00:00"
"[U:1:348967354]"	"https://avatars.steamstatic.com/4882f733e60e992002e81c84e833c287c4b2278c_full.jpg"	"2026-09-05T21:29:23.555753+00:00"
"[U:1:775142938]"	"https://avatars.steamstatic.com/233971be6d6d85d5715076c5430a8fe8cf0f7481_full.jpg"	"2026-09-05T21:29:23.555753+00:00"
"[U:1:268270400]"	"https://avatars.steamstatic.com/8786ac388182979517f02e92bc699e769eeb47c7_full.jpg"	"2026-09-05T21:29:23.555753+00:00"
"[U:1:1691235949]"	"https://avatars.steamstatic.com/cbcfab8ab94273b4f939725df041c338c87e96b6_full.jpg"	"2026-09-05T21:29:23.555753+00:00"
"[U:1:1876438137]"	"https://avatars.steamstatic.com/87ae588ce21bdb4ca221eae2105e116d09825ffa_full.jpg"	"2026-09-05T21:29:23.555753+00:00"
"[U:1:1281312052]"	"https://avatars.steamstatic.com/27a2a175d501ca2a4b2c90bab5bd134b25cba5d5_full.jpg"	"2026-09-05T21:29:23.555753+00:00"
"[U:1:34992920]"	"https://avatars.steamstatic.com/12ab7b43baf7a726ab4575956f66917ebbf9d63a_full.jpg"	"2026-09-05T21:29:23.555753+00:00"
"[U:1:1045713898]"	"https://avatars.steamstatic.com/db96af880e2f3866a3796015dc22463feffa1e98_full.jpg"	"2026-09-05T21:29:23.555753+00:00"
"[U:1:1162474762]"	"https://avatars.steamstatic.com/59ed45add827db340924a700f651188cfd3d3338_full.jpg"	"2026-09-05T21:29:23.555753+00:00"
"[U:1:221947361]"	"https://avatars.steamstatic.com/235e6e10cd66af9a6c42020f8053cf3a32508522_full.jpg"	"2026-09-05T21:29:23.555753+00:00"
"[U:1:1487944349]"	"https://avatars.steamstatic.com/351cbe22acdd3809abf23a48b2cb4dacc19f8bb8_full.jpg"	"2026-09-05T21:29:23.555753+00:00"
"[U:1:1431861531]"	"https://avatars.steamstatic.com/882bddc07fa59a1baf26267c7aa8d8ac8a06b5dc_full.jpg"	"2026-09-05T21:29:23.555753+00:00"
"[U:1:348996324]"	"https://avatars.steamstatic.com/929385ba76d678ff0f6857e60e974be2b9d8aa8f_full.jpg"	"2026-09-05T21:29:23.555753+00:00"
"[U:1:1257332994]"	"https://avatars.steamstatic.com/ee57d879f00cda0618cb071ed3d6836a5760af2b_full.jpg"	"2026-09-05T21:29:23.555753+00:00"
"[U:1:1170817994]"	"https://avatars.steamstatic.com/b180fbcd89b86067127b0429377ed1c149c497f3_full.jpg"	"2026-09-05T21:29:23.555753+00:00"
"[U:1:95932440]"	"https://avatars.steamstatic.com/021f5aa3673c70e22c1943357197f61f77d44541_full.jpg"	"2026-09-05T21:29:23.555753+00:00"
"[U:1:855413306]"	"https://avatars.steamstatic.com/b9e198e7ba77bb347a5c4269cd0c9f806757005b_full.jpg"	"2026-09-05T21:29:23.555753+00:00"
"[U:1:85466379]"	"https://avatars.steamstatic.com/64805f43894fcc0551f3aaf046dc8db1fed90a24_full.jpg"	"2026-09-05T21:29:23.555753+00:00"
"[U:1:106945525]"	"https://avatars.steamstatic.com/f2e0ef843a7848cb8cb467213c7622125291d3bb_full.jpg"	"2026-09-05T21:29:23.555753+00:00"
"[U:1:137132447]"	"https://avatars.steamstatic.com/9411176b3996a1eca723dc02df1a962266413e3c_full.jpg"	"2026-09-05T21:29:23.555753+00:00"
"[U:1:1032952470]"	"https://avatars.steamstatic.com/0e96fd1da4c91017a7c1de980d6361b139e6831d_full.jpg"	"2026-09-05T21:29:23.555753+00:00"
"[U:1:1060276558]"	"https://avatars.steamstatic.com/6d4cd91effcd7715abde364333c582f7680d836f_full.jpg"	"2026-09-05T21:29:23.555753+00:00"
"[U:1:173239301]"	"https://avatars.steamstatic.com/d882dfa2be9c17fe2c052c3fc18af97b9c2d0e9a_full.jpg"	"2026-09-05T21:29:23.555753+00:00"
"[U:1:993168]"	"https://avatars.steamstatic.com/8ca92b950de4c980782d3a6da016410550985d85_full.jpg"	"2026-09-05T21:29:23.555753+00:00"
"[U:1:123166674]"	"https://avatars.steamstatic.com/3fc3df3282121f445079296e734b29f872f0a0ea_full.jpg"	"2026-09-05T21:29:23.555753+00:00"
"[U:1:1567077002]"	"https://avatars.steamstatic.com/8bea0b7c7354d6d1de05fd8f3c441ce28811e506_full.jpg"	"2026-09-05T21:29:23.555753+00:00"
"[U:1:1093586534]"	"https://avatars.steamstatic.com/964436acfc77875a83e6464e0b15b40c55a8a29b_full.jpg"	"2026-09-05T21:29:23.555753+00:00"
"[U:1:95201219]"	"https://avatars.steamstatic.com/da38189a238b3185236468b451e2822b42bde2f6_full.jpg"	"2026-09-05T21:29:23.555753+00:00"
"[U:1:171160228]"	"https://avatars.steamstatic.com/08f65cdfb769144a0f6e1a9b79dbaac05deb7e43_full.jpg"	"2026-09-05T21:29:23.555753+00:00"
"[U:1:34948501]"	"https://avatars.steamstatic.com/0d809e474b27aa7052430324efcb9a37d95ce3c4_full.jpg"	"2026-09-05T21:29:23.555753+00:00"
"[U:1:1119737920]"	"https://avatars.steamstatic.com/021be47f1241ca7856b59befd65408133afb5ace_full.jpg"	"2026-09-05T21:29:23.555753+00:00"
"[U:1:83785967]"	"https://avatars.steamstatic.com/61ab70962972708287fbe01bbf30a073e02557fb_full.jpg"	"2026-09-05T21:29:23.555753+00:00"
"[U:1:1104956853]"	"https://avatars.steamstatic.com/dde6c4a528eac3e1a9ac996e3022ff2ea0662f85_full.jpg"	"2026-09-05T21:29:23.555753+00:00"
"[U:1:365089869]"	"https://avatars.steamstatic.com/af6144e5da9e6e02456e624d1d8b1f02c51451d7_full.jpg"	"2026-09-05T21:29:23.555753+00:00"
"[U:1:1544657581]"	"https://avatars.steamstatic.com/9d9ef46b5beaf2907da67ff80bcd3f44246e112b_full.jpg"	"2026-09-05T21:29:23.555753+00:00"
"[U:1:430580838]"	"https://avatars.steamstatic.com/4f1dc64237c9543ddf1ba80523dae8cacb53b4c6_full.jpg"	"2026-09-05T21:29:23.555753+00:00"
"[U:1:1223106847]"	"https://avatars.steamstatic.com/1d1b1007a0835c2947947bdef2fbba332e00607a_full.jpg"	"2026-09-05T21:29:23.555753+00:00"
"[U:1:431047709]"	"https://avatars.steamstatic.com/a67afbc5240d9a44eb957085d935673f2b6efa19_full.jpg"	"2026-09-05T21:29:23.555753+00:00"
"[U:1:312333818]"	"https://avatars.steamstatic.com/d51f9fcc54133330ef4742502eaf043f4fd3df4a_full.jpg"	"2026-09-05T21:29:23.555753+00:00"
"[U:1:430658438]"	"https://avatars.steamstatic.com/fb49da44da297dac3298e568e2b532a7a1135197_full.jpg"	"2026-09-05T21:29:23.555753+00:00"
"[U:1:120552214]"	"https://avatars.steamstatic.com/8fe8b5cbb8be4f5a1aa92b917063e949fd011385_full.jpg"	"2026-09-05T21:29:23.555753+00:00"
"[U:1:72181376]"	"https://avatars.steamstatic.com/cafb7e2e29eebc4b82bc6850291d2a38329c3aaa_full.jpg"	"2026-09-05T21:29:23.555753+00:00"
"[U:1:1547127083]"	"https://avatars.steamstatic.com/0466b9e49c6cd25f0b9548f52adeb293e09cbe80_full.jpg"	"2026-09-05T21:29:23.555753+00:00"
"[U:1:1289046869]"	"https://avatars.steamstatic.com/de66422b1fd4173588c7844c98f38cbe7011ac36_full.jpg"	"2026-09-05T21:29:23.555753+00:00"
"[U:1:429253917]"	"https://avatars.steamstatic.com/9a02e96655cea4a37cd513d4b57a58a2c1060d19_full.jpg"	"2026-09-05T21:29:23.555753+00:00"
"[U:1:1063843336]"	"https://avatars.steamstatic.com/1eae6824b1b1c57dbef750717bbab5442761a3e4_full.jpg"	"2026-09-05T21:29:23.555753+00:00"
"[U:1:121137314]"	"https://avatars.steamstatic.com/00a74ff93aa6bc5347b3b9f43f4c14eaaf9bb0d2_full.jpg"	"2026-09-05T21:29:23.555753+00:00"
"[U:1:184779552]"	"https://avatars.steamstatic.com/3075ab8815475abce9efffa9e4034faaf0c71917_full.jpg"	"2026-09-05T21:29:23.555753+00:00"
"[U:1:1020709867]"	"https://avatars.steamstatic.com/bca3447f9c04d2c8a8587e616f1b891cf502c710_full.jpg"	"2026-09-05T21:29:23.555753+00:00"
"[U:1:1575161294]"	"https://avatars.steamstatic.com/4fb38d63beafa13630cced8ba988d245563e9fbc_full.jpg"	"2026-09-05T21:29:23.555753+00:00"
"[U:1:838281807]"	"https://avatars.steamstatic.com/828e1cd5a30d5391d9b285933a185786ed505d45_full.jpg"	"2026-09-05T21:29:23.555753+00:00"
"[U:1:993025709]"	"https://avatars.steamstatic.com/15fc7c8cb1a5075d55cf35993b79377730ae6c5f_full.jpg"	"2026-09-05T21:29:23.555753+00:00"
"[U:1:241754632]"	"https://avatars.steamstatic.com/24e595f5ac3bc89595baf88b98515dcbd6ca4680_full.jpg"	"2026-09-05T21:29:23.555753+00:00"
"[U:1:952124483]"	"https://avatars.steamstatic.com/5a766df2ea1941e23ade6e32478a7d9630c0228c_full.jpg"	"2026-09-05T21:29:23.555753+00:00"
"[U:1:83742214]"	"https://avatars.steamstatic.com/64455b3f80e6419b182bf68c483de214f5f56d75_full.jpg"	"2026-09-05T21:29:23.555753+00:00"
"[U:1:781158748]"	"https://avatars.steamstatic.com/b8f9f741d57abe685f2f784db14f89c7670b7c8f_full.jpg"	"2026-09-05T21:29:23.555753+00:00"
"[U:1:1006250253]"	"https://avatars.steamstatic.com/4435ab3b2d84fba3eec054544484d7247f571aa9_full.jpg"	"2026-09-05T21:29:23.555753+00:00"
"[U:1:1147068993]"	"https://avatars.steamstatic.com/b2c0f6ee35e24dd0c577dfc3d873ea005e0da8c2_full.jpg"	"2026-09-05T21:29:23.555753+00:00"
"[U:1:121004015]"	"https://avatars.steamstatic.com/e1f1474827848662b7ee0230d945f3bd44f10da5_full.jpg"	"2026-09-05T21:29:23.555753+00:00"
"[U:1:35013016]"	"https://avatars.steamstatic.com/11671842d34acca507e07da1027dfb86be342a2c_full.jpg"	"2026-09-05T21:29:23.555753+00:00"
"[U:1:1080483709]"	"https://avatars.steamstatic.com/0986d68d827045a40f37d54dccdca26d178f33f5_full.jpg"	"2026-09-05T21:29:23.555753+00:00"
"[U:1:71345746]"	"https://avatars.steamstatic.com/2511df02a139de80e726f46fd7544bd6a55ee620_full.jpg"	"2026-09-05T21:29:23.555753+00:00"
"[U:1:1182117443]"	"https://avatars.steamstatic.com/9cf741283f80d8732ed4df5e32edf463a6bef4bb_full.jpg"	"2026-09-05T21:29:23.555753+00:00"
"[U:1:120557690]"	"https://avatars.steamstatic.com/29a064995a2946de86545b6c19de77c6dbce03fb_full.jpg"	"2026-09-05T21:29:23.555753+00:00"
"[U:1:349187856]"	"https://avatars.steamstatic.com/a20fe0a22b27de2cdad5ceffd492dd142117a08d_full.jpg"	"2026-09-05T21:29:23.555753+00:00"
"[U:1:241797892]"	"https://avatars.steamstatic.com/cb733f5e3a1548312e87efce1382a78d9fea8108_full.jpg"	"2026-09-05T21:29:23.555753+00:00"
"[U:1:95208520]"	"https://avatars.steamstatic.com/a62670a6be39829b1d286e0f856dcad996a1a422_full.jpg"	"2026-09-05T21:29:23.555753+00:00"
"[U:1:1064308571]"	"https://avatars.steamstatic.com/4da5023460bab114be9973a2063a5c4e309f75d0_full.jpg"	"2026-09-05T21:29:23.555753+00:00"
"[U:1:999224337]"	"https://avatars.steamstatic.com/e1dde7fe207a397634580d4755f7890ccf24ddd7_full.jpg"	"2026-09-05T21:29:23.555753+00:00"
"[U:1:208870932]"	"https://avatars.steamstatic.com/6f63d6c640848abc0629019d9fc5b63079f01992_full.jpg"	"2026-09-05T21:29:23.555753+00:00"
"[U:1:1302073823]"	"https://avatars.steamstatic.com/9c12b37ebf53dce95d6457d4466de47c7fd5193a_full.jpg"	"2026-09-05T21:29:23.555753+00:00"
"[U:1:775607450]"	"https://avatars.steamstatic.com/9aa2cdbee15ef42424cb6d54186b11cc12edee7e_full.jpg"	"2026-09-05T21:29:23.555753+00:00"
"[U:1:160630933]"	"https://avatars.steamstatic.com/4364664cd2ad0243c1413eff0fba12e455451c59_full.jpg"	"2026-09-05T21:29:23.555753+00:00"
"[U:1:999205210]"	"https://avatars.steamstatic.com/f17163485aa7411b6b5299c622ecc4197561789d_full.jpg"	"2026-09-05T21:29:23.555753+00:00"
"[U:1:149795811]"	"https://avatars.steamstatic.com/3e7fa82d331c950cc2dffca68c4e0f723849cff0_full.jpg"	"2026-09-05T21:29:23.555753+00:00"
"[U:1:83829732]"	"https://avatars.steamstatic.com/2c9d7ece2b3948efec51f789c79aaa56fe29ebc9_full.jpg"	"2026-09-05T21:29:23.555753+00:00"
"[U:1:1567309440]"	"https://avatars.steamstatic.com/7a17cad43b8ae54b46c8cd60cdb872c83f0e7c87_full.jpg"	"2026-09-05T21:29:23.555753+00:00"
"[U:1:228457023]"	"https://avatars.steamstatic.com/b8247c195e6a219e3be8aac8174df581cb19c6a0_full.jpg"	"2026-09-05T21:29:23.555753+00:00"
"[U:1:83760758]"	"https://avatars.steamstatic.com/94e6d030e3315e770e68946b6e0b8c2eba71db05_full.jpg"	"2026-09-05T21:29:23.555753+00:00"
"[U:1:49051170]"	"https://avatars.steamstatic.com/8f760d6b88a9ec0b522dff621c450eb5780e11f4_full.jpg"	"2026-09-05T21:29:23.555753+00:00"
"[U:1:842830053]"	"https://avatars.steamstatic.com/301e6a514857f2ef547b394078ef441c6daa2916_full.jpg"	"2026-09-05T21:29:23.555753+00:00"
"[U:1:95834664]"	"https://avatars.steamstatic.com/7d1163359aa79897e06a5bac718d47a5f400064a_full.jpg"	"2026-09-05T21:29:23.555753+00:00"
"[U:1:784449212]"	"https://avatars.steamstatic.com/fef49e7fa7e1997310d705b2a6158ff8dc1cdfeb_full.jpg"	"2026-09-05T21:29:23.555753+00:00"
"[U:1:120999693]"	"https://avatars.steamstatic.com/097787ab39d2a51b7b94d5bee6e46dd5d5121f74_full.jpg"	"2026-09-05T21:29:23.555753+00:00"
"[U:1:1228817526]"	"https://avatars.steamstatic.com/756a2a74158243727b225f64a4254fc609a37f06_full.jpg"	"2026-09-05T21:29:23.555753+00:00"
"[U:1:102377165]"	"https://avatars.steamstatic.com/7a0ca74b5f05e525adc1e8a2d45b6f655028baa4_full.jpg"	"2026-09-05T21:29:23.555753+00:00"
"[U:1:455457108]"	"https://avatars.steamstatic.com/2b768ffccbb568bc0530759898c45e3ec7737add_full.jpg"	"2026-09-05T21:29:23.555753+00:00"
"[U:1:85449583]"	"https://avatars.steamstatic.com/fef49e7fa7e1997310d705b2a6158ff8dc1cdfeb_full.jpg"	"2026-09-05T21:29:23.555753+00:00"
"[U:1:71461503]"	"https://avatars.steamstatic.com/1ea4f3efe814ce4768f7549e1830a0f84e81a0d0_full.jpg"	"2026-09-05T21:29:23.555753+00:00"
"[U:1:356632919]"	"https://avatars.steamstatic.com/f50aef8912c6d79d701c284317dc45b397b14ee7_full.jpg"	"2026-09-05T21:29:23.555753+00:00"
"[U:1:169096080]"	"https://avatars.steamstatic.com/d805e04f7ad36e50c98b8a0f48614a8863ebd199_full.jpg"	"2026-09-05T21:29:23.555753+00:00"
"[U:1:95833628]"	"https://avatars.steamstatic.com/18dd45ed2357e1fadaf8dbc65a8f90823a5bbd7f_full.jpg"	"2026-09-05T21:29:23.555753+00:00"
"[U:1:1569350596]"	"https://avatars.steamstatic.com/dd94b417680b8d5cd062ffa3e5c8837a4598208d_full.jpg"	"2026-09-05T21:29:23.555753+00:00"
"[U:1:854245824]"	"https://avatars.steamstatic.com/a76d6ee6475b81790db58424f2b6df874cd9054c_full.jpg"	"2026-09-05T21:29:23.555753+00:00"
"[U:1:112721266]"	"https://avatars.steamstatic.com/c87ceb1b7ac135968c4594b1c6d3c2334acd043f_full.jpg"	"2026-09-05T21:29:23.555753+00:00"
"[U:1:240100879]"	"https://avatars.steamstatic.com/484c7853e8fd5f65180714c49f37c2a4543ae1a2_full.jpg"	"2026-09-05T21:29:23.555753+00:00"
"[U:1:238992625]"	"https://avatars.steamstatic.com/28b1261b9abedcfc1f0aa821a05b73a4b7f16ce2_full.jpg"	"2026-09-05T21:29:23.555753+00:00"
"[U:1:1020413461]"	"https://avatars.steamstatic.com/0e5bcc6280b809bfbd14c51279c8cd7037a53623_full.jpg"	"2026-09-05T21:29:23.555753+00:00"
"[U:1:1215834336]"	"https://avatars.steamstatic.com/d91d22c2c4a54defeab0ab94869b8a3274c5d1bc_full.jpg"	"2026-09-05T21:29:23.555753+00:00"
"[U:1:1124151593]"	"https://avatars.steamstatic.com/88bc565664650627748453506bdeae7e7b29b900_full.jpg"	"2026-09-05T21:29:23.555753+00:00"
"[U:1:187853313]"	"https://avatars.steamstatic.com/3619616c1fc1b3f3f6d6bd08651f5c959ca24296_full.jpg"	"2026-09-05T21:29:23.555753+00:00"
"[U:1:358479478]"	"https://avatars.steamstatic.com/0ae1fec0b361a38548afb3a333f42de154e53485_full.jpg"	"2026-09-05T21:29:23.555753+00:00"
"[U:1:1744817455]"	"https://avatars.steamstatic.com/025b7e0f1ea33afdbe628a9ae695309cd9dbdcf9_full.jpg"	"2026-09-05T21:29:23.555753+00:00"
"[U:1:136481231]"	"https://avatars.steamstatic.com/2a25a28ee78b848be4776a9cd1b65decb628a339_full.jpg"	"2026-09-05T21:29:23.555753+00:00"
"[U:1:434169272]"	"https://avatars.steamstatic.com/becb884add52b42d4b9989867a77a70040d2c971_full.jpg"	"2026-09-05T21:29:23.555753+00:00"
"[U:1:96080301]"	"https://avatars.steamstatic.com/585c98a8196414471564f27452558b611e1f65f6_full.jpg"	"2026-09-05T21:29:23.555753+00:00"
"[U:1:1223102486]"	"https://avatars.steamstatic.com/3fb02dfd07c5e7b652e3acbb6ee20d1edb77ee28_full.jpg"	"2026-09-05T21:29:23.555753+00:00"
"[U:1:266479884]"	"https://avatars.steamstatic.com/1a24480f72d5b0b199caea03a1866e1eeac489f7_full.jpg"	"2026-09-05T21:29:23.555753+00:00"
"[U:1:449867810]"	"https://avatars.steamstatic.com/dbab995d33cb77320930c0273a1635e745531e9b_full.jpg"	"2026-09-05T21:29:23.555753+00:00"
"[U:1:10373670]"	"https://avatars.steamstatic.com/f01429de78687e033490df866af18b7c537eb8c9_full.jpg"	"2026-09-05T21:29:23.555753+00:00"
"[U:1:11598815]"	"https://avatars.steamstatic.com/5475a1fb0fbe0ef3026fe9c2940e69291d187c83_full.jpg"	"2026-09-05T21:29:23.555753+00:00"
"[U:1:364631206]"	"https://avatars.steamstatic.com/9b492e5f814f06fd54844bc798089a16b42b570b_full.jpg"	"2026-09-05T21:29:23.555753+00:00"
"[U:1:188585808]"	"https://avatars.steamstatic.com/ccd14f83240f57f40f0bc4a4a25d81c119c7c50a_full.jpg"	"2026-09-05T21:29:23.555753+00:00"
"[U:1:1147606964]"	"https://avatars.steamstatic.com/fef49e7fa7e1997310d705b2a6158ff8dc1cdfeb_full.jpg"	"2026-09-05T21:29:23.555753+00:00"
"[U:1:1136307868]"	"https://avatars.steamstatic.com/bf955fa1d880cfe897375318d845eac0ad7c9373_full.jpg"	"2026-09-05T21:29:23.555753+00:00"
"[U:1:965718155]"	"https://avatars.steamstatic.com/fef49e7fa7e1997310d705b2a6158ff8dc1cdfeb_full.jpg"	"2026-09-05T21:29:23.555753+00:00"
"[U:1:1885929297]"	"https://avatars.steamstatic.com/32c84b27e73a59cae9aed34288688feeca314fd5_full.jpg"	"2026-09-05T21:29:23.555753+00:00"
"[U:1:307273672]"	"https://avatars.steamstatic.com/53ad72096813f2f686fd6f3237aee5fa3b44a39e_full.jpg"	"2026-09-05T21:29:23.555753+00:00"
"[U:1:843091357]"	"https://avatars.steamstatic.com/425e06b53b5d1ba78b4f3f07f1a5f186ad9507a2_full.jpg"	"2026-09-05T21:29:23.555753+00:00"
"[U:1:1169756658]"	"https://avatars.steamstatic.com/68f46d3d4766638d559ca3e40a3763c53fe3bd6d_full.jpg"	"2026-09-05T21:29:23.555753+00:00"
"[U:1:843226107]"	"https://avatars.steamstatic.com/fef49e7fa7e1997310d705b2a6158ff8dc1cdfeb_full.jpg"	"2026-09-05T21:29:23.555753+00:00"
"[U:1:1885817807]"	"https://avatars.steamstatic.com/261fe2928fbe12f1cd76f3a11fc8d92af0d2e052_full.jpg"	"2026-09-05T21:29:23.555753+00:00"
"[U:1:59786482]"	"https://avatars.steamstatic.com/8e22b2424b2aa783b5f549a52a2925e087594ed6_full.jpg"	"2026-09-05T21:29:23.555753+00:00"
"[U:1:96473633]"	"https://avatars.steamstatic.com/9091c2296bf2875e6ef0e259f29a8a3e05c5925c_full.jpg"	"2026-09-05T21:29:23.555753+00:00"
"[U:1:838941810]"	"https://avatars.steamstatic.com/75ed6a558d6819d70dc983c6c6bd8e8688982635_full.jpg"	"2026-09-05T21:29:23.555753+00:00"
"[U:1:1032737676]"	"https://avatars.steamstatic.com/e847e2124df8718267ed56e6d44fe08d72449065_full.jpg"	"2026-09-05T21:29:23.555753+00:00"
"[U:1:1063434973]"	"https://avatars.steamstatic.com/cbc3dbaaa7d67e63a45e8af4b7b5e72aa55d3ce4_full.jpg"	"2026-09-05T21:29:23.555753+00:00"
"[U:1:307259045]"	"https://avatars.steamstatic.com/c434313e02ce72cd8dbdd665030ed8ba7708af68_full.jpg"	"2026-09-05T21:29:23.555753+00:00"
"[U:1:788153153]"	"https://avatars.steamstatic.com/fef49e7fa7e1997310d705b2a6158ff8dc1cdfeb_full.jpg"	"2026-09-05T21:29:23.555753+00:00"
"[U:1:838821414]"	"https://avatars.steamstatic.com/50ebdd2ba47ac1f2d203a8d3a031c1abf91697ce_full.jpg"	"2026-09-05T21:29:23.555753+00:00"
"[U:1:129592886]"	"https://avatars.steamstatic.com/1d8b96d8c3fce349ccfddee123834ee1849764bc_full.jpg"	"2026-09-05T21:29:23.555753+00:00"
"[U:1:96662331]"	"https://avatars.steamstatic.com/0abbc4a8897c263ab110583dc8e568e9bd9e5199_full.jpg"	"2026-09-05T21:29:23.555753+00:00"
"[U:1:49789357]"	"https://avatars.steamstatic.com/912bc2fa96f6abdd77544bc3e29a66815e3b0770_full.jpg"	"2026-09-05T21:29:23.555753+00:00"
"[U:1:150003474]"	"https://avatars.steamstatic.com/d1fa85db80087f1d418481ce1fabac693fba2691_full.jpg"	"2026-09-05T21:29:23.555753+00:00"
"[U:1:967876300]"	"https://avatars.steamstatic.com/c499bdbd5b1ab1d0d04a1a4c7a01eab522863679_full.jpg"	"2026-09-05T21:29:23.555753+00:00"
"[U:1:781467457]"	"https://avatars.steamstatic.com/e328d097ab11bcc1d0e6f0f4cceb3522cca5e438_full.jpg"	"2026-09-05T21:29:23.555753+00:00"
"[U:1:1732350014]"	"https://avatars.steamstatic.com/26572a15e5b4cb60afd85047fc67ee53208c05ee_full.jpg"	"2026-09-05T21:29:23.555753+00:00"
"[U:1:1694146818]"	"https://avatars.steamstatic.com/7d8a1e997ec7888a45596f8b53f1f3cd3f6ac836_full.jpg"	"2026-09-05T21:29:23.555753+00:00"
"[U:1:96547566]"	"https://avatars.steamstatic.com/fca1534b5807140e0da7ad02473db4387df63f7a_full.jpg"	"2026-09-05T21:29:23.555753+00:00"
"[U:1:732233482]"	"https://avatars.steamstatic.com/fef49e7fa7e1997310d705b2a6158ff8dc1cdfeb_full.jpg"	"2026-09-05T21:29:23.555753+00:00"
"[U:1:312061790]"	"https://avatars.steamstatic.com/6c498eafca1b37725161ccfbabbbab4466779b86_full.jpg"	"2026-09-05T21:29:23.555753+00:00"
"[U:1:966824491]"	"https://avatars.steamstatic.com/6cfe70394247dabfe8b9a0e4be9d723fa82c0962_full.jpg"	"2026-09-05T21:29:23.555753+00:00"
"[U:1:161263130]"	"https://avatars.steamstatic.com/ed5704d6295363cb86959dcdc71da7bb43d744b7_full.jpg"	"2026-09-05T21:29:23.555753+00:00"
"[U:1:1797383763]"	"https://avatars.steamstatic.com/eb0d119e23604eb86f707b88e29d55dc1d309b7d_full.jpg"	"2026-09-05T21:29:23.555753+00:00"
"[U:1:1276787179]"	"https://avatars.steamstatic.com/4abfb30e64b59b1082ea9eed13b7acbe1279bf5c_full.jpg"	"2026-09-05T21:29:23.555753+00:00"
"[U:1:1137185081]"	"https://avatars.steamstatic.com/22193a2013798561fde39663edb6ac4e1e721ac9_full.jpg"	"2026-09-05T21:29:23.555753+00:00"
"[U:1:111861511]"	"https://avatars.steamstatic.com/e9185e7617496c0208fb8266d6bba2a49b0280c6_full.jpg"	"2026-09-05T21:29:23.555753+00:00"
"[U:1:77628199]"	"https://avatars.steamstatic.com/924e5d6d356d8b79768ed537420ed0a181e09b0f_full.jpg"	"2026-09-05T21:29:23.555753+00:00"
"[U:1:228582414]"	"https://avatars.steamstatic.com/22b356aeba6951516561b55c99e1ab81473253a4_full.jpg"	"2026-09-05T21:29:23.555753+00:00"
"[U:1:1423569071]"	"https://avatars.steamstatic.com/68d08710a3e2f471b9ae2b2dd7873b50fffcad46_full.jpg"	"2026-09-05T21:29:23.555753+00:00"
"[U:1:72462982]"	"https://avatars.steamstatic.com/5911cec117faa287e20404af7c82b9aae64009aa_full.jpg"	"2026-09-05T21:29:23.555753+00:00"
"[U:1:160777124]"	"https://avatars.steamstatic.com/a55abc29e4cb95ecc21c513119d9c3fd2de6dc1c_full.jpg"	"2026-09-05T21:29:23.555753+00:00"
"[U:1:78127119]"	"https://avatars.steamstatic.com/3fcd4999c1a4cb463a7f68a0ed4ab8c0716327c0_full.jpg"	"2026-09-05T21:29:23.555753+00:00"
"[U:1:1111543912]"	"https://avatars.steamstatic.com/b4de87fd2301bea69907aca0cba801960aa94df3_full.jpg"	"2026-09-05T21:29:23.555753+00:00"
"[U:1:1615202873]"	"https://avatars.steamstatic.com/ee31458eb5ab882d0d606383bb55650387209f87_full.jpg"	"2026-09-05T21:29:23.555753+00:00"
"[U:1:302300435]"	"https://avatars.steamstatic.com/94c093edd836c7b49a535643cd53ce7dd36b1f64_full.jpg"	"2026-09-05T21:29:23.555753+00:00"
"[U:1:96095139]"	"https://avatars.steamstatic.com/e2a3deb94c5d253ea44552cfc0ab2c471172efcb_full.jpg"	"2026-09-05T21:29:23.555753+00:00"
"[U:1:847300536]"	"https://avatars.steamstatic.com/0f7c6c9b7192f086ef32432eaeebffb75f405fbd_full.jpg"	"2026-09-05T21:29:23.555753+00:00"
"[U:1:103671082]"	"https://avatars.steamstatic.com/e923d5c93d1026046284110198616fded68b3767_full.jpg"	"2026-09-05T21:29:23.555753+00:00"
"[U:1:127711637]"	"https://avatars.steamstatic.com/d0269e7704bdff0174d583f2f4cae89abedb6f36_full.jpg"	"2026-09-05T21:29:23.555753+00:00"
"[U:1:1607826271]"	"https://avatars.steamstatic.com/fb0e88250028e1dbbd3cfc9c602ee2eb9ca18af5_full.jpg"	"2026-09-05T21:29:23.555753+00:00"
"[U:1:114993448]"	"https://avatars.steamstatic.com/821960b07382b3757dd6740aabf2ef4054ad7a5f_full.jpg"	"2026-09-05T21:29:23.555753+00:00"
"[U:1:16940631]"	"https://avatars.steamstatic.com/58a11aeaa171d8f542eee66c4292ceefa80125a8_full.jpg"	"2026-09-05T21:29:23.555753+00:00"
"[U:1:1211044769]"	"https://avatars.steamstatic.com/f4bdc4a335cf8ced622358791fa2eae0c473e3a7_full.jpg"	"2026-09-05T21:29:23.555753+00:00"
"[U:1:1620069307]"	"https://avatars.steamstatic.com/e2f689fb60da362a45fa8648e2f3ab55ff0fc5c5_full.jpg"	"2026-09-05T21:29:23.555753+00:00"
"[U:1:838723630]"	"https://avatars.steamstatic.com/9aa12717fb537fae4c76bfbc585a9b44141903c6_full.jpg"	"2026-09-05T21:29:23.555753+00:00"
"[U:1:432128924]"	"https://avatars.steamstatic.com/cc27a63c427ccd997c71071740a2941d6d3e01ed_full.jpg"	"2026-09-05T21:29:23.555753+00:00"
"[U:1:1060017017]"	"https://avatars.steamstatic.com/87de17269f6564d668fe99962eebfa91a12d8fcc_full.jpg"	"2026-09-05T21:29:23.555753+00:00"
"[U:1:118223543]"	"https://avatars.steamstatic.com/caa32742c47d7d16b42e33bf95dc96e760a5be1d_full.jpg"	"2026-09-05T21:29:23.555753+00:00"
"[U:1:358489032]"	"https://avatars.steamstatic.com/e35d84597671dffa66b52f7631bd5e0914c69d03_full.jpg"	"2026-09-05T21:29:23.555753+00:00"
"[U:1:103003904]"	"https://avatars.steamstatic.com/d1a94402b2cd414513d504dd370c75f608d148d6_full.jpg"	"2026-09-05T21:29:23.555753+00:00"
"[U:1:96086965]"	"https://avatars.steamstatic.com/2855c2bbb2dddc324d11600d1e44854a7ab555e6_full.jpg"	"2026-09-05T21:29:23.555753+00:00"
"[U:1:1147566062]"	"https://avatars.steamstatic.com/a92260a10daeb85ab4cae3f10bcab1f6c7b36173_full.jpg"	"2026-09-05T21:29:23.555753+00:00"
"[U:1:1064275858]"	"https://avatars.steamstatic.com/0c981bc7da11a71c15abbf5370d056b996a7a34b_full.jpg"	"2026-09-05T21:29:23.555753+00:00"
"[U:1:1130984506]"	"https://avatars.steamstatic.com/dc2f14294618361bde81d20e23c0d2804c538b7d_full.jpg"	"2026-09-05T21:29:23.555753+00:00"
"[U:1:204553885]"	"https://avatars.steamstatic.com/ee767b6f8ae7f428c5492787ac1cf8eb666bee18_full.jpg"	"2026-09-05T21:29:23.555753+00:00"
"[U:1:169269010]"	"https://avatars.steamstatic.com/e3aa674f420b8e3113dd694814b99b1c10a7057e_full.jpg"	"2026-09-05T21:29:23.555753+00:00"
"[U:1:312099042]"	"https://avatars.steamstatic.com/228023333870c424e72911c7b036bf51dc07c02d_full.jpg"	"2026-09-05T21:29:23.555753+00:00"
"[U:1:1230663158]"	"https://avatars.steamstatic.com/0f0077567aec2d87772f5903d72ed6261ab28881_full.jpg"	"2026-09-05T21:29:23.555753+00:00"
"[U:1:131958457]"	"https://avatars.steamstatic.com/0b58483b0013b395464a05cdf4bd7c76c403e354_full.jpg"	"2026-09-05T21:29:23.555753+00:00"
"[U:1:96157745]"	"https://avatars.steamstatic.com/83bbad219796139a1225e470e85866329b114f1a_full.jpg"	"2026-09-05T21:29:23.555753+00:00"
"[U:1:122891508]"	"https://avatars.steamstatic.com/9edff035a3a0a52ac86a5a59b005b3f66f7efdd7_full.jpg"	"2026-09-05T21:29:23.555753+00:00"
"[U:1:842927945]"	"https://avatars.steamstatic.com/ae80485b666f178fdd69eb374d8fd0b5cf3abc0d_full.jpg"	"2026-09-05T21:29:23.555753+00:00"
"[U:1:1086032635]"	"https://avatars.steamstatic.com/fef49e7fa7e1997310d705b2a6158ff8dc1cdfeb_full.jpg"	"2026-09-05T21:29:23.555753+00:00"
"[U:1:151680494]"	"https://avatars.steamstatic.com/4afaf25d91d1a5b3667c76d1558ec587d338d48d_full.jpg"	"2026-09-05T21:29:23.555753+00:00"
"[U:1:177287953]"	"https://avatars.steamstatic.com/3756b28fea28f37e49c383c41ccf0fb859544992_full.jpg"	"2026-09-05T21:29:23.555753+00:00"
"[U:1:307380148]"	"https://avatars.steamstatic.com/f2b0edf54d98bb560824d70d5c52bab506f539d0_full.jpg"	"2026-09-05T21:29:23.555753+00:00"
"[U:1:490977644]"	"https://avatars.steamstatic.com/2d585d954f9bf5081c3ee4af19b8a7536449c414_full.jpg"	"2026-09-05T21:29:23.555753+00:00"
"[U:1:311882921]"	"https://avatars.steamstatic.com/5299718a8312416dd7622c275d584e0b6bf11484_full.jpg"	"2026-09-05T21:29:23.555753+00:00"
"[U:1:6196482]"	"https://avatars.steamstatic.com/25dabafdc5693b7cf12d1a6cbab9d73b01cf3f19_full.jpg"	"2026-09-05T21:29:23.555753+00:00"
"[U:1:1277340092]"	"https://avatars.steamstatic.com/3bd60279e30256aaf1dda295971a8b3a87b8553d_full.jpg"	"2026-09-05T21:29:23.555753+00:00"
"[U:1:115609047]"	"https://avatars.steamstatic.com/446dcde3850a587e331bf005fe914719845313ac_full.jpg"	"2026-09-05T21:29:23.555753+00:00"
"[U:1:238821135]"	"https://avatars.steamstatic.com/25a646c5473adea5f5d450704b60e87960c044a6_full.jpg"	"2026-09-05T21:29:23.555753+00:00"
"[U:1:446491829]"	"https://avatars.steamstatic.com/958ae6a5adb38fe1daa7c7778e6e58fe5e27df7f_full.jpg"	"2026-09-05T21:29:23.555753+00:00"
"[U:1:96892644]"	"https://avatars.steamstatic.com/53b4d51eab502c23b63e5a6386143d3a74bbcb63_full.jpg"	"2026-09-05T21:29:23.555753+00:00"
"[U:1:1635137854]"	"https://avatars.steamstatic.com/4f4c99d04496a830ae03b3dd0a214be34db0e2b2_full.jpg"	"2026-09-05T21:29:23.555753+00:00"
"[U:1:1140397712]"	"https://avatars.steamstatic.com/a225dead682aef58897cac43148d9801a73bfe43_full.jpg"	"2026-09-05T21:29:23.555753+00:00"
"[U:1:386765365]"	"https://avatars.steamstatic.com/f9379e277da162a3d4ecf04fe59768c81f1f7d8b_full.jpg"	"2026-09-05T21:29:23.555753+00:00"
"[U:1:1192992879]"	"https://avatars.steamstatic.com/fbd65c1a885413cfbac8927e4439c01cd1e76dfd_full.jpg"	"2026-09-05T21:29:23.555753+00:00"
"[U:1:179766740]"	"https://avatars.steamstatic.com/cde80f50ba4fa74abbd3f7b2b44354ef8e3b1685_full.jpg"	"2026-09-05T21:29:23.555753+00:00"
"[U:1:88273529]"	"https://avatars.steamstatic.com/e8ef2b11eee5e2b7b13c3a82cbbbb5e4efdb454a_full.jpg"	"2026-09-05T21:29:23.555753+00:00"
"[U:1:752585511]"	"https://avatars.steamstatic.com/3968104f2133d94d57773bdd874be2e5efa71160_full.jpg"	"2026-09-05T21:29:23.555753+00:00"
"[U:1:30237775]"	"https://avatars.steamstatic.com/57947d25b01689390b4c488b1295f35d0bc3fed4_full.jpg"	"2026-09-05T21:29:23.555753+00:00"
"[U:1:191209753]"	"https://avatars.steamstatic.com/a7ac0c6ac98dc87fa42c700e7f638973521efd55_full.jpg"	"2026-09-05T21:29:23.555753+00:00"
"[U:1:803111783]"	"https://avatars.steamstatic.com/cb23d5a8baf5f9f9a89c22755c34b8546628e287_full.jpg"	"2026-09-05T21:29:23.555753+00:00"
"[U:1:52551305]"	"https://avatars.steamstatic.com/67641f7182e6f802477e0a6d82be53965477db2e_full.jpg"	"2026-09-05T21:29:23.555753+00:00"
"[U:1:36385965]"	"https://avatars.steamstatic.com/a047c1dbd310130577489bda9a5c0d975e724a65_full.jpg"	"2026-09-05T21:29:23.555753+00:00"
"[U:1:185471856]"	"https://avatars.steamstatic.com/50f623aefaa88daedbf9675a47453455111bbbcb_full.jpg"	"2026-09-05T21:29:23.555753+00:00"
"[U:1:241553544]"	"https://avatars.steamstatic.com/8a3eb2c17133e47c9fbcd2147fb2890080357bdd_full.jpg"	"2026-09-05T21:29:23.555753+00:00"
"[U:1:66375379]"	"https://avatars.steamstatic.com/ad68a140244a4c0f85d210c48180c92d302bc17c_full.jpg"	"2026-09-05T21:29:23.555753+00:00"
"[U:1:884252061]"	"https://avatars.steamstatic.com/d8c0d503371c35df6640ae251d8e33c63452be16_full.jpg"	"2026-09-05T21:29:23.555753+00:00"
"[U:1:386403376]"	"https://avatars.steamstatic.com/b7066fb6ff81e0241bea7620e0bda9e06b669c13_full.jpg"	"2026-09-05T21:29:23.555753+00:00"
"[U:1:1636177714]"	"https://avatars.steamstatic.com/fe357a7c538ef894ecb376c16744634b990807f6_full.jpg"	"2026-09-05T21:29:23.555753+00:00"
"[U:1:1493184269]"	"https://avatars.steamstatic.com/843bff3a0cd97fab4f06f9de1d451c742c6d8f8b_full.jpg"	"2026-09-05T21:29:23.555753+00:00"
"[U:1:185369293]"	"https://avatars.steamstatic.com/87caffcbdad22f2f2d1623e90e082124242fe3d8_full.jpg"	"2026-09-05T21:29:23.555753+00:00"
"[U:1:191278226]"	"https://avatars.steamstatic.com/61ab70962972708287fbe01bbf30a073e02557fb_full.jpg"	"2026-09-05T21:29:23.555753+00:00"
"[U:1:245651716]"	"https://avatars.steamstatic.com/8339afc9e4fdb6a2f8aaf44d8b95941804f76858_full.jpg"	"2026-09-05T21:29:23.555753+00:00"
"[U:1:1077375418]"	"https://avatars.steamstatic.com/b478059259ed4ebbc94a13568930bcb754a47cf4_full.jpg"	"2026-09-05T21:29:23.555753+00:00"
"[U:1:800874695]"	"https://avatars.steamstatic.com/6db2ac365ae4ee52c350ac4e9a34fdbf013c64ce_full.jpg"	"2026-09-05T21:29:23.555753+00:00"
"[U:1:1038239232]"	"https://avatars.steamstatic.com/fef49e7fa7e1997310d705b2a6158ff8dc1cdfeb_full.jpg"	"2026-09-05T21:29:23.555753+00:00"
"[U:1:49757128]"	"https://avatars.steamstatic.com/65c4fe63f1db0896527904fb9823a25f2610bea3_full.jpg"	"2026-09-05T21:29:23.555753+00:00"
"[U:1:386966986]"	"https://avatars.steamstatic.com/cb80798659f746c3773fcdc5bd04d2823d755c93_full.jpg"	"2026-09-05T21:29:23.555753+00:00"
"[U:1:80303537]"	"https://avatars.steamstatic.com/1b47450a9cab194066fea85050e155b932b5275e_full.jpg"	"2026-09-05T21:29:23.555753+00:00"
"[U:1:218066303]"	"https://avatars.steamstatic.com/b7eda1b643c6d9a418009d2a637bcd66229ae36d_full.jpg"	"2026-09-05T21:29:23.555753+00:00"
"[U:1:325043089]"	"https://avatars.steamstatic.com/d473fddc38f6d7914b2ca7bef51a91ce49db8afd_full.jpg"	"2026-09-05T21:29:23.555753+00:00"
"[U:1:325239526]"	"https://avatars.steamstatic.com/f853adb1289f97cbd363c28276bad8cfff6c696a_full.jpg"	"2026-09-05T21:29:23.555753+00:00"
"[U:1:35197187]"	"https://avatars.steamstatic.com/0f68c253d6255aad418c67105006c7966dfd81ad_full.jpg"	"2026-09-05T21:29:23.555753+00:00"
"[U:1:1530966296]"	"https://avatars.steamstatic.com/0e6d1fd1264fa3fef414858e503dba4d2713db10_full.jpg"	"2026-09-05T21:29:23.555753+00:00"
"[U:1:96813338]"	"https://avatars.steamstatic.com/79964d409fc99f54a08bddc62564d3476c49a13c_full.jpg"	"2026-09-05T21:29:23.555753+00:00"
"[U:1:884868747]"	"https://avatars.steamstatic.com/33f55e79bf2280489b068922a0b5738470f25ab8_full.jpg"	"2026-09-05T21:29:23.555753+00:00"
"[U:1:752384536]"	"https://avatars.steamstatic.com/fef49e7fa7e1997310d705b2a6158ff8dc1cdfeb_full.jpg"	"2026-09-05T21:29:23.555753+00:00"
"[U:1:31017940]"	"https://avatars.steamstatic.com/3604ac34b47c87e187d151f22aa17e107253ce34_full.jpg"	"2026-09-05T21:29:23.555753+00:00"
"[U:1:1633656565]"	"https://avatars.steamstatic.com/393cd62c04130afc616d0d588df80e0ae91b573a_full.jpg"	"2026-09-05T21:29:23.555753+00:00"
"[U:1:117454305]"	"https://avatars.steamstatic.com/ae238d3ce19d5b22990cfd27776b73c9342f3645_full.jpg"	"2026-09-05T21:29:23.555753+00:00"
"[U:1:1854014836]"	"https://avatars.steamstatic.com/7fa8686c979c05e00ebd91756c1f038aa3d24c6f_full.jpg"	"2026-09-05T21:29:23.555753+00:00"
"[U:1:75225134]"	"https://avatars.steamstatic.com/0abe713631df8f12fda07313af70656ef8f73e33_full.jpg"	"2026-09-05T21:29:23.555753+00:00"
"[U:1:119375554]"	"https://avatars.steamstatic.com/aa0ca8a38f01afd5ae6f1b0d9364a255076c91d0_full.jpg"	"2026-09-05T21:29:23.555753+00:00"
"[U:1:1854117123]"	"https://avatars.steamstatic.com/a9f98f35cf31ef37f2fd1bd5d64c72d1c6ac25ed_full.jpg"	"2026-09-05T21:29:23.555753+00:00"
"[U:1:1170234614]"	"https://avatars.steamstatic.com/246db9ab04cce0135f1c21d85c46b8a8ada53abe_full.jpg"	"2026-09-05T21:29:23.555753+00:00"
"[U:1:1047904238]"	"https://avatars.steamstatic.com/3fe566e272aba75875a78b0339182e2e82aa173c_full.jpg"	"2026-09-05T21:29:23.555753+00:00"
"[U:1:107297751]"	"https://avatars.steamstatic.com/af4eec11f459a162ff577ed7111709fc745448f1_full.jpg"	"2026-09-05T21:29:23.555753+00:00"
"[U:1:753029972]"	"https://avatars.steamstatic.com/9ed36beb5d09f2eafba210f988322cf050f1eb08_full.jpg"	"2026-09-05T21:29:23.555753+00:00"
"[U:1:38824360]"	"https://avatars.steamstatic.com/653449da155863ba241258376f97fbecab0dc45c_full.jpg"	"2026-09-05T21:29:23.555753+00:00"
"[U:1:1520535895]"	"https://avatars.steamstatic.com/664c5828b231d3791df96b81e9d8e5e913e8dc85_full.jpg"	"2026-09-05T21:29:23.555753+00:00"
"[U:1:132044209]"	"https://avatars.steamstatic.com/f14359c57840b98fb9433900573558a5b7d3bb7c_full.jpg"	"2026-09-05T21:29:23.555753+00:00"
"[U:1:169497387]"	"https://avatars.steamstatic.com/d76b15d9ca58a4d9d046e76f1c0d121833e9dd40_full.jpg"	"2026-09-05T21:29:23.555753+00:00"
"[U:1:1340870117]"	"https://avatars.steamstatic.com/12d014a2708080689010e9537b57d13b2c8c38b5_full.jpg"	"2026-09-05T21:29:23.555753+00:00"
"[U:1:324555554]"	"https://avatars.steamstatic.com/c6b3154f2292632245d384520d32e085e718ecdf_full.jpg"	"2026-09-05T21:29:23.555753+00:00"
"[U:1:1011630988]"	"https://avatars.steamstatic.com/eb9add7ab32c3d07693dd833c4b3c1672e6a497f_full.jpg"	"2026-09-05T21:29:23.555753+00:00"
"[U:1:1073390271]"	"https://avatars.steamstatic.com/7361d30927d638342222353a4d3e73f86274dbfe_full.jpg"	"2026-09-05T21:29:23.555753+00:00"
"[U:1:801059500]"	"https://avatars.steamstatic.com/1502f96efa6c4d308a49a4d3b95cac04245295ce_full.jpg"	"2026-09-05T21:29:23.555753+00:00"
"[U:1:884167791]"	"https://avatars.steamstatic.com/2e1f9185435d45131dd7f3a028bf891437a1d25b_full.jpg"	"2026-09-05T21:29:23.555753+00:00"
"[U:1:753306126]"	"https://avatars.steamstatic.com/913d6d3147995df70a2e567350f329f0ecfa3f27_full.jpg"	"2026-09-05T21:29:23.555753+00:00"
"[U:1:204718371]"	"https://avatars.steamstatic.com/f934502fee91af891dda00eeecb978ad22c9aedc_full.jpg"	"2026-09-05T21:29:23.555753+00:00"
"[U:1:7767316]"	"https://avatars.steamstatic.com/5906857ffb8b384e570d9ffe6ca83b6b13e19dc7_full.jpg"	"2026-09-05T21:29:23.555753+00:00"
"[U:1:66367562]"	"https://avatars.steamstatic.com/cee79cf87671ccf80541fdaa99e4d48dcca7827e_full.jpg"	"2026-09-05T21:29:23.555753+00:00"
"[U:1:1248413747]"	"https://avatars.steamstatic.com/85740755c361d0be1a6680a972936b2b2d11f650_full.jpg"	"2026-09-05T21:29:23.555753+00:00"
"[U:1:49750839]"	"https://avatars.steamstatic.com/eba657fd841a189375278eeb5d2434f6a177ea30_full.jpg"	"2026-09-05T21:29:23.555753+00:00"
"[U:1:154090380]"	"https://avatars.steamstatic.com/c61756ac909ba9e93a3f3b07af606994f0a3d28a_full.jpg"	"2026-09-05T21:29:23.555753+00:00"
"[U:1:1127199927]"	"https://avatars.steamstatic.com/131b9c738d832783f6b9b11c4e330e8ce5d357b2_full.jpg"	"2026-09-05T21:29:23.555753+00:00"
"[U:1:351694498]"	"https://avatars.steamstatic.com/5152744148842300104773c57c65bd69a145489f_full.jpg"	"2026-09-05T21:29:23.555753+00:00"
"[U:1:1587361675]"	"https://avatars.steamstatic.com/c0370d2db5e08222868fe96eefbc3c25e23a2763_full.jpg"	"2026-09-05T21:29:23.555753+00:00"
"[U:1:1248568599]"	"https://avatars.steamstatic.com/cb96c65d96688fe8c9269af28c46032ac8263f16_full.jpg"	"2026-09-05T21:29:23.555753+00:00"
"[U:1:174243591]"	"https://avatars.steamstatic.com/c18aa834919635fc1490e1ede87bcf616a6a41b3_full.jpg"	"2026-09-05T21:29:23.555753+00:00"
"[U:1:26572671]"	"https://avatars.steamstatic.com/9c26e2311016064c4e183610eaebca10e6c0acf1_full.jpg"	"2026-09-05T21:29:23.555753+00:00"
"[U:1:886183945]"	"https://avatars.steamstatic.com/e8401014ef85550b2e7cb705ddb5da7413821215_full.jpg"	"2026-09-05T21:29:23.555753+00:00"
"[U:1:1619125250]"	"https://avatars.steamstatic.com/4ed539891128fecfac68d70639256fde36ce0b96_full.jpg"	"2026-09-05T21:29:23.555753+00:00"
"[U:1:324060341]"	"https://avatars.steamstatic.com/6d6049da2cb233848d2d5a68ca87562eebfd8ce7_full.jpg"	"2026-09-05T21:29:23.555753+00:00"
"[U:1:389000939]"	"https://avatars.steamstatic.com/1ba4cbf33924a2324d10fbe4ae2d31c56813b2cd_full.jpg"	"2026-09-05T21:29:23.555753+00:00"
"[U:1:28376917]"	"https://avatars.steamstatic.com/980c5e29559f3a0431c6fe45cc50656206ffbc14_full.jpg"	"2026-09-05T21:29:23.555753+00:00"
"[U:1:35707312]"	"https://avatars.steamstatic.com/6cbade59d928a192e864f8d8b5a7a0f2479813b7_full.jpg"	"2026-09-05T21:29:23.555753+00:00"
"[U:1:1287886332]"	"https://avatars.steamstatic.com/cdc8af52a2a5ddc3110b13de1160d62b6bfcbd0f_full.jpg"	"2026-09-05T21:29:23.555753+00:00"
"[U:1:1632613082]"	"https://avatars.steamstatic.com/0e5e037d86a74e6adfc8a867721bc5d05d946374_full.jpg"	"2026-09-05T21:29:23.555753+00:00"
"[U:1:1118732988]"	"https://avatars.steamstatic.com/38d43dcf3119e005373139676b0ce9d75b3fc023_full.jpg"	"2026-09-05T21:29:23.555753+00:00"
"[U:1:111377969]"	"https://avatars.steamstatic.com/1d52b1f7cd635ac8c6471a8774ee5d7d9b5008bc_full.jpg"	"2026-09-05T21:29:23.555753+00:00"
"[U:1:1054739107]"	"https://avatars.steamstatic.com/994a419b3df2cacbbd11ab623e16eaf9af19f827_full.jpg"	"2026-09-05T21:29:23.555753+00:00"
"[U:1:1248567949]"	"https://avatars.steamstatic.com/d59817211e8c80b5999af16ac1c3473ea6258a82_full.jpg"	"2026-09-05T21:29:23.555753+00:00"
"[U:1:282305724]"	"https://avatars.steamstatic.com/7022ce04a9b72a8919cab4ca59229d5c80352e2b_full.jpg"	"2026-09-05T21:29:23.555753+00:00"
"[U:1:451563523]"	"https://avatars.steamstatic.com/4290f7c16da72a80387c7d44a72125a00ef2803e_full.jpg"	"2026-09-05T21:29:23.555753+00:00"
"[U:1:145263945]"	"https://avatars.steamstatic.com/c74874813df58c6a9abbe0a6f08348f63b9ae870_full.jpg"	"2026-09-05T21:29:23.555753+00:00"
"[U:1:1174447957]"	"https://avatars.steamstatic.com/0a75a4126d036b304b57fae756afd64095e5d65c_full.jpg"	"2026-09-05T21:29:23.555753+00:00"
"[U:1:884480574]"	"https://avatars.steamstatic.com/e9e46834a0fdbe81027d32e40542b5b646e27c63_full.jpg"	"2026-09-05T21:29:23.555753+00:00"
"[U:1:885500320]"	"https://avatars.steamstatic.com/e43e55ca3fd750eef116e3378dc2d9bb3623bd98_full.jpg"	"2026-09-05T21:29:23.555753+00:00"
"[U:1:1914227753]"	"https://avatars.steamstatic.com/253f1b11155bb8394d5496f06e1f23ed1a0bbd19_full.jpg"	"2026-09-05T21:29:23.555753+00:00"
"[U:1:1055135909]"	"https://avatars.steamstatic.com/b4964a02f97b80d4ac824fe4ced6fbea2ff1565c_full.jpg"	"2026-09-05T21:29:23.555753+00:00"
"[U:1:968661078]"	"https://avatars.steamstatic.com/5a018d8636572aa0eeeb86cc4c9970a2a26e8f3d_full.jpg"	"2026-09-05T21:29:23.555753+00:00"
"[U:1:88482374]"	"https://avatars.steamstatic.com/0b5287e07da888e8d02dcf534399dc9675698e5d_full.jpg"	"2026-09-05T21:29:23.555753+00:00"
"[U:1:1056583442]"	"https://avatars.steamstatic.com/7391e82a0ea238b9e80cbe0525039305f893258b_full.jpg"	"2026-09-05T21:29:23.555753+00:00"
"[U:1:446430969]"	"https://avatars.steamstatic.com/63af3ea5c3820e66910c8909bcca2633bc3e523c_full.jpg"	"2026-09-05T21:29:23.555753+00:00"
"[U:1:1635200760]"	"https://avatars.steamstatic.com/fef49e7fa7e1997310d705b2a6158ff8dc1cdfeb_full.jpg"	"2026-09-05T21:29:23.555753+00:00"
"[U:1:66096425]"	"https://avatars.steamstatic.com/194ccac071cf62949c4495f8a72deb0da9d67747_full.jpg"	"2026-09-05T21:29:23.555753+00:00"
"[U:1:1298977959]"	"https://avatars.steamstatic.com/455008747c628cc1bc41b5ef0add4635af8f4b0a_full.jpg"	"2026-09-05T21:29:23.555753+00:00"
"[U:1:119300956]"	"https://avatars.steamstatic.com/c718b0c234a3f5ff5fc8f0b99c3f64f0de4ccefe_full.jpg"	"2026-09-05T21:29:23.555753+00:00"
"[U:1:172532963]"	"https://avatars.steamstatic.com/09821fce66f2331953aaebacd97fb4c7602e25c9_full.jpg"	"2026-09-05T21:29:23.555753+00:00"
"[U:1:1248626257]"	"https://avatars.steamstatic.com/3b7052d16b3508451b0a46c8720bf622017c5ff0_full.jpg"	"2026-09-05T21:29:23.555753+00:00"
"[U:1:390429236]"	"https://avatars.steamstatic.com/42345bd283759e032b947942293e55d9be133ef5_full.jpg"	"2026-09-05T21:29:23.555753+00:00"
"[U:1:32622316]"	"https://avatars.steamstatic.com/2158a68090be7b64dcb7fe7d6e2c63a7a7808c23_full.jpg"	"2026-09-05T21:29:23.555753+00:00"
"[U:1:1268599460]"	"https://avatars.steamstatic.com/99db00bd494a1703ef7d81af47292ab7a62d49c2_full.jpg"	"2026-09-05T21:29:23.555753+00:00"
"[U:1:39095983]"	"https://avatars.steamstatic.com/6db2ac365ae4ee52c350ac4e9a34fdbf013c64ce_full.jpg"	"2026-09-05T21:29:23.555753+00:00"
"[U:1:1192555251]"	"https://avatars.steamstatic.com/04899f2c02ebf4269bb982fd7fdbc15942e56993_full.jpg"	"2026-09-05T21:29:23.555753+00:00"
"[U:1:1532221808]"	"https://avatars.steamstatic.com/474238debcd32eb2db21125b2cb0a327d89a0294_full.jpg"	"2026-09-05T21:29:23.555753+00:00"
"[U:1:1267950053]"	"https://avatars.steamstatic.com/baf96e3b0fd94d6c30f01140de98a83770cd95be_full.jpg"	"2026-09-05T21:29:23.555753+00:00"
"[U:1:185496079]"	"https://avatars.steamstatic.com/a56f38f81c0599ccc7a78a92383c40327d7e6abb_full.jpg"	"2026-09-05T21:29:23.555753+00:00"
"[U:1:1706450686]"	"https://avatars.steamstatic.com/8a78a24d3ae3031caf2695bc4dede2d6eb7af7cf_full.jpg"	"2026-09-05T21:29:23.555753+00:00"
"[U:1:191542392]"	"https://avatars.steamstatic.com/e7dc3556c3e561b7ab0c2c4ae31b927bd38e6a68_full.jpg"	"2026-09-05T21:29:23.555753+00:00"
"[U:1:325881644]"	"https://avatars.steamstatic.com/f6c4dfe9bd4bb6d617ab9db23ca5aa6ea8412157_full.jpg"	"2026-09-05T21:29:23.555753+00:00"
"[U:1:1618850612]"	"https://avatars.steamstatic.com/6e8ad2867ef637f2650eb90ae41b20b52859af98_full.jpg"	"2026-09-05T21:29:23.555753+00:00"
"[U:1:32620006]"	"https://avatars.steamstatic.com/a395d68fd1a44c546c4afad079f8cd7fefe47934_full.jpg"	"2026-09-05T21:29:23.555753+00:00"
"[U:1:38564790]"	"https://avatars.steamstatic.com/d31a7d1444cf6845a74638cbea78398ed23933f6_full.jpg"	"2026-09-05T21:29:23.555753+00:00"
"[U:1:32604711]"	"https://avatars.steamstatic.com/99094f7e3326953fd854b62ffcbe73f0ee83bfd2_full.jpg"	"2026-09-05T21:29:23.555753+00:00"
"[U:1:386040698]"	"https://avatars.steamstatic.com/c9180f93ac892fa7d078f5946239d049e987e3b6_full.jpg"	"2026-09-05T21:29:23.555753+00:00"
"[U:1:1554890717]"	"https://avatars.steamstatic.com/166d758dbfda69fe47089be2c343415fdebc7e54_full.jpg"	"2026-09-05T21:29:23.555753+00:00"
"[U:1:132055864]"	"https://avatars.steamstatic.com/8e83c06cc2b8b42fa2bc107edb5004664c061d24_full.jpg"	"2026-09-05T21:29:23.555753+00:00"
"[U:1:325522908]"	"https://avatars.steamstatic.com/be24ed3687005e97eafbae55a80797e796197fc2_full.jpg"	"2026-09-05T21:29:23.555753+00:00"
"[U:1:1287963148]"	"https://avatars.steamstatic.com/1c52b805f6200e2b2c265988531d5fbd8e3ebd7d_full.jpg"	"2026-09-05T21:29:23.555753+00:00"
"[U:1:172534634]"	"https://avatars.steamstatic.com/2a7ae531e4a1fe5f9e4e82033f027e31c90e50da_full.jpg"	"2026-09-05T21:29:23.555753+00:00"
"[U:1:144931097]"	"https://avatars.steamstatic.com/3951ea04894c6e7a3e22870dacaeeda75003d352_full.jpg"	"2026-09-05T21:29:23.555753+00:00"
"[U:1:1268034979]"	"https://avatars.steamstatic.com/8c1f869d0315f5210444ff9e4647f1ed538c6a84_full.jpg"	"2026-09-05T21:29:23.555753+00:00"
"[U:1:88091192]"	"https://avatars.steamstatic.com/c303ae0c2a09b2cd87805ab518f3a4df21da021d_full.jpg"	"2026-09-05T21:29:23.555753+00:00"
"[U:1:158572622]"	"https://avatars.steamstatic.com/50153d4e8e8bbc4f0da5fbcfa9596b96798ae4f4_full.jpg"	"2026-09-05T21:29:23.555753+00:00"
"[U:1:149345452]"	"https://avatars.steamstatic.com/72bf2e984918216cac84f025b0d5f105bbd08b89_full.jpg"	"2026-09-05T21:29:23.555753+00:00"
"[U:1:169554686]"	"https://avatars.steamstatic.com/eb3efbc9215246df22e91662948cb2b9050f73e9_full.jpg"	"2026-09-05T21:29:23.555753+00:00"
"[U:1:879943971]"	"https://avatars.steamstatic.com/d2a86ee538bec6359b429fbb0f9dd96a2d94bc2c_full.jpg"	"2026-09-05T21:29:23.555753+00:00"
"[U:1:776915805]"	"https://avatars.steamstatic.com/0d385d784bd88b310fc673884294da337b9b0836_full.jpg"	"2026-09-05T21:29:23.555753+00:00"
"[U:1:1399738822]"	"https://avatars.steamstatic.com/c2fe292ba31ce13f0d3679702a53910b5cf37ea3_full.jpg"	"2026-09-05T21:29:23.555753+00:00"
"[U:1:246251432]"	"https://avatars.steamstatic.com/332aacfa8c467c22368f9527a13646d9d4f656c8_full.jpg"	"2026-09-05T21:29:23.555753+00:00"
"[U:1:66675348]"	"https://avatars.steamstatic.com/be5c670aff09527093c19c6c9065256fdafaabd7_full.jpg"	"2026-09-05T21:29:23.555753+00:00"
"[U:1:1631544976]"	"https://avatars.steamstatic.com/8679a638ae1f8c4fb4003166da3b2acdd667cc3f_full.jpg"	"2026-09-05T21:29:23.555753+00:00"
"[U:1:461946742]"	"https://avatars.steamstatic.com/8c0b125d96d8f4de8b51e06042bbe76b382eb29f_full.jpg"	"2026-09-05T21:29:23.555753+00:00"
"[U:1:325905217]"	"https://avatars.steamstatic.com/5229545cc3d0e7e1622214b4154c3d420f0e9a8b_full.jpg"	"2026-09-05T21:29:23.555753+00:00"
"[U:1:66609996]"	"https://avatars.steamstatic.com/792a934165d1faef4c8e461ea72ca5fe13bd90c8_full.jpg"	"2026-09-05T21:29:23.555753+00:00"
"[U:1:969530867]"	"https://avatars.steamstatic.com/58131f3eb7443a50c245ebc318bcda7d554bfa5b_full.jpg"	"2026-09-05T21:29:23.555753+00:00"
"[U:1:78737110]"	"https://avatars.steamstatic.com/bde3c22c2ab8118d052013a1cf4f1ca4f1aefab9_full.jpg"	"2026-09-05T21:29:23.555753+00:00"
"[U:1:1267385022]"	"https://avatars.steamstatic.com/18fdbbc6d104eac389202ce6859e5a13d55a2841_full.jpg"	"2026-09-05T21:29:23.555753+00:00"
"[U:1:1911148499]"	"https://avatars.steamstatic.com/0c39a2279edbe13f82537b1768383d98461c6836_full.jpg"	"2026-09-05T21:29:23.555753+00:00"
"[U:1:215138195]"	"https://avatars.steamstatic.com/4823f3b4d19196a4774511d14d4009c71c2f285e_full.jpg"	"2026-09-05T21:29:23.555753+00:00"
"[U:1:115395408]"	"https://avatars.steamstatic.com/1fad9810d35069072911ac1ec57253738452b896_full.jpg"	"2026-09-05T21:29:23.555753+00:00"
"[U:1:1287219443]"	"https://avatars.steamstatic.com/a92260a10daeb85ab4cae3f10bcab1f6c7b36173_full.jpg"	"2026-09-05T21:29:23.555753+00:00"
"[U:1:1781709770]"	"https://avatars.steamstatic.com/05db0317f5158a456fdb09df4cca3babd74d6457_full.jpg"	"2026-09-05T21:29:23.555753+00:00"
"[U:1:28185006]"	"https://avatars.steamstatic.com/6633e90bd47241d842819b4040286106b2b25478_full.jpg"	"2026-09-05T21:29:23.555753+00:00"
"[U:1:52879936]"	"https://avatars.steamstatic.com/1cf90d56a81bbf81098f119e87d4c6505794bdb2_full.jpg"	"2026-09-05T21:29:23.555753+00:00"
"[U:1:1075549480]"	"https://avatars.steamstatic.com/0a35943d436d13953b954f10b9199bb1282150a8_full.jpg"	"2026-09-05T21:29:23.555753+00:00"
"[U:1:1312010918]"	"https://avatars.steamstatic.com/56c6128508d17d8b5ea79a66d14ac799b4a585cb_full.jpg"	"2026-09-05T21:29:23.555753+00:00"
"[U:1:66681205]"	"https://avatars.steamstatic.com/44ffe8816944cf4ae7ac0fdbe8f44be75f1546a6_full.jpg"	"2026-09-05T21:29:23.555753+00:00"
"[U:1:163869688]"	"https://avatars.steamstatic.com/a24c476d115e0bdd5fd9d77980739bd66763c67d_full.jpg"	"2026-09-05T21:29:23.555753+00:00"
"[U:1:886499610]"	"https://avatars.steamstatic.com/49c7dc0024021307d7279c50588c0268d464aadf_full.jpg"	"2026-09-05T21:29:23.555753+00:00"
"[U:1:1006736367]"	"https://avatars.steamstatic.com/e7fd64bdcfa508cebb2ac115dff841b64afcd78b_full.jpg"	"2026-09-05T21:29:23.555753+00:00"
"[U:1:136597188]"	"https://avatars.steamstatic.com/570dadbb59231d6fdcb4ac8242702f6bb1ce5c97_full.jpg"	"2026-09-05T21:29:23.555753+00:00"
"[U:1:391979160]"	"https://avatars.steamstatic.com/6297bf4c11fbd1d52761a3c1007555fb6f79a348_full.jpg"	"2026-09-05T21:29:23.555753+00:00"
"[U:1:1053130043]"	"https://avatars.steamstatic.com/fe639f5fbb94c58dcd7d2ab782121be7b3e5b1f4_full.jpg"	"2026-09-05T21:29:23.555753+00:00"
"[U:1:325617312]"	"https://avatars.steamstatic.com/350eacfbe36825a481fcae43857777f2fdbfc472_full.jpg"	"2026-09-05T21:29:23.555753+00:00"
"[U:1:799619198]"	"https://avatars.steamstatic.com/d67c360ba466de0b27bc502bb338ef9d7d8a6f90_full.jpg"	"2026-09-05T21:29:23.555753+00:00"
"[U:1:163668974]"	"https://avatars.steamstatic.com/d8260930bcb1834558b463966adc6a965fec8914_full.jpg"	"2026-09-05T21:29:23.555753+00:00"
"[U:1:326473944]"	"https://avatars.steamstatic.com/2ff383e76e3d98ee3a5cfcb95e20167799e8313f_full.jpg"	"2026-09-05T21:29:23.555753+00:00"
"[U:1:390622733]"	"https://avatars.steamstatic.com/c2d3b24b0cb7fb816eca77f26c26ed8414ae90a3_full.jpg"	"2026-09-05T21:29:23.555753+00:00"
"[U:1:886870068]"	"https://avatars.steamstatic.com/d63297d41df831932b2e99e7f029994cbc19dc87_full.jpg"	"2026-09-05T21:29:23.555753+00:00"
"[U:1:106618086]"	"https://avatars.steamstatic.com/55e8b6a8f30ce7fe99c2b1ecb55e87a3e21f0947_full.jpg"	"2026-09-05T21:29:23.555753+00:00"
"[U:1:799802713]"	"https://avatars.steamstatic.com/e353102df327551105d544b7d14b24232e0b77e0_full.jpg"	"2026-09-05T21:29:23.555753+00:00"
"[U:1:754639129]"	"https://avatars.steamstatic.com/73ffbae66db0e0f0b41654193971207f5b17a9e2_full.jpg"	"2026-09-05T21:29:23.555753+00:00"
"[U:1:326082468]"	"https://avatars.steamstatic.com/52410faa12ec3c8d508890ba860a70c2d174fb1f_full.jpg"	"2026-09-05T21:29:23.555753+00:00"
"[U:1:32585016]"	"https://avatars.steamstatic.com/382e052b8e42b31d59f4ee1415a43bf809ad0bd7_full.jpg"	"2026-09-05T21:29:23.555753+00:00"
"[U:1:265295624]"	"https://avatars.steamstatic.com/efc5cbbd771e3ec8f0cf06e994c23fda32f6b9c2_full.jpg"	"2026-09-05T21:29:23.555753+00:00"
"[U:1:800446428]"	"https://avatars.steamstatic.com/9cc5c77d13af4362f4442f6e826456a55432bff8_full.jpg"	"2026-09-05T21:29:23.555753+00:00"
"[U:1:385646023]"	"https://avatars.steamstatic.com/a92260a10daeb85ab4cae3f10bcab1f6c7b36173_full.jpg"	"2026-09-05T21:29:23.555753+00:00"
"[U:1:158799314]"	"https://avatars.steamstatic.com/784fe1dabeb31bc4e429424d4f25ec3dcdb2590f_full.jpg"	"2026-09-05T21:29:23.555753+00:00"
"[U:1:886614725]"	"https://avatars.steamstatic.com/4f4098db75bd7fec494464f41e3868aaf485032b_full.jpg"	"2026-09-05T21:29:23.555753+00:00"
"[U:1:139982650]"	"https://avatars.steamstatic.com/9bf797eb046fe6aea04d4a75e65cee18534bc5ee_full.jpg"	"2026-09-05T21:29:23.555753+00:00"
"[U:1:2126497]"	"https://avatars.steamstatic.com/cc2ad38f2142fc953432bf5462a37a91ad4a8b0c_full.jpg"	"2026-09-05T21:29:23.555753+00:00"
"[U:1:1507909318]"	"https://avatars.steamstatic.com/182655828f1fbcf72a632a44ba0cb231ec665daf_full.jpg"	"2026-09-05T21:29:23.555753+00:00"
"[U:1:1050509125]"	"https://avatars.steamstatic.com/dd544b78f2dce813e554a4b680fb13aa22c8056a_full.jpg"	"2026-09-05T21:29:23.555753+00:00"
"[U:1:1167995625]"	"https://avatars.steamstatic.com/cd076d964664849aa79f9e73c9cc65965a185342_full.jpg"	"2026-09-05T21:29:23.555753+00:00"
"[U:1:110697463]"	"https://avatars.steamstatic.com/3af144a46803e0d93851b1e0cb74226998afb346_full.jpg"	"2026-09-05T21:29:23.555753+00:00"
"[U:1:1586082440]"	"https://avatars.steamstatic.com/7d491037de629e04bfb1b73aa66e81b154c2b494_full.jpg"	"2026-09-05T21:29:23.555753+00:00"
"[U:1:1268155354]"	"https://avatars.steamstatic.com/beff044aa3b243a3b466bf6d3308bfb0bf21908a_full.jpg"	"2026-09-05T21:29:23.555753+00:00"
"[U:1:88145541]"	"https://avatars.steamstatic.com/5bcfbd9af21fbc394de40ecfcd1ded001fc8d5e5_full.jpg"	"2026-09-05T21:29:23.555753+00:00"
"[U:1:1915511339]"	"https://avatars.steamstatic.com/fef49e7fa7e1997310d705b2a6158ff8dc1cdfeb_full.jpg"	"2026-09-05T21:29:23.555753+00:00"
"[U:1:1063546266]"	"https://avatars.steamstatic.com/97c0527e74795a3b6a56dd958f6c87e04fdbfd1d_full.jpg"	"2026-09-05T21:29:23.555753+00:00"
"[U:1:140388562]"	"https://avatars.steamstatic.com/91d0ac705c6148d636a6361cf2a6be65499da830_full.jpg"	"2026-09-05T21:29:23.555753+00:00"
"[U:1:1291156813]"	"https://avatars.steamstatic.com/7ae2b7205c0288c3eaac2dae59cf818f3e144f63_full.jpg"	"2026-09-05T21:29:23.555753+00:00"
"[U:1:14933053]"	"https://avatars.steamstatic.com/11e462ab6128f2121617015296f4131a33558cba_full.jpg"	"2026-09-05T21:29:23.555753+00:00"
"[U:1:799994978]"	"https://avatars.steamstatic.com/e30405510c39cc0a20cb63ecb1ff2e7c9d763a8e_full.jpg"	"2026-09-05T21:29:23.555753+00:00"
"[U:1:284913076]"	"https://avatars.steamstatic.com/a0d96003a162718477dd55f8fa216dab6c74c13e_full.jpg"	"2026-09-05T21:29:23.555753+00:00"
"[U:1:110709763]"	"https://avatars.steamstatic.com/c2e3e3d90a44ba33c8a43caf2f34f2f5f42a1024_full.jpg"	"2026-09-05T21:29:23.555753+00:00"
"[U:1:88076007]"	"https://avatars.steamstatic.com/c8c8695b07d359d7cb7ddfe828902b5c0b55a7b9_full.jpg"	"2026-09-05T21:29:23.555753+00:00"
"[U:1:1114365571]"	"https://avatars.steamstatic.com/d0efa2e6ef4870d6fb62aee1db9e352ac0f8ef4b_full.jpg"	"2026-09-05T21:29:23.555753+00:00"
"[U:1:245015868]"	"https://avatars.steamstatic.com/694158df4d415913ed5fb96ff6eca5f984aebbe6_full.jpg"	"2026-09-05T21:29:23.555753+00:00"
"[U:1:205140363]"	"https://avatars.steamstatic.com/04b5e57e7d9a297d738e60a0f9a374d0f5aad31d_full.jpg"	"2026-09-05T21:29:23.555753+00:00"
"[U:1:881137391]"	"https://avatars.steamstatic.com/24b37bcf2d618cdbdda2629cb8bd109590a22677_full.jpg"	"2026-09-05T21:29:23.555753+00:00"
"[U:1:120698031]"	"https://avatars.steamstatic.com/7b73463b65dc471ff1cfc6eb3a17fdf74327301d_full.jpg"	"2026-09-05T21:29:23.555753+00:00"
"[U:1:1193933566]"	"https://avatars.steamstatic.com/7ffc06ae8b1259198f46b3330f32d4cb6decec86_full.jpg"	"2026-09-05T21:29:23.555753+00:00"
"[U:1:839038460]"	"https://avatars.steamstatic.com/3e484ff3c942d6142348d966213ea28908ee4ccd_full.jpg"	"2026-09-05T21:29:23.555753+00:00"
"[U:1:210996351]"	"https://avatars.steamstatic.com/6956e9cce6d5cc63873d3649d1e4f33927468378_full.jpg"	"2026-09-05T21:29:23.555753+00:00"
"[U:1:284890682]"	"https://avatars.steamstatic.com/0ac4198f08ae2419ab9f28bb24eebecb8712569a_full.jpg"	"2026-09-05T21:29:23.555753+00:00"
"[U:1:1909983181]"	"https://avatars.steamstatic.com/6b6f5facf5b4e828985f4ce7a7ebaf3b80bd8dad_full.jpg"	"2026-09-05T21:29:23.555753+00:00"
"[U:1:1005483042]"	"https://avatars.steamstatic.com/ade7fe71a10d878cb37de3f77af0ac3cb44f4bd1_full.jpg"	"2026-09-05T21:29:23.555753+00:00"
"[U:1:1225887348]"	"https://avatars.steamstatic.com/646cb3a7e8a2d2ed519415385ea8f35c0b938111_full.jpg"	"2026-09-05T21:29:23.555753+00:00"
"[U:1:205256877]"	"https://avatars.steamstatic.com/fc4e9e66eb4b73b008e5c55db70dd453eefc00d9_full.jpg"	"2026-09-05T21:29:23.555753+00:00"
"[U:1:1269085126]"	"https://avatars.steamstatic.com/7d8731d02c96ed68deb7afc3a2c4284e8adf3be0_full.jpg"	"2026-09-05T21:29:23.555753+00:00"
"[U:1:436712626]"	"https://avatars.steamstatic.com/01d78b2b4a283f9cdbc6958a2e3bd361e16ae215_full.jpg"	"2026-09-05T21:29:23.555753+00:00"
"[U:1:750782326]"	"https://avatars.steamstatic.com/ec48cb48218a84e568a9b995a412e4532a640c81_full.jpg"	"2026-09-05T21:29:23.555753+00:00"
"[U:1:1217915399]"	"https://avatars.steamstatic.com/282b140b7a1bc5de7290dda1cb8916bff0086af1_full.jpg"	"2026-09-05T21:29:23.555753+00:00"
"[U:1:878859162]"	"https://avatars.steamstatic.com/24055f6f5403795248866928f578a1ca9f53761e_full.jpg"	"2026-09-05T21:29:23.555753+00:00"
"[U:1:383458932]"	"https://avatars.steamstatic.com/5ecc54c70289c75e865d116239e18c365b7bc2ef_full.jpg"	"2026-09-05T21:29:23.555753+00:00"
"[U:1:20946194]"	"https://avatars.steamstatic.com/dd50cba1e4f4baddd20282d7cb7e924c7bacdd9a_full.jpg"	"2026-09-05T21:29:23.555753+00:00"
"[U:1:969751532]"	"https://avatars.steamstatic.com/e29c9e89506a9d0c319bee9c71d0516d86126761_full.jpg"	"2026-09-05T21:29:23.555753+00:00"
"[U:1:1110688200]"	"https://avatars.steamstatic.com/0df04df646c7f0430c467517e5e642a00896359b_full.jpg"	"2026-09-05T21:29:23.555753+00:00"
"[U:1:311734189]"	"https://avatars.steamstatic.com/01f267b6304e779c1f2727dc6a9826161030f7e3_full.jpg"	"2026-09-05T21:29:23.555753+00:00"
"[U:1:1003833024]"	"https://avatars.steamstatic.com/e3806581b692f5010d0ea9876ef8fa3f0160e253_full.jpg"	"2026-09-05T21:29:23.555753+00:00"
"[U:1:1141112310]"	"https://avatars.steamstatic.com/0227a240393e6d62f539ee7b306dd048b0830eeb_full.jpg"	"2026-09-05T21:29:23.555753+00:00"
"[U:1:384732362]"	"https://avatars.steamstatic.com/ad9b29f9064cb3f26ccb70efe5a705d08dd133b9_full.jpg"	"2026-09-05T21:29:23.555753+00:00"
"[U:1:970378179]"	"https://avatars.steamstatic.com/de9486536692fb40f6a02456934ff7bd42dab718_full.jpg"	"2026-09-05T21:29:23.555753+00:00"
"[U:1:100970152]"	"https://avatars.steamstatic.com/5076cb4b31180b9fb9b6520693e7906f4c89b8ba_full.jpg"	"2026-09-05T21:29:23.555753+00:00"
"[U:1:322412826]"	"https://avatars.steamstatic.com/d8a0dd684703c91eaeb184733bd133aff0813f8a_full.jpg"	"2026-09-05T21:29:23.555753+00:00"
"[U:1:393358364]"	"https://avatars.steamstatic.com/d068d26e7fcf8812f7a4bd3afd2cee4a2eb95598_full.jpg"	"2026-09-05T21:29:23.555753+00:00"
"[U:1:1278551213]"	"https://avatars.steamstatic.com/113ee64a6fb2eb7f388c90f399ff911b308fa411_full.jpg"	"2026-09-05T21:29:23.555753+00:00"
"[U:1:1139904088]"	"https://avatars.steamstatic.com/1454c7d29372359bf8b4b3f42b4158b837f41c9c_full.jpg"	"2026-09-05T21:29:23.555753+00:00"
"[U:1:1132065922]"	"https://avatars.steamstatic.com/b2992d0e7c790040fff90a5d66173ef804e0322a_full.jpg"	"2026-09-05T21:29:23.555753+00:00"
"[U:1:58821616]"	"https://avatars.steamstatic.com/4342f92acc13b15f16c634416078d915c36c60d0_full.jpg"	"2026-09-05T21:29:23.555753+00:00"
"[U:1:879039414]"	"https://avatars.steamstatic.com/4d3caaa2faaabdc1a3323c5d9273f5078d53fd76_full.jpg"	"2026-09-05T21:29:23.555753+00:00"
"[U:1:392832255]"	"https://avatars.steamstatic.com/9c87db7012ef002a02e07eb675363135d39e64dc_full.jpg"	"2026-09-05T21:29:23.555753+00:00"
"[U:1:1312522307]"	"https://avatars.steamstatic.com/61ab70962972708287fbe01bbf30a073e02557fb_full.jpg"	"2026-09-05T21:29:23.555753+00:00"
"[U:1:1175199175]"	"https://avatars.steamstatic.com/928e4641484f1b17a6227d1e07e09a68ee391041_full.jpg"	"2026-09-05T21:29:23.555753+00:00"
"[U:1:322003786]"	"https://avatars.steamstatic.com/d084a4d9715e0a5bb391bf437f14ce2494478009_full.jpg"	"2026-09-05T21:29:23.555753+00:00"
"[U:1:80589520]"	"https://avatars.steamstatic.com/49ca46bd1f3a0c7846a1ec9f192e0624951a58e0_full.jpg"	"2026-09-05T21:29:23.555753+00:00"
"[U:1:1192315383]"	"https://avatars.steamstatic.com/cce1d39cc849f2368e5de06d57ceaccca02651d4_full.jpg"	"2026-09-05T21:29:23.555753+00:00"
"[U:1:755667751]"	"https://avatars.steamstatic.com/f249da9390246755b770fca1eefa2ce84611a1af_full.jpg"	"2026-09-05T21:29:23.555753+00:00"
"[U:1:449953632]"	"https://avatars.steamstatic.com/ec7a6c46ab9c60a958129ee2bf735fef0db99a21_full.jpg"	"2026-09-05T21:29:23.555753+00:00"
"[U:1:1141228046]"	"https://avatars.steamstatic.com/935d485ec18a45bfe26fbb50dfe6e00c67994658_full.jpg"	"2026-09-05T21:29:23.555753+00:00"
"[U:1:229401017]"	"https://avatars.steamstatic.com/807d2b5c6cfb86db2f4112dda10343083ac2f0fa_full.jpg"	"2026-09-05T21:29:23.555753+00:00"
"[U:1:8062516]"	"https://avatars.steamstatic.com/ded7859c2b67ca855a894723e39910dff76ff6c1_full.jpg"	"2026-09-05T21:29:23.555753+00:00"
"[U:1:1266997613]"	"https://avatars.steamstatic.com/644d0f5780f93287243e8b0ac88924532fdb68b8_full.jpg"	"2026-09-05T21:29:23.555753+00:00"
"[U:1:969951003]"	"https://avatars.steamstatic.com/bc63260e3b5b44dee3e0cb094a7fcc6b4a083fdc_full.jpg"	"2026-09-05T21:29:23.555753+00:00"
"[U:1:878320834]"	"https://avatars.steamstatic.com/a28c526b865e0f99d794f127767dcbbe37d9f651_full.jpg"	"2026-09-05T21:29:23.555753+00:00"
"[U:1:122485734]"	"https://avatars.steamstatic.com/74e8465fe67b67e27cda209c324f1efdbfd47d51_full.jpg"	"2026-09-05T21:29:23.555753+00:00"
"[U:1:23382816]"	"https://avatars.steamstatic.com/f21c7c99772c639d33e362e37ffa7b8fd4ceecae_full.jpg"	"2026-09-05T21:29:23.555753+00:00"
"[U:1:39283604]"	"https://avatars.steamstatic.com/0e449d55f5646cf05c3feb57c9fec30039295b7b_full.jpg"	"2026-09-05T21:29:23.555753+00:00"
"[U:1:322285586]"	"https://avatars.steamstatic.com/cfa61c110433ad7e320c8242a2f86e7c6359bbb4_full.jpg"	"2026-09-05T21:29:23.555753+00:00"
"[U:1:1053145216]"	"https://avatars.steamstatic.com/364daef3e1461391b5dc085544d86f584e424668_full.jpg"	"2026-09-05T21:29:23.555753+00:00"
"[U:1:87911234]"	"https://avatars.steamstatic.com/cbda8a836c5f1b151147e974edf1c08c0a98d0da_full.jpg"	"2026-09-05T21:29:23.555753+00:00"
"[U:1:1125070711]"	"https://avatars.steamstatic.com/7653786d067f8be5d3d4cb669d4fe52726788a3c_full.jpg"	"2026-09-05T21:29:23.555753+00:00"
"[U:1:1852987352]"	"https://avatars.steamstatic.com/45d89547553b11e5cb4ade7d8a95a5806383dd96_full.jpg"	"2026-09-05T21:29:23.555753+00:00"
"[U:1:889945867]"	"https://avatars.steamstatic.com/b04630c1a3b6ad43923ae256b08f6e8344a0e0cc_full.jpg"	"2026-09-05T21:29:23.555753+00:00"
"[U:1:392189014]"	"https://avatars.steamstatic.com/62cbb1b79572e3f1149efc9662513f80d1b2f682_full.jpg"	"2026-09-05T21:29:23.555753+00:00"
"[U:1:483898215]"	"https://avatars.steamstatic.com/86f1ce8e69f9fa21c359774f902242934a8dfed8_full.jpg"	"2026-09-05T21:29:23.555753+00:00"
"[U:1:888949075]"	"https://avatars.steamstatic.com/e4240ff15f79278ea919e75df8499e34dfda33df_full.jpg"	"2026-09-05T21:29:23.555753+00:00"
"[U:1:384662122]"	"https://avatars.steamstatic.com/dcbda75ba6be0eb354b741b26f3c07d8e4c82be0_full.jpg"	"2026-09-05T21:29:23.555753+00:00"
"[U:1:1140943857]"	"https://avatars.steamstatic.com/7a76c14caab19047f20157059615176e6f528d3d_full.jpg"	"2026-09-05T21:29:23.555753+00:00"
"[U:1:839096436]"	"https://avatars.steamstatic.com/3754cfa33f16c4084e160aa644b5b971738be6a0_full.jpg"	"2026-09-05T21:29:23.555753+00:00"
"[U:1:1609080061]"	"https://avatars.steamstatic.com/608e8b4eba936298226f034ca745e3169d245a7e_full.jpg"	"2026-09-05T21:29:23.555753+00:00"
"[U:1:891355962]"	"https://avatars.steamstatic.com/7e6c71d57f75cae49b0c2bb6fd6f1e8be207a881_full.jpg"	"2026-09-05T21:29:23.555753+00:00"
"[U:1:121011947]"	"https://avatars.steamstatic.com/0874f5c49c6008a307473f9708b0a64ddfe3d0e4_full.jpg"	"2026-09-05T21:29:23.555753+00:00"
"[U:1:1161128270]"	"https://avatars.steamstatic.com/05adbe916b1a802a951688bd337ed75820bf2aa3_full.jpg"	"2026-09-05T21:29:23.555753+00:00"
"[U:1:1266869003]"	"https://avatars.steamstatic.com/2c4ccec8f9d0233e6b4976a5bdf5995ce2cdda89_full.jpg"	"2026-09-05T21:29:23.555753+00:00"
"[U:1:994751182]"	"https://avatars.steamstatic.com/229b73321b63419be981686e1b4b7f63017e3763_full.jpg"	"2026-09-05T21:29:23.555753+00:00"
"[U:1:327595076]"	"https://avatars.steamstatic.com/b6321c77b2ef04740d7219f406459d704c5b9eb4_full.jpg"	"2026-09-05T21:29:23.555753+00:00"
"[U:1:846907600]"	"https://avatars.steamstatic.com/4625ace2f2fa70ae90380eaf2e151832b4526980_full.jpg"	"2026-09-05T21:29:23.555753+00:00"
"[U:1:241510351]"	"https://avatars.steamstatic.com/7d57d13e959edc8c11aebff6ac218148f932b331_full.jpg"	"2026-09-05T21:29:23.555753+00:00"
"[U:1:1053167992]"	"https://avatars.steamstatic.com/061e322b31878ec0a5ccd2a4591d6ed6f24e98d8_full.jpg"	"2026-09-05T21:29:23.555753+00:00"
"[U:1:478434427]"	"https://avatars.steamstatic.com/3d3e5d774e070a065679393516a26fd1b64dd784_full.jpg"	"2026-09-05T21:29:23.555753+00:00"
"[U:1:161295806]"	"https://avatars.steamstatic.com/648aa5c9c7447fda72b28832242ce1996734315f_full.jpg"	"2026-09-05T21:29:23.555753+00:00"
"[U:1:5310726]"	"https://avatars.steamstatic.com/af19a86b0f2a1ba76fe9d013f86679e12bc4f19c_full.jpg"	"2026-09-05T21:29:23.555753+00:00"
"[U:1:799114536]"	"https://avatars.steamstatic.com/fbec6ba6e69f2717f1945674be7a71cd6f16c002_full.jpg"	"2026-09-05T21:29:23.555753+00:00"
"[U:1:1141361723]"	"https://avatars.steamstatic.com/de4f7906b06a0be975d9b64066b5691cebd77cb5_full.jpg"	"2026-09-05T21:29:23.555753+00:00"
"[U:1:1235023315]"	"https://avatars.steamstatic.com/ee08cd55e2e86b36369b3581574426789abf3967_full.jpg"	"2026-09-05T21:29:23.555753+00:00"
"[U:1:1194706433]"	"https://avatars.steamstatic.com/b06db26b73c9c9a540c025a1289e3190b4118fba_full.jpg"	"2026-09-05T21:29:23.555753+00:00"
"[U:1:878246522]"	"https://avatars.steamstatic.com/e92aedbc9a954d436d3a9c4f1f7e7cd8df6b778c_full.jpg"	"2026-09-05T21:29:23.555753+00:00"
"[U:1:1113316959]"	"https://avatars.steamstatic.com/e063ade1333e80dab68b4caa6d189549316cbec8_full.jpg"	"2026-09-05T21:29:23.555753+00:00"
"[U:1:52096561]"	"https://avatars.steamstatic.com/61e4808e3b18cb4c8662b518d409363e94cbb009_full.jpg"	"2026-09-05T21:29:23.555753+00:00"
"[U:1:185267902]"	"https://avatars.steamstatic.com/7ecaa4eedf5b3705fcbb79dcba8835a86a67e973_full.jpg"	"2026-09-05T21:29:23.555753+00:00"
"[U:1:72207481]"	"https://avatars.steamstatic.com/88ef508300c7f149f01651395398caa5f0ea77c6_full.jpg"	"2026-09-05T21:29:23.555753+00:00"
"[U:1:65526228]"	"https://avatars.steamstatic.com/b2edbc430cffa963966ebafc9e7844414a9c51c1_full.jpg"	"2026-09-05T21:29:23.555753+00:00"
"[U:1:171261081]"	"https://avatars.steamstatic.com/fc0000c9083385e8501e2b722c4ac0a80e0f3eee_full.jpg"	"2026-09-05T21:29:23.555753+00:00"
"[U:1:159004734]"	"https://avatars.steamstatic.com/e6c4fbdfb866b688179e3e88526e6fa318e3a973_full.jpg"	"2026-09-05T21:29:23.555753+00:00"
"[U:1:1075579860]"	"https://avatars.steamstatic.com/1a59e60acd7e89d10a43e03b61508c99cbdd3bfd_full.jpg"	"2026-09-05T21:29:23.555753+00:00"
"[U:1:38432498]"	"https://avatars.steamstatic.com/ef422fa34c8e1e8db8ca74b2cab753d2b58fb9d6_full.jpg"	"2026-09-05T21:29:23.555753+00:00"
"[U:1:384458684]"	"https://avatars.steamstatic.com/0c39a2279edbe13f82537b1768383d98461c6836_full.jpg"	"2026-09-05T21:29:23.555753+00:00"
"[U:1:67034233]"	"https://avatars.steamstatic.com/fef49e7fa7e1997310d705b2a6158ff8dc1cdfeb_full.jpg"	"2026-09-05T21:29:23.555753+00:00"
"[U:1:140570593]"	"https://avatars.steamstatic.com/683ea9c48a7ae3f5149d50a2ecd45412841a14ab_full.jpg"	"2026-09-05T21:29:23.555753+00:00"
"[U:1:890047820]"	"https://avatars.steamstatic.com/dbebbc7fe386356afd3e988dc1e6b47c24053cdc_full.jpg"	"2026-09-05T21:29:23.555753+00:00"
"[U:1:1916783350]"	"https://avatars.steamstatic.com/7344a507cbeab939451d29292e3cb706ace6fdb6_full.jpg"	"2026-09-05T21:29:23.555753+00:00"
"[U:1:321677640]"	"https://avatars.steamstatic.com/e6288cc547e4573ac05a788d463d98bfd77a6113_full.jpg"	"2026-09-05T21:29:23.555753+00:00"
"[U:1:1585385813]"	"https://avatars.steamstatic.com/69dd99d211afa597e133bc35eb56051d1ee1c078_full.jpg"	"2026-09-05T21:29:23.555753+00:00"
"[U:1:384486384]"	"https://avatars.steamstatic.com/f3b61ecb263d6f85dc31451998a648a52495d7f0_full.jpg"	"2026-09-05T21:29:23.555753+00:00"
"[U:1:1141040974]"	"https://avatars.steamstatic.com/a1c35837ce52a5876e713c6bba9f182c97ac2402_full.jpg"	"2026-09-05T21:29:23.555753+00:00"
"[U:1:392823284]"	"https://avatars.steamstatic.com/cf2675f538611cd8ef0c6ae34e97ad27359a9c04_full.jpg"	"2026-09-05T21:29:23.555753+00:00"
"[U:1:1014425235]"	"https://avatars.steamstatic.com/8217aa7660b1c3a65ac5ca1a057fe3569ea31ace_full.jpg"	"2026-09-05T21:29:23.555753+00:00"
"[U:1:1048028055]"	"https://avatars.steamstatic.com/39e1362a28ae8c7a42e9e9d998dc335b734f3a4a_full.jpg"	"2026-09-05T21:29:23.555753+00:00"
"[U:1:113050283]"	"https://avatars.steamstatic.com/195fe861f1381aea8be06ba02638a29d449136c8_full.jpg"	"2026-09-05T21:29:23.555753+00:00"
"[U:1:246862]"	"https://avatars.steamstatic.com/d670b05d74e9fdfc3617d12119a9087d3d3ff082_full.jpg"	"2026-09-05T21:29:23.555753+00:00"
"[U:1:285552588]"	"https://avatars.steamstatic.com/61950b7d2f71d8967a802d7c8984cb34aa564d2a_full.jpg"	"2026-09-05T21:29:23.555753+00:00"
"[U:1:890405489]"	"https://avatars.steamstatic.com/d0bb111aa06961a0b7970954c8e4ddd4cc05d465_full.jpg"	"2026-09-05T21:29:23.555753+00:00"
"[U:1:133796922]"	"https://avatars.steamstatic.com/623e805754e08ce32b9cdf3860987ac2fca74a5f_full.jpg"	"2026-09-05T21:29:23.555753+00:00"
"[U:1:65596712]"	"https://avatars.steamstatic.com/e1e44b3fa0093457b72667f66608393efc04fa3c_full.jpg"	"2026-09-05T21:29:23.555753+00:00"
"[U:1:264896968]"	"https://avatars.steamstatic.com/227aec4a9a2b550ef890cdae97ab3c02d0359ac4_full.jpg"	"2026-09-05T21:29:23.555753+00:00"
"[U:1:894008690]"	"https://avatars.steamstatic.com/d927b1085a36a34dd4abc24a1a47326ce16c4c41_full.jpg"	"2026-09-05T21:29:23.555753+00:00"
"[U:1:181677809]"	"https://avatars.steamstatic.com/5c02d0d2b5015c838d17823186efa8e12eef5b67_full.jpg"	"2026-09-05T21:29:23.555753+00:00"
"[U:1:38264672]"	"https://avatars.steamstatic.com/528a21598c989a48376916250263daa194f24214_full.jpg"	"2026-09-05T21:29:23.555753+00:00"
"[U:1:971315312]"	"https://avatars.steamstatic.com/7f3d0b268166dbda90b24ba5dedbfe01d2b90764_full.jpg"	"2026-09-05T21:29:23.555753+00:00"
"[U:1:995321632]"	"https://avatars.steamstatic.com/e52ecd7c9b89e48cee3db575718fc65a509f99e6_full.jpg"	"2026-09-05T21:29:23.555753+00:00"
"[U:1:1064201720]"	"https://avatars.steamstatic.com/b400dcea9e2d5d754bc15a9b35a40db06a33eb53_full.jpg"	"2026-09-05T21:29:23.555753+00:00"
"[U:1:437162315]"	"https://avatars.steamstatic.com/2158a68090be7b64dcb7fe7d6e2c63a7a7808c23_full.jpg"	"2026-09-05T21:29:23.555753+00:00"
"[U:1:1645464350]"	"https://avatars.steamstatic.com/9130744dcfd7cc3f3fc4cfff50145aff87355b11_full.jpg"	"2026-09-05T21:29:23.555753+00:00"
"[U:1:756777078]"	"https://avatars.steamstatic.com/8671ae1e8e3d32e8948b0033a76bd5da4cf4a3df_full.jpg"	"2026-09-05T21:29:23.555753+00:00"
"[U:1:132768711]"	"https://avatars.steamstatic.com/90291dcc741e5d94e6078ea93d3c9a4ecc8e49b3_full.jpg"	"2026-09-05T21:29:23.555753+00:00"
"[U:1:234131701]"	"https://avatars.steamstatic.com/0e735979970e40d6561ecc79ae0fb7c62d875848_full.jpg"	"2026-09-05T21:29:23.555753+00:00"
"[U:1:877367548]"	"https://avatars.steamstatic.com/3a53e293d9a7c1542b41b862b4147ef328254941_full.jpg"	"2026-09-05T21:29:23.555753+00:00"
"[U:1:153298858]"	"https://avatars.steamstatic.com/7196dbc5238230236f0213634bf98a3f7781a0da_full.jpg"	"2026-09-05T21:29:23.555753+00:00"
"[U:1:394198283]"	"https://avatars.steamstatic.com/e53323d5ba3fd353be1b67ef0133007f763f32b1_full.jpg"	"2026-09-05T21:29:23.555753+00:00"
"[U:1:1920321011]"	"https://avatars.steamstatic.com/6f2b18a4a865cff606b86834598eebe81dc8db04_full.jpg"	"2026-09-05T21:29:23.555753+00:00"
"[U:1:107193262]"	"https://avatars.steamstatic.com/360489442f3a49ae3b947abae2b5ec7ffec4792a_full.jpg"	"2026-09-05T21:29:23.555753+00:00"
"[U:1:214014026]"	"https://avatars.steamstatic.com/ef98a82a8ee88e3fc7501c9b27a2c813d6abacb8_full.jpg"	"2026-09-05T21:29:23.555753+00:00"
"[U:1:287288010]"	"https://avatars.steamstatic.com/f4e7432889c3773c1f585f0f5ccf488fec760a5b_full.jpg"	"2026-09-05T21:29:23.555753+00:00"
"[U:1:116385967]"	"https://avatars.steamstatic.com/3959f117d0488c2fc49e110d254b6a57bb090a58_full.jpg"	"2026-09-05T21:29:23.555753+00:00"
"[U:1:32906468]"	"https://avatars.steamstatic.com/94197a78f62a79c07db487dc2c96bb9ac4b65366_full.jpg"	"2026-09-05T21:29:23.555753+00:00"
"[U:1:777490313]"	"https://avatars.steamstatic.com/0499cdb4f5ec632c0d16f902fb609b1605005c69_full.jpg"	"2026-09-05T21:29:23.555753+00:00"
"[U:1:1148297998]"	"https://avatars.steamstatic.com/ca52def48d707a8675c40b4bed56b358ddbeffb4_full.jpg"	"2026-09-05T21:29:23.555753+00:00"
"[U:1:11067552]"	"https://avatars.steamstatic.com/9b75cb8641bec11676f66f3d8eb4995ddec08908_full.jpg"	"2026-09-05T21:29:23.555753+00:00"
"[U:1:287158]"	"https://avatars.steamstatic.com/2d8e849099f24dc1d1201fea2e3896a5c59dd35c_full.jpg"	"2026-09-05T21:29:23.555753+00:00"
"[U:1:363136101]"	"https://avatars.steamstatic.com/6ec831c483046b0a48527088806e2a0e6454a6bf_full.jpg"	"2026-09-05T21:29:23.555753+00:00"
"[U:1:393716595]"	"https://avatars.steamstatic.com/e1dde7fe207a397634580d4755f7890ccf24ddd7_full.jpg"	"2026-09-05T21:29:23.555753+00:00"
"[U:1:112047884]"	"https://avatars.steamstatic.com/70e70497d845c32929e0795de45fdcbe3a639297_full.jpg"	"2026-09-05T21:29:23.555753+00:00"
"[U:1:450975370]"	"https://avatars.steamstatic.com/e1c0d90bbd5dd7798ca9c47de2f1153e7d116e0e_full.jpg"	"2026-09-05T21:29:23.555753+00:00"
"[U:1:75059332]"	"https://avatars.steamstatic.com/50fc056f1fbff1320625b69f26cc997a77b95f57_full.jpg"	"2026-09-05T21:29:23.555753+00:00"
"[U:1:1010306043]"	"https://avatars.steamstatic.com/32b69a6c7fb97529caf7d78a6e94a23652483aff_full.jpg"	"2026-09-05T21:29:23.555753+00:00"
"[U:1:382969530]"	"https://avatars.steamstatic.com/1814c5c368b21b759fe8f77f78da0b68a1447160_full.jpg"	"2026-09-05T21:29:23.555753+00:00"
"[U:1:155193155]"	"https://avatars.steamstatic.com/d69ae1139924a9e376ab333eb5893e8e78fed2f4_full.jpg"	"2026-09-05T21:29:23.555753+00:00"
"[U:1:394350851]"	"https://avatars.steamstatic.com/887623ba90b0a74acf98b562c4cd4a050c1a193b_full.jpg"	"2026-09-05T21:29:23.555753+00:00"
"[U:1:1163902918]"	"https://avatars.steamstatic.com/1fee0fd0a2251c12c694f0b378e9314801918caa_full.jpg"	"2026-09-05T21:29:23.555753+00:00"
"[U:1:798274135]"	"https://avatars.steamstatic.com/66c87c2adbbb81fa711b75c36fc57391c02271a9_full.jpg"	"2026-09-05T21:29:23.555753+00:00"
"[U:1:1114861381]"	"https://avatars.steamstatic.com/17095feb91bbf94cd5faccd07ef8b24e0a9ffbfe_full.jpg"	"2026-09-05T21:29:23.555753+00:00"
"[U:1:461523862]"	"https://avatars.steamstatic.com/0322ebc56576421ac9392d7834de64d9e4b93a20_full.jpg"	"2026-09-05T21:29:23.555753+00:00"
"[U:1:130966257]"	"https://avatars.steamstatic.com/3f96b93dc3143b3e2af7088b661cfa3d4892c087_full.jpg"	"2026-09-05T21:29:23.555753+00:00"
"[U:1:11500173]"	"https://avatars.steamstatic.com/79d6622c26ba6615aed0ae29534f13e84e97c8da_full.jpg"	"2026-09-05T21:29:23.555753+00:00"
"[U:1:393821042]"	"https://avatars.steamstatic.com/3f030a0c44e5a4465d6fdd9cd166882609c2bef4_full.jpg"	"2026-09-05T21:29:23.555753+00:00"
"[U:1:1630085420]"	"https://avatars.steamstatic.com/842bea0222b96a2cb82667755a2a1b82c8192d0a_full.jpg"	"2026-09-05T21:29:23.555753+00:00"
"[U:1:437235024]"	"https://avatars.steamstatic.com/6e6dfeae39604e2d6b32c9c458a9cfbd207047c8_full.jpg"	"2026-09-05T21:29:23.555753+00:00"
"[U:1:146332872]"	"https://avatars.steamstatic.com/8031d516372271986d9cfd8ce1c3f0cf5ef5173e_full.jpg"	"2026-09-05T21:29:23.555753+00:00"
"[U:1:1103261594]"	"https://avatars.steamstatic.com/ee156c369a4e7334a35389abfa34c11195e94e3f_full.jpg"	"2026-09-05T21:29:23.555753+00:00"
"[U:1:382996479]"	"https://avatars.steamstatic.com/59da413069e3a501fa77225c09ee4bad2e4508e1_full.jpg"	"2026-09-05T21:29:23.555753+00:00"
"[U:1:892389981]"	"https://avatars.steamstatic.com/dbcec356eb037056961705521a68b9cca7802f91_full.jpg"	"2026-09-05T21:29:23.555753+00:00"
"[U:1:482273837]"	"https://avatars.steamstatic.com/86ca18a3d9887873d77cfc7a4d68193436c68fa8_full.jpg"	"2026-09-05T21:29:23.555753+00:00"
"[U:1:1463162674]"	"https://avatars.steamstatic.com/3d409364c569f54b5e5cd713f7634ff2fd810ddd_full.jpg"	"2026-09-05T21:29:23.555753+00:00"
"[U:1:1908852878]"	"https://avatars.steamstatic.com/9ed36beb5d09f2eafba210f988322cf050f1eb08_full.jpg"	"2026-09-05T21:29:23.555753+00:00"
"[U:1:891629493]"	"https://avatars.steamstatic.com/9f37aeb8a2786c3c91ece677fad39430d29cc96c_full.jpg"	"2026-09-05T21:29:23.555753+00:00"
"[U:1:188067679]"	"https://avatars.steamstatic.com/485011804d998fa8c72c0d2c7bc3a5205e63446b_full.jpg"	"2026-09-05T21:29:23.555753+00:00"
"[U:1:894405131]"	"https://avatars.steamstatic.com/707805455e1d8aea12335ffc406444d3a0796eca_full.jpg"	"2026-09-05T21:29:23.555753+00:00"
"[U:1:67449620]"	"https://avatars.steamstatic.com/280ffbce03512a380473fe4253b414712430edcc_full.jpg"	"2026-09-05T21:29:23.555753+00:00"
"[U:1:210432943]"	"https://avatars.steamstatic.com/dc4687d88bc3b4e836f0f4c06117bd20713788f0_full.jpg"	"2026-09-05T21:29:23.555753+00:00"
"[U:1:1269186436]"	"https://avatars.steamstatic.com/b06db26b73c9c9a540c025a1289e3190b4118fba_full.jpg"	"2026-09-05T21:29:23.555753+00:00"
"[U:1:851899220]"	"https://avatars.steamstatic.com/a6073a15c563646efa5599dd1a708d63ab3daf3f_full.jpg"	"2026-09-05T21:29:23.555753+00:00"
"[U:1:205568716]"	"https://avatars.steamstatic.com/f1e96886ea7e1ca054fb510a2f079021f64f2e54_full.jpg"	"2026-09-05T21:29:23.555753+00:00"
"[U:1:178474597]"	"https://avatars.steamstatic.com/e69182b9ccfe5bfda2662dfd24da9d606815796e_full.jpg"	"2026-09-05T21:29:23.555753+00:00"
"[U:1:839163015]"	"https://avatars.steamstatic.com/975ac0f53101135805fce32432e71ece082554c9_full.jpg"	"2026-09-05T21:29:23.555753+00:00"
"[U:1:171322759]"	"https://avatars.steamstatic.com/9feb15ac1f3ebf786d4776bb25f6ed584ddbf075_full.jpg"	"2026-09-05T21:29:23.555753+00:00"
"[U:1:1857123011]"	"https://avatars.steamstatic.com/3347685d5b0ffdf9fb2eacdabdcfe12d672d3294_full.jpg"	"2026-09-05T21:29:23.555753+00:00"
"[U:1:1406549820]"	"https://avatars.steamstatic.com/fc1d5b10e94a097066d52e5cc6cb9a5c75dac5ce_full.jpg"	"2026-09-05T21:29:23.555753+00:00"
"[U:1:97175789]"	"https://avatars.steamstatic.com/b58bb6defe81bc235fd673d66b723ba9b108ed96_full.jpg"	"2026-09-05T21:29:23.555753+00:00"
"[U:1:1909251366]"	"https://avatars.steamstatic.com/d1a47a339becc65aa3570a94502da6ed89ef7628_full.jpg"	"2026-09-05T21:29:23.555753+00:00"
"[U:1:891517276]"	"https://avatars.steamstatic.com/4f6ab69f6c12e4ddec783d7c3f09232f16d92eeb_full.jpg"	"2026-09-05T21:29:23.555753+00:00"
"[U:1:137816274]"	"https://avatars.steamstatic.com/5ee3760437aa5969270089a1c2824e52a270e135_full.jpg"	"2026-09-05T21:29:23.555753+00:00"
"[U:1:891698980]"	"https://avatars.steamstatic.com/51e6dbc1b8007a442d91f54e47490598d5d63e6f_full.jpg"	"2026-09-05T21:29:23.555753+00:00"
"[U:1:32938947]"	"https://avatars.steamstatic.com/037723b57ebe6f864a0095597121e0c6b6e030c8_full.jpg"	"2026-09-05T21:29:23.555753+00:00"
"[U:1:1920227786]"	"https://avatars.steamstatic.com/922ee05a71a172ac480ff1a046579e50d8185ed5_full.jpg"	"2026-09-05T21:29:23.555753+00:00"
"[U:1:87695090]"	"https://avatars.steamstatic.com/fa63db8308f5f6a646c870d4928836e44d3e323c_full.jpg"	"2026-09-05T21:29:23.555753+00:00"
"[U:1:49599276]"	"https://avatars.steamstatic.com/898696e25c6da7bc3772a30e1999ef032c825f97_full.jpg"	"2026-09-05T21:29:23.555753+00:00"
"[U:1:877496631]"	"https://avatars.steamstatic.com/38ea9f6c56cbacaccd686b4eaba7e7989311e7b2_full.jpg"	"2026-09-05T21:29:23.555753+00:00"
"[U:1:1106722328]"	"https://avatars.steamstatic.com/cc271ba3f756e41409c22a65b073dc283657645b_full.jpg"	"2026-09-05T21:29:23.555753+00:00"
"[U:1:119595681]"	"https://avatars.steamstatic.com/1dc151d47b5dcb59d983632ffa9f3dd5e9804229_full.jpg"	"2026-09-05T21:29:23.555753+00:00"
"[U:1:437214162]"	"https://avatars.steamstatic.com/e8f89b3e17daa8a5fd05bea66dba9b1253ee1da7_full.jpg"	"2026-09-05T21:29:23.555753+00:00"
"[U:1:1269182344]"	"https://avatars.steamstatic.com/84e3d677762aa4dac8b29f1c94e1ed9a6163bf1b_full.jpg"	"2026-09-05T21:29:23.555753+00:00"
"[U:1:394166633]"	"https://avatars.steamstatic.com/7586b9982e8cf9835240a34e28b579fe66ae5ed2_full.jpg"	"2026-09-05T21:29:23.555753+00:00"
"[U:1:79784352]"	"https://avatars.steamstatic.com/a41301d4b9e1d39dda8f88f1c057b74f846482c7_full.jpg"	"2026-09-05T21:29:23.555753+00:00"
"[U:1:394592976]"	"https://avatars.steamstatic.com/f859996e0a1530801c8e3efe1b689b59b9d26f59_full.jpg"	"2026-09-05T21:29:23.555753+00:00"
"[U:1:182535233]"	"https://avatars.steamstatic.com/1119e0e6075080833016ec30ffd1542a3716f379_full.jpg"	"2026-09-05T21:29:23.555753+00:00"
"[U:1:1066623853]"	"https://avatars.steamstatic.com/c52f737557cc42a05170aff4302fcc8e2037bbcd_full.jpg"	"2026-09-05T21:29:23.555753+00:00"
"[U:1:169704152]"	"https://avatars.steamstatic.com/1e9eb2b4e152ac21afb7582ac3ae8c5654f30a36_full.jpg"	"2026-09-05T21:29:23.555753+00:00"
"[U:1:114162347]"	"https://avatars.steamstatic.com/43e72dbaf7321d53723dbe1aff7d5cd6879ca392_full.jpg"	"2026-09-05T21:29:23.555753+00:00"
"[U:1:1216887084]"	"https://avatars.steamstatic.com/266744b1a2ae1b9fab820741f1d9414751cf4b97_full.jpg"	"2026-09-05T21:29:23.555753+00:00"
"[U:1:71734390]"	"https://avatars.steamstatic.com/5055aaabce1457204f09451201abaa27a28e278c_full.jpg"	"2026-09-05T21:29:23.555753+00:00"
"[U:1:1099771179]"	"https://avatars.steamstatic.com/d870cbae5db4c0b428fc1170a1babad8c9fa00e7_full.jpg"	"2026-09-05T21:29:23.555753+00:00"
"[U:1:30993129]"	"https://avatars.steamstatic.com/8e50a71160821fb2cf54c1720805e6f1dfc6306f_full.jpg"	"2026-09-05T21:29:23.555753+00:00"
"[U:1:1288304846]"	"https://avatars.steamstatic.com/0956986cbade6f1154a69f6e574ed7312b0d3798_full.jpg"	"2026-09-05T21:29:23.555753+00:00"
"[U:1:1141522352]"	"https://avatars.steamstatic.com/1502f96efa6c4d308a49a4d3b95cac04245295ce_full.jpg"	"2026-09-05T21:29:23.555753+00:00"
"[U:1:164745735]"	"https://avatars.steamstatic.com/8a17e1c687db7487a76b03029bbd4fc323176c5a_full.jpg"	"2026-09-05T21:29:23.555753+00:00"
"[U:1:1843042736]"	"https://avatars.steamstatic.com/d63e264097cf7d38769fad29a65059abc785576f_full.jpg"	"2026-09-05T21:29:23.555753+00:00"
"[U:1:152971016]"	"https://avatars.steamstatic.com/3e7fa82d331c950cc2dffca68c4e0f723849cff0_full.jpg"	"2026-09-05T21:29:23.555753+00:00"
"[U:1:113277706]"	"https://avatars.steamstatic.com/8767ec85c5f36ed7e623b1574cb2f463e757115a_full.jpg"	"2026-09-05T21:29:23.555753+00:00"
"[U:1:1647421959]"	"https://avatars.steamstatic.com/fe60a73288fec188f16e1aa91fc35799bb83e7ae_full.jpg"	"2026-09-05T21:29:23.555753+00:00"
"[U:1:1132604181]"	"https://avatars.steamstatic.com/055438bfee25899f098e77958a504addcdf97f85_full.jpg"	"2026-09-05T21:29:23.555753+00:00"
"[U:1:142993338]"	"https://avatars.steamstatic.com/53e3cee425fc7f94645bdd762b9268e228cb5701_full.jpg"	"2026-09-05T21:29:23.555753+00:00"
"[U:1:53195671]"	"https://avatars.steamstatic.com/2ad6dac54fa6fba394ad84321d71df3df1935236_full.jpg"	"2026-09-05T21:29:23.555753+00:00"
"[U:1:119208924]"	"https://avatars.steamstatic.com/d4176101165983c159d26241d98819b77cdce48f_full.jpg"	"2026-09-05T21:29:23.555753+00:00"
"[U:1:17104423]"	"https://avatars.steamstatic.com/cde77c65fd31eed3a27bd058f137e093e19ad8d3_full.jpg"	"2026-09-05T21:29:23.555753+00:00"
"[U:1:84376849]"	"https://avatars.steamstatic.com/406739f25073f671eadcd540cb3e6ce492630ceb_full.jpg"	"2026-09-05T21:29:23.555753+00:00"
"[U:1:67718699]"	"https://avatars.steamstatic.com/dd82b3c18cd2f3f4e28682c06a1d5d6dd3ddf407_full.jpg"	"2026-09-05T21:29:23.555753+00:00"
"[U:1:185823275]"	"https://avatars.steamstatic.com/a0eaffec9be09c88b2367c41bb7e8b11b81d1024_full.jpg"	"2026-09-05T21:29:23.555753+00:00"
"[U:1:33097994]"	"https://avatars.steamstatic.com/344cf09968b02b7000aa7db4649efc3afda5f484_full.jpg"	"2026-09-05T21:29:23.555753+00:00"
"[U:1:161408371]"	"https://avatars.steamstatic.com/ab3f0c2c67b6baaa9f3cdb253f8e644afd539435_full.jpg"	"2026-09-05T21:29:23.555753+00:00"
"[U:1:381353295]"	"https://avatars.steamstatic.com/48be300d97a80fcf9a8428f9620c08befb7972a2_full.jpg"	"2026-09-05T21:29:23.555753+00:00"
"[U:1:33083677]"	"https://avatars.steamstatic.com/da388aca9d7eb91b5d96af561bb43edb5419b0c3_full.jpg"	"2026-09-05T21:29:23.555753+00:00"
"[U:1:438102152]"	"https://avatars.steamstatic.com/30dbeaec621ca66c70041a3b5b4dc2605e26de62_full.jpg"	"2026-09-05T21:29:23.555753+00:00"
"[U:1:320111610]"	"https://avatars.steamstatic.com/235e6e10cd66af9a6c42020f8053cf3a32508522_full.jpg"	"2026-09-05T21:29:23.555753+00:00"
"[U:1:159236868]"	"https://avatars.steamstatic.com/e68608544381d4f2f405a1b36fb4c0c4aa9ceb01_full.jpg"	"2026-09-05T21:29:23.555753+00:00"
"[U:1:234205523]"	"https://avatars.steamstatic.com/e05cc84f0f562a79164b66802a25dfc5708b53cb_full.jpg"	"2026-09-05T21:29:23.555753+00:00"
"[U:1:6781809]"	"https://avatars.steamstatic.com/08f2851c56c12ad5ba7cf991e86fc0eec12a9a73_full.jpg"	"2026-09-05T21:29:23.555753+00:00"
"[U:1:1494025858]"	"https://avatars.steamstatic.com/7f0c90c9ac87dd1c3538e2d59e874dc4c8080c31_full.jpg"	"2026-09-05T21:29:23.555753+00:00"
"[U:1:84678856]"	"https://avatars.steamstatic.com/18c05fe7bf2c0bca5186dbf5f5b11791f59dcbb4_full.jpg"	"2026-09-05T21:29:23.555753+00:00"
"[U:1:67782794]"	"https://avatars.steamstatic.com/9107f73fcf4d5c7f94c568c86e107bd9ff5f959f_full.jpg"	"2026-09-05T21:29:23.555753+00:00"
"[U:1:133720508]"	"https://avatars.steamstatic.com/d51a89849c53ae9ca2ac6a928b07a5716824b703_full.jpg"	"2026-09-05T21:29:23.555753+00:00"
"[U:1:1055826537]"	"https://avatars.steamstatic.com/6ce76861917de34ca6949937c7e9a477d7c77091_full.jpg"	"2026-09-05T21:29:23.555753+00:00"
"[U:1:140769008]"	"https://avatars.steamstatic.com/a40a69a7b08202aed6a0358884cad5f8e43bad95_full.jpg"	"2026-09-05T21:29:23.555753+00:00"
"[U:1:1196984935]"	"https://avatars.steamstatic.com/fef49e7fa7e1997310d705b2a6158ff8dc1cdfeb_full.jpg"	"2026-09-05T21:29:23.555753+00:00"
"[U:1:1852104573]"	"https://avatars.steamstatic.com/0abfd8b91e7e758d839b0ce1ae28b4f7e686ee9a_full.jpg"	"2026-09-05T21:29:23.555753+00:00"
"[U:1:1880914971]"	"https://avatars.steamstatic.com/b2ae72d9963e4b3e823e85425a960eabc288c9e9_full.jpg"	"2026-09-05T21:29:23.555753+00:00"
"[U:1:103155314]"	"https://avatars.steamstatic.com/99ab405d89738574d94db856853d6df3da001205_full.jpg"	"2026-09-05T21:29:23.555753+00:00"
"[U:1:1035270196]"	"https://avatars.steamstatic.com/e0e55176958859ea270edc2be63ed3ab5af1ec70_full.jpg"	"2026-09-05T21:29:23.555753+00:00"
"[U:1:1220175319]"	"https://avatars.steamstatic.com/a9611d43472ae9132b6615bf5b09b802fdbae879_full.jpg"	"2026-09-05T21:29:23.555753+00:00"
"[U:1:896272330]"	"https://avatars.steamstatic.com/b05ca8f4f81c18a015c17e946e7744aba49c88ad_full.jpg"	"2026-09-05T21:29:23.555753+00:00"
"[U:1:1841404472]"	"https://avatars.steamstatic.com/5076cb4b31180b9fb9b6520693e7906f4c89b8ba_full.jpg"	"2026-09-05T21:29:23.555753+00:00"
"[U:1:214827059]"	"https://avatars.steamstatic.com/49615dbbccbc225cfe75d0e4cd53d8f723ddfe3f_full.jpg"	"2026-09-05T21:29:23.555753+00:00"
"[U:1:1510932633]"	"https://avatars.steamstatic.com/0f0fb8cfe958032c8011ec7382a83decc368db99_full.jpg"	"2026-09-05T21:29:23.555753+00:00"
"[U:1:1044185861]"	"https://avatars.steamstatic.com/09630a4d4ecf3cac691015001af45538d8cac961_full.jpg"	"2026-09-05T21:29:23.555753+00:00"
"[U:1:288479120]"	"https://avatars.steamstatic.com/613c7f3487855e345b8750edfbb59a938a007611_full.jpg"	"2026-09-05T21:29:23.555753+00:00"
"[U:1:1046940464]"	"https://avatars.steamstatic.com/cf15de8cf3c451f28eca33ef0af21f934f600aee_full.jpg"	"2026-09-05T21:29:23.555753+00:00"
"[U:1:136628305]"	"https://avatars.steamstatic.com/eecfca7505d84ae99e343700685b819606ca3bcc_full.jpg"	"2026-09-05T21:29:23.555753+00:00"
"[U:1:85132181]"	"https://avatars.steamstatic.com/261ebf72ef85b820c89f9f909b538bac965c1f6d_full.jpg"	"2026-09-05T21:29:23.555753+00:00"
"[U:1:1921578263]"	"https://avatars.steamstatic.com/bba981a63e730769a5b9b590225a9a5b1b300e81_full.jpg"	"2026-09-05T21:29:23.555753+00:00"
"[U:1:1584525018]"	"https://avatars.steamstatic.com/ee0e6adb9c075b0b40cbedba2f8699d1c040ca6c_full.jpg"	"2026-09-05T21:29:23.555753+00:00"
"[U:1:1161008387]"	"https://avatars.steamstatic.com/a0fa239f7367932699495f90ce2c80d5a4216f02_full.jpg"	"2026-09-05T21:29:23.555753+00:00"
"[U:1:1908093681]"	"https://avatars.steamstatic.com/11dbdcbcc3da7c60c6edf28ed074007bca795b19_full.jpg"	"2026-09-05T21:29:23.555753+00:00"
"[U:1:172616861]"	"https://avatars.steamstatic.com/9264de77b4e64066a61cc2a7228ec49c02530c62_full.jpg"	"2026-09-05T21:29:23.555753+00:00"
"[U:1:1841366109]"	"https://avatars.steamstatic.com/911c68ae3b67e2c7c4e3facee9c0b32c8490b136_full.jpg"	"2026-09-05T21:29:23.555753+00:00"
"[U:1:75831953]"	"https://avatars.steamstatic.com/765dd213be5c95057ba0d5a8a0757f300278a3f4_full.jpg"	"2026-09-05T21:29:23.555753+00:00"
"[U:1:65282740]"	"https://avatars.steamstatic.com/aedb06410184e0392630edbbe41c170618a981db_full.jpg"	"2026-09-05T21:29:23.555753+00:00"
"[U:1:247503765]"	"https://avatars.steamstatic.com/fef49e7fa7e1997310d705b2a6158ff8dc1cdfeb_full.jpg"	"2026-09-05T21:29:23.555753+00:00"
"[U:1:81173107]"	"https://avatars.steamstatic.com/f50667541c33a8f254321717abcab6ca8db1b7f3_full.jpg"	"2026-09-05T21:29:23.555753+00:00"
"[U:1:279851752]"	"https://avatars.steamstatic.com/4fe06a3553d299ca932d8b15f18e2eae12d6cc5e_full.jpg"	"2026-09-05T21:29:23.555753+00:00"
"[U:1:1090901043]"	"https://avatars.steamstatic.com/191a6ee44ebf99d6fba6457dee67c23546263aac_full.jpg"	"2026-09-05T21:29:23.555753+00:00"
"[U:1:65323813]"	"https://avatars.steamstatic.com/59f78fbcb4b244c1b74c3cacd225a207cb7f02a5_full.jpg"	"2026-09-05T21:29:23.555753+00:00"
"[U:1:851294137]"	"https://avatars.steamstatic.com/fef49e7fa7e1997310d705b2a6158ff8dc1cdfeb_full.jpg"	"2026-09-05T21:29:23.555753+00:00"
"[U:1:1128517981]"	"https://avatars.steamstatic.com/c96d694557d09c20d0721bbe927f724331e6e2f9_full.jpg"	"2026-09-05T21:29:23.555753+00:00"
"[U:1:171645971]"	"https://avatars.steamstatic.com/082b719b3a875dff64f23361a50e3349d363b196_full.jpg"	"2026-09-05T21:29:23.555753+00:00"
"[U:1:896297938]"	"https://avatars.steamstatic.com/4cf6d6256252128b2814c5738da9b9e6d8ccd19f_full.jpg"	"2026-09-05T21:29:23.555753+00:00"
"[U:1:39550903]"	"https://avatars.steamstatic.com/bfbf42d727fb2e2c48b6732319a6a2d3433c2e1d_full.jpg"	"2026-09-05T21:29:23.555753+00:00"
"[U:1:1908366127]"	"https://avatars.steamstatic.com/28c86ac757249555d23a08d8b40723b5b1f487f6_full.jpg"	"2026-09-05T21:29:23.555753+00:00"
"[U:1:1033138897]"	"https://avatars.steamstatic.com/3c5ef9b7acb19196d942118b59b726e4f75827b3_full.jpg"	"2026-09-05T21:29:23.555753+00:00"
"[U:1:107071539]"	"https://avatars.steamstatic.com/e63ea671a5de70ddcd8db2cf866bd6f8073ec0b0_full.jpg"	"2026-09-05T21:29:23.555753+00:00"
"[U:1:331120424]"	"https://avatars.steamstatic.com/18b87dca14a21a72bc637f204aa3c0d1f4c22b5d_full.jpg"	"2026-09-05T21:29:23.555753+00:00"
"[U:1:971962125]"	"https://avatars.steamstatic.com/b5d461617104acbb45f624468ab43cc5402b4762_full.jpg"	"2026-09-05T21:29:23.555753+00:00"
"[U:1:895702725]"	"https://avatars.steamstatic.com/a8091fa7e1c73cf1289ef49f74e105e0c0f5562f_full.jpg"	"2026-09-05T21:29:23.555753+00:00"
"[U:1:851339353]"	"https://avatars.steamstatic.com/b0dbe4b12aaf99519a31de0e18708405ca635289_full.jpg"	"2026-09-05T21:29:23.555753+00:00"
"[U:1:1493941568]"	"https://avatars.steamstatic.com/509df68d28efbdab59fcc6734c2b3f36254d6aca_full.jpg"	"2026-09-05T21:29:23.555753+00:00"
"[U:1:288671618]"	"https://avatars.steamstatic.com/bd1f1c242ceb82d078993d1254ee424f89918213_full.jpg"	"2026-09-05T21:29:23.555753+00:00"
"[U:1:60879067]"	"https://avatars.steamstatic.com/bfa6168757b985d2cf77dbc310dc57c73ee169c5_full.jpg"	"2026-09-05T21:29:23.555753+00:00"
"[U:1:128157326]"	"https://avatars.steamstatic.com/49b8fc0f64109308009c25636336670ba7d6066e_full.jpg"	"2026-09-05T21:29:23.555753+00:00"
"[U:1:67803179]"	"https://avatars.steamstatic.com/cbb35f1adadec451c7e2780ad38c3f9b19c52b45_full.jpg"	"2026-09-05T21:29:23.555753+00:00"
"[U:1:1018516034]"	"https://avatars.steamstatic.com/bbbcbcdb04b871dfda81ce94d93ca9481a1d280d_full.jpg"	"2026-09-05T21:29:23.555753+00:00"
"[U:1:320096602]"	"https://avatars.steamstatic.com/0562d6c851412c3e3a65b93759e337fc8951aca7_full.jpg"	"2026-09-05T21:29:23.555753+00:00"
"[U:1:876119789]"	"https://avatars.steamstatic.com/8399536f4319ef886a844bb2dd26d2fe3e5dbe00_full.jpg"	"2026-09-05T21:29:23.555753+00:00"
"[U:1:74923275]"	"https://avatars.steamstatic.com/81fe30c7b097a773012f446e4dfeddfdf83a1b8e_full.jpg"	"2026-09-05T21:29:23.555753+00:00"
"[U:1:192352952]"	"https://avatars.steamstatic.com/bd11fda9f202c9c568688a2de4afceb2ea87e606_full.jpg"	"2026-09-05T21:29:23.555753+00:00"
"[U:1:126937496]"	"https://avatars.steamstatic.com/d87906b87e4fc3606515d80d14fc4da11387596f_full.jpg"	"2026-09-05T21:29:23.555753+00:00"
"[U:1:157078062]"	"https://avatars.steamstatic.com/2ae53adc8ef7f40c3401ddb0de2d16c2dcbce575_full.jpg"	"2026-09-05T21:29:23.555753+00:00"
"[U:1:876149714]"	"https://avatars.steamstatic.com/ad67757d06cb26c0a95dbcec615331d97e1f2d91_full.jpg"	"2026-09-05T21:29:23.555753+00:00"
"[U:1:1922262730]"	"https://avatars.steamstatic.com/1454c7d29372359bf8b4b3f42b4158b837f41c9c_full.jpg"	"2026-09-05T21:29:23.555753+00:00"
"[U:1:234312591]"	"https://avatars.steamstatic.com/0518b2beee2c6e9fb563ea2ef06e8c2b2cf5e1e5_full.jpg"	"2026-09-05T21:29:23.555753+00:00"
"[U:1:288871516]"	"https://avatars.steamstatic.com/0dc49bb2bf8016c08e4aa710f98357c7971b4c93_full.jpg"	"2026-09-05T21:29:23.555753+00:00"
"[U:1:1125312474]"	"https://avatars.steamstatic.com/a777feb19dbbe252a2b793779342db599e518bed_full.jpg"	"2026-09-05T21:29:23.555753+00:00"
"[U:1:811498519]"	"https://avatars.steamstatic.com/d12f3bce3e6075bcad0b468c2e859c3291fbec0b_full.jpg"	"2026-09-05T21:29:23.555753+00:00"
"[U:1:39488229]"	"https://avatars.steamstatic.com/be2656309692f04c0dee6591101f7674d981da1a_full.jpg"	"2026-09-05T21:29:23.555753+00:00"
"[U:1:749047932]"	"https://avatars.steamstatic.com/4e1977892a01e435437d63970dde63bb7f1cb6b5_full.jpg"	"2026-09-05T21:29:23.555753+00:00"
"[U:1:381112019]"	"https://avatars.steamstatic.com/6da5896bc045b9ed8fa74235522b7cd47ff2f012_full.jpg"	"2026-09-05T21:29:23.555753+00:00"
"[U:1:1090840627]"	"https://avatars.steamstatic.com/b39a854b3e2a9be85f0fa3fba5c2e2f10e4b2261_full.jpg"	"2026-09-05T21:29:23.555753+00:00"
"[U:1:331170582]"	"https://avatars.steamstatic.com/8c61517163ad85a16fbe82d438714468d114edd1_full.jpg"	"2026-09-05T21:29:23.555753+00:00"
"[U:1:1090812370]"	"https://avatars.steamstatic.com/dba8bc60ad59bec7075fb6e61f1a29d7593d7e37_full.jpg"	"2026-09-05T21:29:23.555753+00:00"
"[U:1:447101802]"	"https://avatars.steamstatic.com/5c403742cabf21b090ae1352e07a7489d1b22285_full.jpg"	"2026-09-05T21:29:23.555753+00:00"
"[U:1:1099077256]"	"https://avatars.steamstatic.com/2c08d2a5b12933fdaff179d61471e3cee68f6c17_full.jpg"	"2026-09-05T21:29:23.555753+00:00"
"[U:1:241324078]"	"https://avatars.steamstatic.com/9790631ccad221422c2250811a144ef8069d6842_full.jpg"	"2026-09-05T21:29:23.555753+00:00"
"[U:1:329540132]"	"https://avatars.steamstatic.com/ada7dea2e42c46fd2723823cf8372bb9c2a8d262_full.jpg"	"2026-09-05T21:29:23.555753+00:00"
"[U:1:140773824]"	"https://avatars.steamstatic.com/b01e4e26d1d12aa5883a7ad6952c50ab8f629b39_full.jpg"	"2026-09-05T21:29:23.555753+00:00"
"[U:1:171558673]"	"https://avatars.steamstatic.com/93c3d73eb1527c9bad53a7f136c235e0089b5736_full.jpg"	"2026-09-05T21:29:23.555753+00:00"
"[U:1:395932896]"	"https://avatars.steamstatic.com/1660c8fb607368ea448a1ecf8b2825268181d5a2_full.jpg"	"2026-09-05T21:29:23.555753+00:00"
"[U:1:1159727415]"	"https://avatars.steamstatic.com/9fcda398411c99d9e0a6123c4b577e927f1c435b_full.jpg"	"2026-09-05T21:29:23.555753+00:00"
"[U:1:228785477]"	"https://avatars.steamstatic.com/9ed36beb5d09f2eafba210f988322cf050f1eb08_full.jpg"	"2026-09-05T21:29:23.555753+00:00"
"[U:1:381663352]"	"https://avatars.steamstatic.com/1fdd0e2c63f5e03b83fcfc1557ffe9100211a506_full.jpg"	"2026-09-05T21:29:23.555753+00:00"
"[U:1:1031550047]"	"https://avatars.steamstatic.com/a08f0a2e53e13001c7cae5668260bc2d250665eb_full.jpg"	"2026-09-05T21:29:23.555753+00:00"
"[U:1:1156798216]"	"https://avatars.steamstatic.com/8862da315046be475b2f352b4f252146393e0c8f_full.jpg"	"2026-09-05T21:29:23.555753+00:00"
"[U:1:1088898728]"	"https://avatars.steamstatic.com/90df3f022651c7c3c71ac561a0b1260df8939cb9_full.jpg"	"2026-09-05T21:29:23.555753+00:00"
"[U:1:1164114713]"	"https://avatars.steamstatic.com/3eef68f8ddd881687bd5f979a9a6924892eb17fb_full.jpg"	"2026-09-05T21:29:23.555753+00:00"
"[U:1:1196395931]"	"https://avatars.steamstatic.com/50e74d87b235b65992a6be1eae109c680714c66b_full.jpg"	"2026-09-05T21:29:23.555753+00:00"
"[U:1:1136987504]"	"https://avatars.steamstatic.com/ec8747db0f4fa2b2daf811ed3bba86b7d5f4d301_full.jpg"	"2026-09-05T21:29:23.555753+00:00"
"[U:1:1196475683]"	"https://avatars.steamstatic.com/d2498cdf022c124b4ef219e577d321f0bb13a819_full.jpg"	"2026-09-05T21:29:23.555753+00:00"
"[U:1:1258108256]"	"https://avatars.steamstatic.com/8604a6238ceb379d1a5e3eac64aadb3c736dffb4_full.jpg"	"2026-09-05T21:29:23.555753+00:00"
"[U:1:175296528]"	"https://avatars.steamstatic.com/c670aad0f8381cbcb22492ec63b8d22f0aa118f7_full.jpg"	"2026-09-05T21:29:23.555753+00:00"
"[U:1:1013321278]"	"https://avatars.steamstatic.com/9a8e23537f12a5181954ddf2322237b748a43802_full.jpg"	"2026-09-05T21:29:23.555753+00:00"
"[U:1:380654654]"	"https://avatars.steamstatic.com/51229bfe41441746a3cda3d0dd03b057fe004955_full.jpg"	"2026-09-05T21:29:23.555753+00:00"
"[U:1:843801264]"	"https://avatars.steamstatic.com/f06f9242010e208682afa53ac1691da8d4c5fbbd_full.jpg"	"2026-09-05T21:29:23.555753+00:00"
"[U:1:33137426]"	"https://avatars.steamstatic.com/85885ab678f9c5942b1e0672506d29850287db5e_full.jpg"	"2026-09-05T21:29:23.555753+00:00"
"[U:1:36286836]"	"https://avatars.steamstatic.com/53b67a0a665929984e85899ac5e4305406d44aaa_full.jpg"	"2026-09-05T21:29:23.555753+00:00"
"[U:1:72425413]"	"https://avatars.steamstatic.com/065d30f0ea004cf986cc1ed5e5916294d2c5c226_full.jpg"	"2026-09-05T21:29:23.555753+00:00"
"[U:1:899111593]"	"https://avatars.steamstatic.com/5e4dc543aa2adec1cf5926c90d2117b2d1065532_full.jpg"	"2026-09-05T21:29:23.555753+00:00"
"[U:1:239423855]"	"https://avatars.steamstatic.com/ec6e877a60f5f97185b19dd5768188eba5be7980_full.jpg"	"2026-09-05T21:29:23.555753+00:00"
"[U:1:132152661]"	"https://avatars.steamstatic.com/aedd3476a8269fe823d285913017ede1b5156be7_full.jpg"	"2026-09-05T21:29:23.555753+00:00"
"[U:1:1003909860]"	"https://avatars.steamstatic.com/4d41adb05c265c5b3cf8b7a5d67386ca1d1d51ed_full.jpg"	"2026-09-05T21:29:23.555753+00:00"
"[U:1:289523050]"	"https://avatars.steamstatic.com/75169ac0e7afcfa56ebe597e041f4b6512a55748_full.jpg"	"2026-09-05T21:29:23.555753+00:00"
"[U:1:438665847]"	"https://avatars.steamstatic.com/9201780e4bb5dae34335e44f6e07e779404b77a3_full.jpg"	"2026-09-05T21:29:23.555753+00:00"
"[U:1:748934680]"	"https://avatars.steamstatic.com/13df93c3fc9c213b54bdc4ccc6bd9000a9842a7a_full.jpg"	"2026-09-05T21:29:23.555753+00:00"
"[U:1:303007338]"	"https://avatars.steamstatic.com/ce7beb72e6f2e4e40474cb76668a3da37d487729_full.jpg"	"2026-09-05T21:29:23.555753+00:00"
"[U:1:1139271522]"	"https://avatars.steamstatic.com/072bcc42ba5d4c3a33e3b53642ae297e635051d6_full.jpg"	"2026-09-05T21:29:23.555753+00:00"
"[U:1:1719549478]"	"https://avatars.steamstatic.com/761d093cd22ed35474cac049ccb298ff66d4189b_full.jpg"	"2026-09-05T21:29:23.555753+00:00"
"[U:1:103375166]"	"https://avatars.steamstatic.com/c910dd03cac345f4c13e4e7f34cfbc5afdc12cec_full.jpg"	"2026-09-05T21:29:23.555753+00:00"
"[U:1:58951087]"	"https://avatars.steamstatic.com/e8eb5dbb8de21397556a865f9953416d10204be7_full.jpg"	"2026-09-05T21:29:23.555753+00:00"
"[U:1:331809124]"	"https://avatars.steamstatic.com/ec48cb48218a84e568a9b995a412e4532a640c81_full.jpg"	"2026-09-05T21:29:23.555753+00:00"
"[U:1:679876]"	"https://avatars.steamstatic.com/1d5c2d8653aa7072ee6529c749d212889e69e19f_full.jpg"	"2026-09-05T21:29:23.555753+00:00"
"[U:1:1077818802]"	"https://avatars.steamstatic.com/dbc3331ba193af054badca72f06234d2c43f9c68_full.jpg"	"2026-09-05T21:29:23.555753+00:00"
"[U:1:15927766]"	"https://avatars.steamstatic.com/029e71b32e767854ff0bd7de6c5961ac8f6a8912_full.jpg"	"2026-09-05T21:29:23.555753+00:00"
"[U:1:1108056448]"	"https://avatars.steamstatic.com/fef49e7fa7e1997310d705b2a6158ff8dc1cdfeb_full.jpg"	"2026-09-05T21:29:23.555753+00:00"
"[U:1:1176577085]"	"https://avatars.steamstatic.com/45251b6b4e2e921a4af6169ad14641082ab02d2c_full.jpg"	"2026-09-05T21:29:23.555753+00:00"
"[U:1:9751680]"	"https://avatars.steamstatic.com/360236e555049f204b12d3a8685a3b9b9764ebfe_full.jpg"	"2026-09-05T21:29:23.555753+00:00"
"[U:1:1907511187]"	"https://avatars.steamstatic.com/67abd7675690fd9d5ed274d0677ebe07858f0e05_full.jpg"	"2026-09-05T21:29:23.555753+00:00"
"[U:1:1907064240]"	"https://avatars.steamstatic.com/380d51c6aac8e30682f9c71768150c1e2c1227bd_full.jpg"	"2026-09-05T21:29:23.555753+00:00"
"[U:1:190746356]"	"https://avatars.steamstatic.com/1aeacebc9af4f8b617e662e929ae1922f93c45f0_full.jpg"	"2026-09-05T21:29:23.555753+00:00"
"[U:1:230682813]"	"https://avatars.steamstatic.com/2c3a4d66d79f0e303d871fb6726017c3bf1445b8_full.jpg"	"2026-09-05T21:29:23.555753+00:00"
"[U:1:90046220]"	"https://avatars.steamstatic.com/1869eb64ed9e616ac8d488c23cf8b18b8e38376a_full.jpg"	"2026-09-05T21:29:23.555753+00:00"
"[U:1:814359809]"	"https://avatars.steamstatic.com/fef49e7fa7e1997310d705b2a6158ff8dc1cdfeb_full.jpg"	"2026-09-05T21:29:23.555753+00:00"
"[U:1:190689556]"	"https://avatars.steamstatic.com/83f658d05fc4e52f6d057e8d1081d4f2e0adf402_full.jpg"	"2026-09-05T21:29:23.555753+00:00"
"[U:1:106995420]"	"https://avatars.steamstatic.com/31bc33bc6f52fc234b83698c3a37630784cd6dc9_full.jpg"	"2026-09-05T21:29:23.555753+00:00"
"[U:1:165497424]"	"https://avatars.steamstatic.com/8bfbe2f5cd76cf82af5515b43aeaf2da151844c8_full.jpg"	"2026-09-05T21:29:23.555753+00:00"
"[U:1:1012141]"	"https://avatars.steamstatic.com/7c3990e5acb719159cfd8d332bf8785b482d3861_full.jpg"	"2026-09-05T21:29:23.555753+00:00"
"[U:1:1161006760]"	"https://avatars.steamstatic.com/4a158e54bdbe744eff344403e5c1df1d5c9ad633_full.jpg"	"2026-09-05T21:29:23.555753+00:00"
"[U:1:206582076]"	"https://avatars.steamstatic.com/9916e3db38dd117341356f07a05aac324269bbd9_full.jpg"	"2026-09-05T21:29:23.555753+00:00"
"[U:1:33201306]"	"https://avatars.steamstatic.com/5d9b1613854dff71fbcf541bed61fc253ff4115d_full.jpg"	"2026-09-05T21:29:23.555753+00:00"
"[U:1:380366176]"	"https://avatars.steamstatic.com/51b91dab58141f25b43572db4fb4a1d7fc0e6a87_full.jpg"	"2026-09-05T21:29:23.555753+00:00"
"[U:1:206559842]"	"https://avatars.steamstatic.com/863750d67271f26ba26c15ab726be2b6de24e6f6_full.jpg"	"2026-09-05T21:29:23.555753+00:00"
"[U:1:1924083652]"	"https://avatars.steamstatic.com/3f1186629f17fedbf51db524910dc421b914745d_full.jpg"	"2026-09-05T21:29:23.555753+00:00"
"[U:1:232435151]"	"https://avatars.steamstatic.com/94e3e2269f4c13dc187c733652b02c090ceba0a9_full.jpg"	"2026-09-05T21:29:23.555753+00:00"
"[U:1:185958391]"	"https://avatars.steamstatic.com/64f3d95272d9e16cf92f14716cd8b90384d43f6f_full.jpg"	"2026-09-05T21:29:23.555753+00:00"
"[U:1:319827811]"	"https://avatars.steamstatic.com/1a1a39f9bdf656107a0e07ef3739452069f63381_full.jpg"	"2026-09-05T21:29:23.555753+00:00"
"[U:1:1609879563]"	"https://avatars.steamstatic.com/12c182155c1a07b879458da395daf4f0122d1d70_full.jpg"	"2026-09-05T21:29:23.555753+00:00"
"[U:1:182683605]"	"https://avatars.steamstatic.com/2ebe936ad025fffda8e2e3fb9e4f6e3bdf23710f_full.jpg"	"2026-09-05T21:29:23.555753+00:00"
"[U:1:1629250445]"	"https://avatars.steamstatic.com/1da2a51b7429f0ecadb078b8c432f2fc9de0c1ee_full.jpg"	"2026-09-05T21:29:23.555753+00:00"
"[U:1:1006940430]"	"https://avatars.steamstatic.com/4aa4e443b18c585e8d98a113d0a57eb4dcbc4b0f_full.jpg"	"2026-09-05T21:29:23.555753+00:00"
"[U:1:39682568]"	"https://avatars.steamstatic.com/04561f364e86d01d056962535b1bf025ec0383f4_full.jpg"	"2026-09-05T21:29:23.555753+00:00"
"[U:1:331650151]"	"https://avatars.steamstatic.com/8a8ef19fb782d8daa0654e5cd1b08291ef9d9acb_full.jpg"	"2026-09-05T21:29:23.555753+00:00"
"[U:1:1233496427]"	"https://avatars.steamstatic.com/3d6d8084600f8c5c60729909fefce465496c161b_full.jpg"	"2026-09-05T21:29:23.555753+00:00"
"[U:1:1429715517]"	"https://avatars.steamstatic.com/f8a8de627fbd71c8a29597b7bfbc8ac0d11e5cce_full.jpg"	"2026-09-05T21:29:23.555753+00:00"
"[U:1:79721601]"	"https://avatars.steamstatic.com/885471d7f68215018fac6c47ab9ea0e4e669fd3d_full.jpg"	"2026-09-05T21:29:23.555753+00:00"
"[U:1:797064862]"	"https://avatars.steamstatic.com/4e4c6d03345df0c2dfdbafbad3bff199c0ee856c_full.jpg"	"2026-09-05T21:29:23.555753+00:00"
"[U:1:225324865]"	"https://avatars.steamstatic.com/fdc1f1946a4c255c19643fcfd7110b887fd9495b_full.jpg"	"2026-09-05T21:29:23.555753+00:00"
"[U:1:192482155]"	"https://avatars.steamstatic.com/62d77dd23c537e80dd5e02d5a778eb0ca35ea903_full.jpg"	"2026-09-05T21:29:23.555753+00:00"
"[U:1:101911543]"	"https://avatars.steamstatic.com/97cd6917d0b035379bca7f01d8a9b1e30036a326_full.jpg"	"2026-09-05T21:29:23.555753+00:00"
"[U:1:1699036166]"	"https://avatars.steamstatic.com/d47db87f987a4ec3c3a858787ec84650fcf2ac92_full.jpg"	"2026-09-05T21:29:23.555753+00:00"
"[U:1:396583648]"	"https://avatars.steamstatic.com/bf2423cb0ca09314529292843537bbd146b96f1a_full.jpg"	"2026-09-05T21:29:23.555753+00:00"
"[U:1:90075277]"	"https://avatars.steamstatic.com/a214933622ef439e4b1bd08804b371f692f2e27f_full.jpg"	"2026-09-05T21:29:23.555753+00:00"
"[U:1:396732948]"	"https://avatars.steamstatic.com/c110fd9fdea2504d7c3009b49b6719297663f08d_full.jpg"	"2026-09-05T21:29:23.555753+00:00"
"[U:1:1247126980]"	"https://avatars.steamstatic.com/57f70cee77e782c1bd7e3b05d68ec29af601b27c_full.jpg"	"2026-09-05T21:29:23.555753+00:00"
"[U:1:1105695355]"	"https://avatars.steamstatic.com/0f8c5b982f00f4bffbe10b62e5c80de9acebce62_full.jpg"	"2026-09-05T21:29:23.555753+00:00"
"[U:1:1014725955]"	"https://avatars.steamstatic.com/b1a3b51477ec5c2711711fd67f971d19e590d8e8_full.jpg"	"2026-09-05T21:29:23.555753+00:00"
"[U:1:260171268]"	"https://avatars.steamstatic.com/ec6484bb550aef4e74dc78c6061f82bf3df56584_full.jpg"	"2026-09-05T21:29:23.555753+00:00"
"[U:1:1164402465]"	"https://avatars.steamstatic.com/b67d66bf4a41cbfb69f016422d8476abcc2669b0_full.jpg"	"2026-09-05T21:29:23.555753+00:00"
"[U:1:9747585]"	"https://avatars.steamstatic.com/cb2f22f4722021d7f2edf94155cfcb3383ca30f7_full.jpg"	"2026-09-05T21:29:23.555753+00:00"
